id,set_name,number,rarity,character,title,popularity,popularity_factor,value_yuan
2985,NS-01,001,SSR,Inori Yuzuriha,Guilty Crown,common,1.02,2.55
2986,NS-01,002,SSR,Shana,Shakugan no Shana,common,1.03,2.58
2987,NS-01,003,SSR,Nia Teppelin,Gurren Lagann,common,1.00,2.50
2988,NS-01,004,SSR,Kurumi Tokisaki,Date A Live,common,1.04,2.60
2989,NS-01,005,SSR,Hatsune Miku,Vocaloid,common,1.03,2.58
2990,NS-01,006,SSR,Madoka Kaname,Puella Magi Madoka Magica,common,1.02,2.55
2991,NS-01,007,SSR,Kurisu Makise,Steins; Gate,epic,3.91,9.78
2992,NS-01,008,SSR,Luo Tianyi,Vocaloid,common,1.03,2.58
2993,NS-01,009,SSR,Haruhi Suzumiya,The Melancholy of Haruhi Suzumiya,common,1.00,2.50
2994,NS-01,010,SSR,Misaka Mikoto,A Certain Magical Index (Toaru Kagaku no Railgun),common,1.01,2.53
2995,NS-01,011,SSR,Mikasa Ackerman,Attack on Titan,epic,3.33,8.32
2996,NS-01,012,SSR,Kaguya Shinomiya,Kaguya-sama: Love is War,epic,3.50,8.75
2997,NS-01,013,SSR,Boa Hancock,One Piece,epic,3.74,9.35
2998,NS-01,014,SSR,C.C.,Code Geass,common,1.04,2.60
2999,NS-01,015,SSR,Asuna Yuuki,Sword Art Online,legendary,12.90,32.25
3000,NS-01,016,SSR,Maki Nishikino,Love Live!,common,1.01,2.53
3001,NS-01,017,SSR,Artoria Pendragon (Saber),Fate Series,common,1.03,2.58
3002,NS-01,018,SSR,Asuka Shikinami Langley,Evangelion,common,1.05,2.63
3003,NS-01,019,SR,Violet Evergarden,Violet Evergarden,common,1.04,0.10
3004,NS-01,020,SR,Rikka Takanashi,"Love, Chunibyo & Other Delusions!",common,1.00,0.10
3005,NS-01,021,SR,Kotori Itsuka,Date A Live,common,1.05,0.11
3006,NS-01,022,SR,Kagura,Gintama,common,1.03,0.10
3007,NS-01,023,SR,Tatsumaki,One Punch Man,epic,4.23,0.42
3008,NS-01,024,SR,Lucy Heartfilia,Fairy Tail,common,1.01,0.10
3009,NS-01,025,SR,Yukino Yukinoshita,My Youth Romantic Comedy Is Wrong As I Expected,common,1.00,0.10
3010,NS-01,026,SR,Kaori Miyazono,Your Lie in April,common,1.01,0.10
3011,NS-01,027,SR,Misa Amane,Death Note,epic,3.29,0.33
3012,NS-01,028,SR,Zero Two,Darling in the Franxx,epic,4.29,0.43
3013,NS-01,029,SR,Takagi-san,Teasing Master Takagi-san,common,1.02,0.10
3014,NS-01,030,SR,Kikyou,Inuyasha,common,1.05,0.11
3015,NS-01,031,SR,Mai Sakurajima,Rascal Does Not Dream Of Bunny Girl Senpai,common,1.01,0.10
3016,NS-01,032,SR,Kagamine Rin,Vocaloid,common,1.05,0.11
3017,NS-01,033,SR,Sakura Kinomoto,Cardcaptor Sakura,common,1.02,0.10
3018,NS-01,034,SR,Akemi Homura,Puella Magi Madoka Magica,common,1.05,0.11
3019,NS-01,035,SR,Hatsune Miku,Vocaloid,common,1.02,0.10
3020,NS-01,036,SR,Usagi Tsukino (Sailor Moon),Sailor Moon,common,1.02,0.10
3021,NS-01,037,SR,Eriri Spencer Sawamura,Saekano: How to Raise a Boring Girlfriend,common,1.05,0.11
3022,NS-01,038,SR,Megurine Luka,Vocaloid,common,1.00,0.10
3023,NS-01,039,SR,Chika Fujiwara,Kaguya-sama: Love is War,epic,3.41,0.34
3024,NS-01,040,SR,Honghong Tushan,Fox Spirit Matchmaker,common,1.03,0.10
3025,NS-01,041,SR,Mumei,Kabaneri of the Iron Fortress,epic,3.51,0.35
3026,NS-01,042,SR,Nezuko Kamado,Demon Slayer (Kimetsu no Yaiba),epic,3.52,0.35
3027,NS-01,043,SR,Luo Tianyi (Tanabata),Vocaloid,common,1.00,0.10
3028,NS-01,044,SR,Platelet,Cells at Work!,common,1.02,0.10
3029,NS-01,045,SR,Lacus Clyne,Gundam,common,1.00,0.10
3030,NS-01,046,SR,Umaru Doma,Himouto! Umaru-chan,common,1.04,0.10
3031,NS-01,047,SR,Rize Kamishiro,Tokyo Ghoul,rare,2.00,0.20
3032,NS-01,048,SR,Alice Zuberg,Sword Art Online,rare,1.54,0.15
3033,NS-01,049,SR,Rem,Re:Zero,epic,4.22,0.42
3034,NS-01,050,SR,Meiko,Vocaloid,common,1.02,0.10
3035,NS-01,051,SR,Albedo,Overlord,common,1.03,0.10
3036,NS-01,052,SR,Umi Sonoda,Love Live!,common,1.00,0.10
3037,NS-01,053,SR,Rei Ayanami,Evangelion,common,1.02,0.10
3038,NS-01,054,SR,Kanade Tachibana,Angel Beats!,common,1.03,0.10
3039,NS-01,055,R,Ayase Shinomiya,Guilty Crown,common,1.02,0.01
3040,NS-01,056,R,Yuezheng Ling,VSinger,common,1.00,0.01
3041,NS-01,057,R,Yanhe,VSinger,common,1.05,0.01
3042,NS-01,058,R,Shinka Nibutani,"Love, Chunibyo & Other Delusions!",common,1.03,0.01
3043,NS-01,059,R,Tohka Yatogami,Date A Live,common,1.04,0.01
3044,NS-01,060,R,Tenka Yatogami,Date A Live,common,1.02,0.01
3045,NS-01,061,R,Yoshino Himekawa,Date A Live,common,1.00,0.01
3046,NS-01,062,R,Genkai,Yu Yu Hakusho,rare,1.78,0.02
3047,NS-01,063,R,Kasane Teto,Vocaloid,common,1.05,0.01
3048,NS-01,064,R,Mashiro Shiina,The Pet Girl of Sakurasou,common,1.02,0.01
3049,NS-01,065,R,Tae Shimura,Gintama,common,1.05,0.01
3050,NS-01,066,R,Ayame Sarutobi,Gintama,common,1.04,0.01
3051,NS-01,067,R,Shirakami Fubuki,Hololive,common,1.03,0.01
3052,NS-01,068,R,Tsukuyo,Gintama,common,1.03,0.01
3053,NS-01,069,R,Hiyori Iki,Noragami,common,1.03,0.01
3054,NS-01,070,R,Erza Scarlet,Fairy Tail,common,1.00,0.01
3055,NS-01,071,R,Nino Nakano,The Quintessential Quintuplets,common,1.02,0.01
3056,NS-01,072,R,Ichika Nakano,The Quintessential Quintuplets,common,1.05,0.01
3057,NS-01,073,R,Miku Nakano,The Quintessential Quintuplets,common,1.05,0.01
3058,NS-01,074,R,Yotsuba Nakano,The Quintessential Quintuplets,common,1.03,0.01
3059,NS-01,075,R,Itsuki Nakano,The Quintessential Quintuplets,common,1.05,0.01
3060,NS-01,076,R,Yui Yuigahama,My Youth Romantic Comedy Is Wrong As I Expected,common,1.02,0.01
3061,NS-01,077,R,Chitoge Kirisaki,Nisekoi,common,1.02,0.01
3062,NS-01,078,R,Kosaki Onodera,Nisekoi,common,1.02,0.01
3063,NS-01,079,R,Megumin,God's Blessing on this Wonderful World! (KonoSuba),epic,4.17,0.04
3064,NS-01,080,R,Aqua,God's Blessing on this Wonderful World! (KonoSuba),epic,3.93,0.04
3065,NS-01,081,R,Yoko Littner,Gurren Lagann,common,1.03,0.01
3066,NS-01,082,R,Rukia Kuchiki,Bleach,epic,4.04,0.04
3067,NS-01,083,R,Orihime Inoue,Bleach,epic,3.28,0.03
3068,NS-01,084,R,Megumi Tadokoro,Food Wars! Shokugeki no Soma,common,1.00,0.01
3069,NS-01,085,R,Yui Hirasawa,K-On!,common,1.04,0.01
3070,NS-01,086,R,Mio Akiyama,K-On!,common,1.01,0.01
3071,NS-01,087,R,Ritsu Tainaka,K-On!,common,1.04,0.01
3072,NS-01,088,R,Tsumugi Kotobuki,K-On!,common,1.02,0.01
3073,NS-01,089,R,Azusa Nakano,K-On!,common,1.03,0.01
3074,NS-01,090,R,Rio Futaba,Rascal Does Not Dream Of Bunny Girl Senpai,common,1.04,0.01
3075,NS-01,091,R,Kokomi Teruhashi,The Disastrous Life of Saiki K,rare,1.63,0.02
3076,NS-01,092,R,Shinobu Kochou,Demon Slayer (Kimetsu no Yaiba),epic,3.04,0.03
3077,NS-01,093,R,Mitsuha Miyamizu,Your Name,common,1.05,0.01
3078,NS-01,094,R,Tomoyo Daidouji,Cardcaptor Sakura,common,1.00,0.01
3079,NS-01,095,R,Sayaka Miki,Puella Magi Madoka Magica,common,1.02,0.01
3080,NS-01,096,R,Mami Tomoe,Puella Magi Madoka Magica,common,1.05,0.01
3081,NS-01,097,R,Kyouko Sakura,Puella Magi Madoka Magica,common,1.00,0.01
3082,NS-01,098,R,Nanaho Takamachi,Magical Girl Lyrical Nanoha,common,1.02,0.01
3083,NS-01,099,R,Fate Testarossa,Magical Girl Lyrical Nanoha,common,1.03,0.01
3084,NS-01,100,R,Mayuri Shiina,Steins; Gate,rare,1.66,0.02
3085,NS-01,101,R,Sakura Haruno,Naruto Series,epic,4.20,0.04
3086,NS-01,102,R,Luo Tianyi,Vocaloid,common,1.01,0.01
3087,NS-01,103,R,Ami Mizuno (Sailor Mercury),Sailor Moon,common,1.02,0.01
3088,NS-01,104,R,Rei Hino (Sailor Mars),Sailor Moon,common,1.01,0.01
3089,NS-01,105,R,Megumi Kato,Saekano: How to Raise a Boring Girlfriend,common,1.04,0.01
3090,NS-01,106,R,Utaha Kasumigaoka,Saekano: How to Raise a Boring Girlfriend,common,1.00,0.01
3091,NS-01,107,R,Michiru Hyodo,Saekano: How to Raise a Boring Girlfriend,common,1.03,0.01
3092,NS-01,108,R,Izumi Hashima,Saekano: How to Raise a Boring Girlfriend,common,1.02,0.01
3093,NS-01,109,R,Yuki Nagato,The Melancholy of Haruhi Suzumiya,common,1.03,0.01
3094,NS-01,110,R,Tomoe Yukishiro,Rurouni Kenshin,common,1.03,0.01
3095,NS-01,111,R,Shiki Ryougi,Kara no Kyoukai,common,1.02,0.01
3096,NS-01,112,R,Kuroko Shirai,A Certain Magical Index (Toaru Kagaku no Railgun),common,1.04,0.01
3097,NS-01,113,R,Uiharu Kazari,A Certain Magical Index (Toaru Kagaku no Railgun),common,1.00,0.01
3098,NS-01,114,R,Ruiko Saten,A Certain Magical Index (Toaru Kagaku no Railgun),common,1.03,0.01
3099,NS-01,115,R,Mirai Kuriyama,Beyond the Boundary,common,1.01,0.01
3100,NS-01,116,R,Mitsuki Nase,Beyond the Boundary,common,1.05,0.01
3101,NS-01,117,R,Kagura Mea,VTuber,common,1.05,0.01
3102,NS-01,118,R,Miko Iino,Kaguya-sama: Love is War,epic,3.72,0.04
3103,NS-01,119,R,Ai Hayasaka,Kaguya-sama: Love is War,epic,4.81,0.05
3104,NS-01,120,R,Akame,Akame Ga Kill!,rare,1.64,0.02
3105,NS-01,121,R,Susu Tushan,Fox Spirit Matchmaker,common,1.02,0.01
3106,NS-01,122,R,Minato Aqua,Hololive,common,1.03,0.01
3107,NS-01,123,R,Ino Yamanaka,Naruto Series,epic,4.55,0.05
3108,NS-01,124,R,Luo Tianyi,Vocaloid,common,1.04,0.01
3109,NS-01,125,R,Calne Ca,Vocaloid,common,1.02,0.01
3110,NS-01,126,R,Rena Ryugu,When they Cry (Higurashi no Naku Koro ni),common,1.01,0.01
3111,NS-01,127,R,Hatsune Miku,Vocaloid,common,1.04,0.01
3112,NS-01,128,R,Natsuiro Matsuri,Hololive,common,1.02,0.01
3113,NS-01,129,R,Euphemia Li Britannia,Code Geass,common,1.02,0.01
3114,NS-01,130,R,Hanabi Hyuga,Naruto Series,epic,4.64,0.05
3115,NS-01,131,R,Raphtalia,The Rising of the Shield Hero,epic,3.25,0.03
3116,NS-01,132,R,Filo,The Rising of the Shield Hero,rare,1.77,0.02
3117,NS-01,133,R,Touka Kirishima,Tokyo Ghoul,rare,1.97,0.02
3118,NS-01,134,R,Suguha Kirigaya,Sword Art Online,rare,1.89,0.02
3119,NS-01,135,R,Shino Asada,Sword Art Online,rare,1.62,0.02
3120,NS-01,136,R,Konno Yuuki,Sword Art Online,rare,1.59,0.02
3121,NS-01,137,R,Emilia,Re:Zero,epic,3.71,0.04
3122,NS-01,138,R,Ram,Re:Zero,epic,3.53,0.04
3123,NS-01,139,R,Shalltear,Overlord,common,1.03,0.01
3124,NS-01,140,R,Hatsune Miku,Vocaloid,common,1.04,0.01
3125,NS-01,141,R,Kotori Minami,Love Live!,common,1.03,0.01
3126,NS-01,142,R,Honoka Kousaka,Love Live!,common,1.03,0.01
3127,NS-01,143,R,Eli Ayase,Love Live!,common,1.01,0.01
3128,NS-01,144,R,Nozomi Tojo,Love Live!,common,1.05,0.01
3129,NS-01,145,R,Rin Hoshizora,Love Live!,common,1.03,0.01
3130,NS-01,146,R,Hanayo Koizumi,Love Live!,common,1.02,0.01
3131,NS-01,147,R,Nico Yazawa,Love Live!,common,1.01,0.01
3132,NS-01,148,R,Rin Tohsaka,Fate Series,common,1.04,0.01
3133,NS-01,149,R,Sakura Matou,Fate Series,common,1.03,0.01
3134,NS-01,150,R,Illyasviel von Einzbern,Fate Series,common,1.04,0.01
3135,NS-01,151,R,Jeanne d'Arc (Alter),Fate Series,common,1.03,0.01
3136,NS-01,152,R,Mari Makinami Illustrious,Evangelion,common,1.01,0.01
3137,NS-01,153,R,Nao Tomori,Charlotte,common,1.00,0.01
3138,NS-01,154,R,Yuri Nakamura,Angel Beats!,common,1.03,0.01
3139,NS-02,001,SSR,Asuka Shikinami Langley,Evangelion,common,1.04,2.60
3140,NS-02,002,SSR,Misato Katsuragi,Evangelion,common,1.02,2.55
3141,NS-02,003,SSR,Megumi Kato,Saekano: How to Raise a Boring Girlfriend,common,1.02,2.55
3142,NS-02,004,SSR,Kanade Tachibana,Angel Beats!,common,1.00,2.50
3143,NS-02,005,SSR,Mirai Kuriyama,Beyond the Boundary,common,1.03,2.58
3144,NS-02,006,SSR,Shiki Ryougi,Kara no Kyoukai,common,1.03,2.58
3145,NS-02,007,SSR,Mashu Kyrielight,Fate Series,common,1.00,2.50
3146,NS-02,008,SSR,Meiko Honma,The Flower We Saw That Day,common,1.04,2.60
3147,NS-02,009,SSR,Kurisu Makise,Steins; Gate,epic,4.66,11.65
3148,NS-02,010,SSR,Nero Claudius,Fate Series,common,1.04,2.60
3149,NS-02,011,SSR,Shinobu Oshino,Monogatari Series,common,1.05,2.63
3150,NS-02,012,SSR,Violet Evergarden,Violet Evergarden,common,1.00,2.50
3151,NS-02,013,SSR,Mumei,Kabaneri of the Iron Fortress,epic,3.03,7.57
3152,NS-02,014,SSR,Shana,Shakugan no Shana,common,1.01,2.53
3153,NS-02,015,SSR,Rikka Takanashi,"Love, Chunibyo & Other Delusions!",common,1.00,2.50
3154,NS-02,016,SSR,Platelet,Cells at Work!,common,1.01,2.53
3155,NS-02,017,SSR,Mashiro Shiina,The Pet Girl of Sakurasou,common,1.02,2.55
3156,NS-02,018,SSR,Chiyo Sakura,Monthly Girl's Nozaki-kun,common,1.01,2.53
3157,NS-02,019,SR,2B,NieR: Automata,epic,4.09,0.41
3158,NS-02,020,SR,Rikka Takarada,SSSS.GRIDMAN,common,1.05,0.11
3159,NS-02,021,SR,Filo,The Rising of the Shield Hero,rare,1.69,0.17
3160,NS-02,022,SR,Taiga Aisaka,Toradora,common,1.00,0.10
3161,NS-02,023,SR,Takagi-san,Teasing Master Takagi-san,common,1.04,0.10
3162,NS-02,024,SR,Holo,Spice & Wolf,common,1.04,0.10
3163,NS-02,025,SR,Hestia,Is It Wrong to Try to Pick Up Girls in a Dungeon?,common,1.01,0.10
3164,NS-02,026,SR,Megumin,God's Blessing on this Wonderful World! (KonoSuba),epic,3.24,0.32
3165,NS-02,027,SR,Louise,The Familiar of Zero,common,1.05,0.11
3166,NS-02,028,SR,Sayaka Miki,Puella Magi Madoka Magica,common,1.02,0.10
3167,NS-02,029,SR,Nezuko Kamado,Demon Slayer (Kimetsu no Yaiba),epic,4.60,0.46
3168,NS-02,030,SR,Kyou Fujibayashi,Clannad,common,1.05,0.11
3169,NS-02,031,SR,Tohru,Miss Kobayashi's Dragon Maid,epic,3.21,0.32
3170,NS-02,032,SR,Yukino Yukinoshita,My Youth Romantic Comedy Is Wrong As I Expected,common,1.05,0.11
3171,NS-02,033,SR,Inori Yuzuriha,Guilty Crown,common,1.01,0.10
3172,NS-02,034,SR,Yami,To LOVE-Ru,common,1.00,0.10
3173,NS-02,035,SR,Illyasviel von Einzbern,Fate Series,common,1.05,0.11
3174,NS-02,036,SR,Misaka Mikoto,A Certain Magical Index (Toaru Kagaku no Railgun),common,1.03,0.10
3175,NS-02,037,SR,Popura Taneshima,Working!!,common,1.02,0.10
3176,NS-02,038,SR,Reimu Hakurei,Touhou Project,common,1.04,0.10
3177,NS-02,039,SR,Remilia Scarlet,Touhou Project,common,1.01,0.10
3178,NS-02,040,SR,Flandre Scarlet,Touhou Project,common,1.02,0.10
3179,NS-02,041,SR,Sakuya Izayoi,Touhou Project,common,1.03,0.10
3180,NS-02,042,SR,Hong Meiling,Touhou Project,common,1.01,0.10
3181,NS-02,043,SR,Suika Ibuki,Touhou Project,common,1.02,0.10
3182,NS-02,044,SR,Kaguya Shinomiya,Kaguya-sama: Love is War,epic,4.67,0.47
3183,NS-02,045,SR,Chika Fujiwara,Kaguya-sama: Love is War,epic,3.93,0.39
3184,NS-02,046,SR,Miko Iino,Kaguya-sama: Love is War,epic,3.72,0.37
3185,NS-02,047,SR,Ai Hayasaka,Kaguya-sama: Love is War,epic,3.00,0.30
3186,NS-02,048,SR,Kei Shirogane,Kaguya-sama: Love is War,epic,3.60,0.36
3187,NS-02,049,SR,Konata Izumi,Lucky☆Star,common,1.04,0.10
3188,NS-02,050,SR,Kagami Hiiragi,Lucky☆Star,common,1.02,0.10
3189,NS-02,051,SR,Tsukasa Hiiragi,Lucky☆Star,common,1.03,0.10
3190,NS-02,052,SR,Miyuki Takara,Lucky☆Star,common,1.00,0.10
3191,NS-02,053,SR,Sagiri Izumi,Eromanga Sensei,common,1.03,0.10
3192,NS-02,054,SR,Elf Yamada,Eromanga Sensei,common,1.00,0.10
3193,NS-02,055,R,Zero Two,Darling in the Franxx,epic,4.96,0.05
3194,NS-02,056,R,Asseylum Vers Allusia,Aldnoah.Zero,common,1.04,0.01
3195,NS-02,057,R,Esdeath,Akame Ga Kill!,epic,3.13,0.03
3196,NS-02,058,R,Aki Adagaki,Masamune-kun's Revenge,common,1.02,0.01
3197,NS-02,059,R,Celestia Ludenberg,Danganronpa,common,1.05,0.01
3198,NS-02,060,R,Shimakaze,Kantai Collection,common,1.03,0.01
3199,NS-02,061,R,D.Va,Overwatch,common,1.04,0.01
3200,NS-02,062,R,Black Rock Shooter,Black Rock Shooter,common,1.01,0.01
3201,NS-02,063,R,Hime Goto,Kakushigoto,common,1.02,0.01
3202,NS-02,064,R,Chtholly Nota Seniorious,WorldEnd: What do you do at the end of the world? Are you busy? Will you save us?,common,1.00,0.01
3203,NS-02,065,R,Ram,Re:Zero,epic,3.58,0.04
3204,NS-02,066,R,Lillie,Pokemon,common,1.04,0.01
3205,NS-02,067,R,Luo Tianyi,Vocaloid,common,1.04,0.01
3206,NS-02,068,R,Eru Chitanda,Hyouka,common,1.00,0.01
3207,NS-02,069,R,Mikasa Ackerman,Attack on Titan,epic,3.45,0.03
3208,NS-02,070,R,Erio Touwa,Ground Control to Psychoelectric Girl,common,1.00,0.01
3209,NS-02,071,R,Ruri Gokou,OreImo,common,1.00,0.01
3210,NS-02,072,R,Atsuko Kagari,Little Witch Academia,common,1.01,0.01
3211,NS-02,073,R,Aria H Kanzaki,Aria the Scarlet Ammo,common,1.03,0.01
3212,NS-02,074,R,Kotoko Iwanaga,In/Spectre,common,1.00,0.01
3213,NS-02,075,R,Elaina,The Journey of Elaina,common,1.00,0.01
3214,NS-02,076,R,Mai Sakurajima,Rascal Does Not Dream Of Bunny Girl Senpai,common,1.04,0.01
3215,NS-02,077,R,Yui Yuigahama,My Youth Romantic Comedy Is Wrong As I Expected,common,1.03,0.01
3216,NS-02,078,R,Rin Tohsaka,Fate Series,common,1.01,0.01
3217,NS-02,079,R,Yuki Nagato,The Melancholy of Haruhi Suzumiya,common,1.00,0.01
3218,NS-02,080,R,Rory Mercury,GATE,common,1.05,0.01
3219,NS-02,081,R,Yozuru Kagenui,Monogatari Series,common,1.05,0.01
3220,NS-02,082,R,Izuko Gaen,Monogatari Series,common,1.02,0.01
3221,NS-02,083,R,C.C.,Code Geass,common,1.03,0.01
3222,NS-02,084,R,Euphemia Li Britannia,Code Geass,common,1.04,0.01
3223,NS-02,085,R,Ai Hinatsuru,The Ryuo's Work is Never Done,common,1.01,0.01
3224,NS-02,086,R,Ginko Sora,The Ryuo's Work is Never Done,common,1.03,0.01
3225,NS-02,087,R,Sakura Kinomoto,Cardcaptor Sakura,common,1.05,0.01
3226,NS-02,088,R,Tomoyo Daidouji,Cardcaptor Sakura,common,1.04,0.01
3227,NS-02,089,R,Akagi,Azur Lane,common,1.03,0.01
3228,NS-02,090,R,Kaga,Azur Lane,common,1.03,0.01
3229,NS-02,091,R,Kyouka Hikawa,Princess Connect Re:Dive,common,1.02,0.01
3230,NS-02,092,R,Kokoro Natsume (Kokkoro),Princess Connect Re:Dive,common,1.02,0.01
3231,NS-02,093,R,Asuna Yuuki,Sword Art Online,legendary,14.27,0.14
3232,NS-02,094,R,Suguha Kirigaya,Sword Art Online,rare,1.62,0.02
3233,NS-02,095,R,Marisa Kirisame,Touhou Project,common,1.05,0.01
3234,NS-02,096,R,Alice Margatroid,Touhou Project,common,1.03,0.01
3235,NS-02,097,R,Ran Yakumo,Touhou Project,common,1.01,0.01
3236,NS-02,098,R,Yuyuko Saigyouji,Touhou Project,common,1.02,0.01
3237,NS-02,099,R,Youmu Konpaku,Touhou Project,common,1.02,0.01
3238,NS-02,100,R,Honoka Kousaka,Love Live!,common,1.04,0.01
3239,NS-02,101,R,Kotori Minami,Love Live!,common,1.01,0.01
3240,NS-02,102,R,Umi Sonoda,Love Live!,common,1.02,0.01
3241,NS-02,103,R,Eli Ayase,Love Live!,common,1.02,0.01
3242,NS-02,104,R,Nozomi Tojo,Love Live!,common,1.01,0.01
3243,NS-02,105,R,Maki Nishikino,Love Live!,common,1.01,0.01
3244,NS-02,106,R,Rin Hoshizora,Love Live!,common,1.03,0.01
3245,NS-02,107,R,Hanayo Koizumi,Love Live!,common,1.02,0.01
3246,NS-02,108,R,Nico Yazawa,Love Live!,common,1.00,0.01
3247,NS-02,109,R,Chika Takami,Love Live!,common,1.02,0.01
3248,NS-02,110,R,Riko Sakurauchi,Love Live!,common,1.05,0.01
3249,NS-02,111,R,Kanan Matsuura,Love Live!,common,1.04,0.01
3250,NS-02,112,R,Dia Kurosawa,Love Live!,common,1.03,0.01
3251,NS-02,113,R,You Watanabe,Love Live!,common,1.00,0.01
3252,NS-02,114,R,Yoshiko Tsushima,Love Live!,common,1.03,0.01
3253,NS-02,115,R,Hanamaru Kunikida,Love Live!,common,1.05,0.01
3254,NS-02,116,R,Mari Ohara,Love Live!,common,1.01,0.01
3255,NS-02,117,R,Ruby Kurosawa,Love Live!,common,1.02,0.01
3256,NS-02,118,R,Ayumu Uehara,Love Live!,common,1.00,0.01
3257,NS-02,119,R,Kasumi Nakasu,Love Live!,common,1.01,0.01
3258,NS-02,120,R,Shizuku Osaka,Love Live!,common,1.00,0.01
3259,NS-02,121,R,Karin Asaka,Love Live!,common,1.04,0.01
3260,NS-02,122,R,Ai Miyashita,Love Live!,common,1.02,0.01
3261,NS-02,123,R,Kanata Konoe,Love Live!,common,1.00,0.01
3262,NS-02,124,R,Emma Verde,Love Live!,common,1.05,0.01
3263,NS-02,125,R,Setsuna Yuuki,Love Live!,common,1.04,0.01
3264,NS-02,126,R,Rina Tennouji,Love Live!,common,1.00,0.01
3265,NS-03,001,SSR,Zero Two,Darling in the Franxx,epic,3.73,9.32
3266,NS-03,002,SSR,Kaori Miyazono,Your Lie in April,common,1.02,2.55
3267,NS-03,003,SSR,Shiro,No Game No Life,rare,1.60,4.00
3268,NS-03,004,SSR,Amiya,Arknights,common,1.04,2.60
3269,NS-03,005,SSR,Keqing,Genshin Impact,common,1.05,2.63
3270,NS-03,006,SSR,Alice Zuberg,Sword Art Online,rare,1.86,4.65
3271,NS-03,007,SSR,Kaguya Shinomiya,Kaguya-sama: Love is War,epic,4.70,11.75
3272,NS-03,008,SSR,Akemi Homura,Puella Magi Madoka Magica,common,1.02,2.55
3273,NS-03,009,SSR,Asuna Yuuki,Sword Art Online,legendary,12.77,31.92
3274,NS-03,010,SSR,Rin Tohsaka,Fate Series,common,1.01,2.53
3275,NS-03,011,SSR,Sakura Matou,Fate Series,common,1.02,2.55
3276,NS-03,012,SSR,Violet Evergarden,Violet Evergarden,common,1.05,2.63
3277,NS-03,013,SSR,Kanna Kamui,Miss Kobayashi's Dragon Maid,epic,4.20,10.50
3278,NS-03,014,SSR,Ranko Kanzaki,The Idolm@ster,common,1.03,2.58
3279,NS-03,015,SSR,Umaru Doma,Himouto! Umaru-chan,common,1.04,2.60
3280,NS-03,016,SSR,Eris Boreas Greyrat,Mushoku Tensei: Jobless Reincarnation,rare,1.60,4.00
3281,NS-03,017,SSR,Platelet,Cells at Work!,common,1.04,2.60
3282,NS-03,018,SSR,Chiyo Sakura,Monthly Girl's Nozaki-kun,common,1.04,2.60
3283,NS-03,019,SR,2B,NieR: Automata,epic,3.94,0.39
3284,NS-03,020,SR,Altair,Re:CREATORS,common,1.01,0.10
3285,NS-03,021,SR,Mikuru Asahina,The Melancholy of Haruhi Suzumiya,common,1.03,0.10
3286,NS-03,022,SR,Eve,Gundam Build Divers Re:Rise,common,1.05,0.11
3287,NS-03,023,SR,Fumino Furuhashi,We Never Learn!: Bokuben,common,1.01,0.10
3288,NS-03,024,SR,Shinobu Kochou,Demon Slayer (Kimetsu no Yaiba),epic,3.81,0.38
3289,NS-03,025,SR,Ginko Sora,The Ryuo's Work is Never Done,common,1.02,0.10
3290,NS-03,026,SR,Lillie,Pokemon,common,1.05,0.11
3291,NS-03,027,SR,Ristarte,The Hero is Overpowered but Overly Cautious,epic,3.18,0.32
3292,NS-03,028,SR,Kanao Tsuyuri,Demon Slayer (Kimetsu no Yaiba),epic,3.71,0.37
3293,NS-03,029,SR,Lyria,Granblue Fantasy,common,1.03,0.10
3294,NS-03,030,SR,Meidri,Interspecies Reviewers,common,1.04,0.10
3295,NS-03,031,SR,Abigail Williams,Fate Series,common,1.05,0.11
3296,NS-03,032,SR,Mashu Kyrielight,Fate Series,common,1.00,0.10
3297,NS-03,033,SR,Jeanne d'Arc,Fate Series,common,1.00,0.10
3298,NS-03,034,SR,Medusa,Fate Series,common,1.00,0.10
3299,NS-03,035,SR,Meiko Honma,The Flower We Saw That Day,common,1.00,0.10
3300,NS-03,036,SR,Rosa,Pokemon,common,1.01,0.10
3301,NS-03,037,SR,Shouko Makinohara,Rascal Does Not Dream Of Bunny Girl Senpai,common,1.00,0.10
3302,NS-03,038,SR,Nyaruko,Nyaruko: Crawling with Love!,common,1.00,0.10
3303,NS-03,039,SR,Yui Hirasawa,K-On!,common,1.00,0.10
3304,NS-03,040,SR,Konata Izumi,Lucky☆Star,common,1.01,0.10
3305,NS-03,041,SR,Rachel Gardner,Angels of Death,common,1.05,0.11
3306,NS-03,042,SR,Aoi Yamada,Working!!,common,1.02,0.10
3307,NS-03,043,SR,Erio Touwa,Ground Control to Psychoelectric Girl,common,1.03,0.10
3308,NS-03,044,SR,Yukino Yukinoshita,My Youth Romantic Comedy Is Wrong As I Expected,common,1.05,0.11
3309,NS-03,045,SR,Iroha Isshiki,My Youth Romantic Comedy Is Wrong As I Expected,common,1.05,0.11
3310,NS-03,046,SR,Youmu Konpaku,Touhou Project,common,1.00,0.10
3311,NS-03,047,SR,Marisa Kirisame,Touhou Project,common,1.04,0.10
3312,NS-03,048,SR,Tae Yamada,Zombieland Saga,common,1.01,0.10
3313,NS-03,049,SR,Sakura Minamoto,Zombieland Saga,common,1.02,0.10
3314,NS-03,050,SR,Saki Nikaidou,Zombieland Saga,common,1.05,0.11
3315,NS-03,051,SR,Ai Mizuno,Zombieland Saga,common,1.01,0.10
3316,NS-03,052,SR,Junko Konno,Zombieland Saga,common,1.00,0.10
3317,NS-03,053,SR,Yuugiri,Zombieland Saga,common,1.02,0.10
3318,NS-03,054,SR,Lily Hoshikawa,Zombieland Saga,common,1.01,0.10
3319,NS-03,055,R,D.Va,Overwatch,common,1.01,0.01
3320,NS-03,056,R,Sakuya Izayoi,Touhou Project,common,1.03,0.01
3321,NS-03,057,R,Alice Margatroid,Touhou Project,common,1.05,0.01
3322,NS-03,058,R,Aqua,God's Blessing on this Wonderful World! (KonoSuba),epic,3.21,0.03
3323,NS-03,059,R,Kuroko Shirai,A Certain Magical Index (Toaru Kagaku no Railgun),common,1.01,0.01
3324,NS-03,060,R,Tamako Kitashirakawa,Tamako Market,common,1.04,0.01
3325,NS-03,061,R,Beatrice,Re:Zero,epic,4.99,0.05
3326,NS-03,062,R,Taiga Aisaka,Toradora,common,1.05,0.01
3327,NS-03,063,R,Kirino Kousaka,OreImo,common,1.04,0.01
3328,NS-03,064,R,Megumi Kato,Saekano: How to Raise a Boring Girlfriend,common,1.04,0.01
3329,NS-03,065,R,Mei Misaki,Another,common,1.01,0.01
3330,NS-03,066,R,Raphtalia,The Rising of the Shield Hero,epic,4.41,0.04
3331,NS-03,067,R,Mikasa Ackerman,Attack on Titan,epic,4.09,0.04
3332,NS-03,068,R,Rikka Takanashi,"Love, Chunibyo & Other Delusions!",common,1.04,0.01
3333,NS-03,069,R,Inori Yuzuriha,Guilty Crown,common,1.02,0.01
3334,NS-03,070,R,Illyasviel von Einzbern,Fate Series,common,1.05,0.01
3335,NS-03,071,R,Yui Yuigahama,My Youth Romantic Comedy Is Wrong As I Expected,common,1.04,0.01
3336,NS-03,072,R,Mashiro Shiina,The Pet Girl of Sakurasou,common,1.02,0.01
3337,NS-04,001,SSR,Melusine,Fate Series,common,1.02,2.55
3338,NS-04,002,SSR,Reze,Chainsaw Man,epic,4.38,10.95
3339,NS-04,003,SSR,Kugisaki Nobara,Jujutsu Kaisen,epic,3.22,8.05
3340,NS-04,004,SSR,Mamako Oosuki,Do You Love Your Mom and Her Two-Hit Multi-Target Attacks?,common,1.01,2.53
3341,NS-04,005,SSR,Special Week,Uma Musume Pretty Derby,common,1.05,2.63
3342,NS-04,006,SSR,Tohru,Miss Kobayashi's Dragon Maid,epic,4.08,10.20
3343,NS-04,007,SSR,Jean,Genshin Impact,common,1.02,2.55
3344,NS-04,008,SSR,Barbara,Genshin Impact,common,1.05,2.63
3345,NS-04,009,SSR,Sakura Minamoto,Zombieland Saga,common,1.02,2.55
3346,NS-04,010,SSR,Neptune,Hyperdimension Neptunia,common,1.04,2.60
3347,NS-04,011,SSR,Eyjafjalla,Arknights,common,1.02,2.55
3348,NS-04,012,SSR,Saren Sasaki,Princess Connect Re:Dive,common,1.05,2.63
3349,NS-04,013,SSR,Hestia,Is It Wrong to Try to Pick Up Girls in a Dungeon?,common,1.03,2.58
3350,NS-04,014,SSR,Shiraori,"So I'm a Spider, So What?",common,1.04,2.60
3351,NS-04,015,SSR,Cheshire,Azur Lane,common,1.05,2.63
3352,NS-04,016,SSR,Leticia Draculea,"Problem Children Are Coming from Another World, Aren't They?",common,1.00,2.50
3353,NS-04,017,SSR,Nagisa Furukawa,Clannad,common,1.04,2.60
3354,NS-04,018,SSR,Hifumi Takimoto,New Game!,common,1.03,2.58
3355,NS-04,019,SR,Kyou Fujibayashi,Clannad,common,1.05,0.11
3356,NS-04,020,SR,Ryou Fujibayashi,Clannad,common,1.05,0.11
3357,NS-04,021,SR,Ryuu Lion,Is It Wrong to Try to Pick Up Girls in a Dungeon?,common,1.01,0.10
3358,NS-04,022,SR,Yuri Nakamura,Angel Beats!,common,1.03,0.10
3359,NS-04,023,SR,Yui,Angel Beats!,common,1.01,0.10
3360,NS-04,024,SR,Eri Shiina,Angel Beats!,common,1.00,0.10
3361,NS-04,025,SR,Alice Shimada,Girls Und Panzer,common,1.00,0.10
3362,NS-04,026,SR,Mika,Girls Und Panzer,common,1.04,0.10
3363,NS-04,027,SR,Darjeeling,Girls Und Panzer,common,1.05,0.11
3364,NS-04,028,SR,Mahiru Shiina,The Angel Next Door Spoils Me Rotten,common,1.03,0.10
3365,NS-04,029,SR,Yuki Takeya,School-Live!,common,1.02,0.10
3366,NS-04,030,SR,Yuuri Wakasa,School-Live!,common,1.04,0.10
3367,NS-04,031,SR,Karen Aijou,Revue Starlight,common,1.02,0.10
3368,NS-04,032,SR,Hikari Kagura,Revue Starlight,common,1.01,0.10
3369,NS-04,033,SR,Sen Yarizui,Ben-To,common,1.03,0.10
3370,NS-04,034,SR,Katarina Claes,My Next Life as A Villainness,common,1.01,0.10
3371,NS-04,035,SR,Valac Clara,Welcome to Demon School! Iruma-kun,common,1.04,0.10
3372,NS-04,036,SR,Cocoa Hoto,Is the Order a Rabbit?,common,1.00,0.10
3373,NS-04,037,SR,Junko Konno,Zombieland Saga,common,1.02,0.10
3374,NS-04,038,SR,Ai Mizuno,Zombieland Saga,common,1.03,0.10
3375,NS-04,039,SR,Saki Nikaidou,Zombieland Saga,common,1.05,0.11
3376,NS-04,040,SR,Noire,Hyperdimension Neptunia,common,1.03,0.10
3377,NS-04,041,SR,Vert,Hyperdimension Neptunia,common,1.01,0.10
3378,NS-04,042,SR,Blanc,Hyperdimension Neptunia,common,1.05,0.11
3379,NS-04,043,SR,Aria H Kanzaki,Aria the Scarlet Ammo,common,1.02,0.10
3380,NS-04,044,SR,Nian,Arknights,common,1.05,0.11
3381,NS-04,045,SR,Dusk,Arknights,common,1.03,0.10
3382,NS-04,046,SR,Kamisato Ayaka,Genshin Impact,common,1.01,0.10
3383,NS-04,047,SR,Yoimiya,Genshin Impact,common,1.04,0.10
3384,NS-04,048,SR,Kokomi Sangonomiya,Genshin Impact,common,1.02,0.10
3385,NS-04,049,SR,Siesta,The Detective is Already Dead,common,1.00,0.10
3386,NS-04,050,SR,Akame,Akame Ga Kill!,rare,1.76,0.18
3387,NS-04,051,SR,Kurome,Akame Ga Kill!,rare,1.52,0.15
3388,NS-04,052,SR,Teresa Wagner,Tada Never Falls in Love,common,1.02,0.10
3389,NS-04,053,SR,Miko Iino,Kaguya-sama: Love is War,epic,3.12,0.31
3390,NS-04,054,SR,Yuudachi,Kantai Collection,common,1.01,0.10
3391,NS-04,055,R,Morgan le Fay,Fate Series,common,1.05,0.01
3392,NS-04,056,R,Artoria Avalon,Fate Series,common,1.04,0.01
3393,NS-04,057,R,Shuna,That Time I Got Reincarnated as a Slime,epic,3.57,0.04
3394,NS-04,058,R,Shiki Ichinose,The Idolm@ster,common,1.04,0.01
3395,NS-04,059,R,Shihoru,Grimgar: Ashes and Illusions,common,1.02,0.01
3396,NS-04,060,R,Yume Minami,SSSS.DYNAZENON,common,1.04,0.01
3397,NS-04,061,R,Laffinty Fin E Ld Si,Lagrange: The Flower of Rin-ne,common,1.02,0.01
3398,NS-04,062,R,Shirayuki Himeji,Liar Liar,common,1.00,0.01
3399,NS-04,063,R,Albedo,Overlord,common,1.04,0.01
3400,NS-04,064,R,Ryuuko Matoi,Kill la Kill,epic,3.85,0.04
3401,NS-04,065,R,Satsuki Kiryuuin,Kill la Kill,epic,4.90,0.05
3402,NS-04,066,R,Princess Charlotte,Princess Principal,common,1.05,0.01
3403,NS-04,067,R,Mayano Top Gun,Uma Musume Pretty Derby,common,1.00,0.01
3404,NS-04,068,R,Haru Urara,Uma Musume Pretty Derby,common,1.02,0.01
3405,NS-04,069,R,Daiwa Scarlet,Uma Musume Pretty Derby,common,1.00,0.01
3406,NS-04,070,R,Suomi,Girls' Frontline,common,1.00,0.01
3407,NS-04,071,R,UMP45,Girls' Frontline,common,1.04,0.01
3408,NS-04,072,R,9A-91,Girls' Frontline,common,1.01,0.01
3409,NS-05,001,SSR,Kizuna AI,VTuber,common,1.03,2.58
3410,NS-05,002,SSR,Keke Tang,Love Live!,common,1.02,2.55
3411,NS-05,003,SSR,Kanon Shibuya,Love Live!,common,1.04,2.60
3412,NS-05,004,SSR,Mafuyu Kirisu,We Never Learn!: Bokuben,common,1.00,2.50
3413,NS-05,005,SSR,Kurumi Tokisaki,Date A Live,common,1.01,2.53
3414,NS-05,006,SSR,Yuri Nakamura,Angel Beats!,common,1.04,2.60
3415,NS-05,007,SSR,Kazusa Touma,White Album 2,common,1.03,2.58
3416,NS-05,008,SSR,Iroha Tamaki,Puella Magi Madoka Magica,common,1.02,2.55
3417,NS-05,009,SSR,Elaina,The Journey of Elaina,common,1.03,2.58
3418,NS-05,010,SSR,MK23,Girls' Frontline,common,1.05,2.63
3419,NS-05,011,SSR,Kyouka Hikawa,Princess Connect Re:Dive,common,1.01,2.53
3420,NS-05,012,SSR,Klee,Genshin Impact,common,1.04,2.60
3421,NS-05,013,SSR,Qiqi,Genshin Impact,common,1.03,2.58
3422,NS-05,014,SSR,Baobhan Sith,Fate Series,common,1.05,2.63
3423,NS-05,015,SSR,Silence Suzuka,Uma Musume Pretty Derby,common,1.02,2.55
3424,NS-05,016,SSR,Rinko Shirokane,BanG Dream!,common,1.00,2.50
3425,NS-05,017,SSR,Ako Udagawa,BanG Dream!,common,1.05,2.63
3426,NS-05,018,SSR,Reisalin Stout,Atelier Series,common,1.05,2.63
3427,NS-05,019,SR,Reimu Hakurei,Touhou Project,common,1.00,0.10
3428,NS-05,020,SR,Flandre Scarlet,Touhou Project,common,1.01,0.10
3429,NS-05,021,SR,Sanae Kochiya,Touhou Project,common,1.05,0.11
3430,NS-05,022,SR,Chiyomi Anzai,Girls Und Panzer,common,1.01,0.10
3431,NS-05,023,SR,Darjeeling,Girls Und Panzer,common,1.02,0.10
3432,NS-05,024,SR,Hana Isuzu,Girls Und Panzer,common,1.05,0.11
3433,NS-05,025,SR,Tomoyo Daidouji,Cardcaptor Sakura,common,1.03,0.10
3434,NS-05,026,SR,Destiny,Takt Op. Destiny,common,1.01,0.10
3435,NS-05,027,SR,Ginko Sora,The Ryuo's Work is Never Done,common,1.02,0.10
3436,NS-05,028,SR,Mikuru Asahina,The Melancholy of Haruhi Suzumiya,common,1.01,0.10
3437,NS-05,029,SR,Mayaka Ibara,Hyouka,common,1.03,0.10
3438,NS-05,030,SR,Albedo,Overlord,common,1.03,0.10
3439,NS-05,031,SR,Platelet,Cells at Work!,common,1.00,0.10
3440,NS-05,032,SR,Hitagi Senjougahara,Monogatari Series,common,1.01,0.10
3441,NS-05,033,SR,Kasumi Nakasu,Love Live!,common,1.04,0.10
3442,NS-05,034,SR,Chisato Arashi,Love Live!,common,1.02,0.10
3443,NS-05,035,SR,Sumire Heanna,Love Live!,common,1.02,0.10
3444,NS-05,036,SR,Ren Hazuki,Love Live!,common,1.00,0.10
3445,NS-05,037,SR,Angelina,Arknights,common,1.02,0.10
3446,NS-05,038,SR,Skadi,Arknights,common,1.04,0.10
3447,NS-05,039,SR,Pallas,Arknights,common,1.04,0.10
3448,NS-05,040,SR,Tomoe Gozen,Fate Series,common,1.02,0.10
3449,NS-05,041,SR,Z23,Azur Lane,common,1.02,0.10
3450,NS-05,042,SR,Meisho Doto,Uma Musume Pretty Derby,common,1.04,0.10
3451,NS-05,043,SR,Mayuri,Date A Live,common,1.03,0.10
3452,NS-05,044,SR,Rio Sonogami,Date A Live,common,1.03,0.10
3453,NS-05,045,SR,Maria Arusu,Date A Live,common,1.05,0.11
3454,NS-05,046,SR,Kujou Sara,Genshin Impact,common,1.03,0.10
3455,NS-05,047,SR,Eruruu,Utawarerumono,common,1.05,0.11
3456,NS-05,048,SR,Alice Zuberg,Sword Art Online,rare,1.99,0.20
3457,NS-05,049,SR,Ai Ohto,Wonder Egg Priority,common,1.03,0.10
3458,NS-05,050,SR,Takao,D-Frag!,common,1.01,0.10
3459,NS-05,051,SR,Chifuyu Himeki,When Supernatural Battles Became Commonplace,common,1.02,0.10
3460,NS-05,052,SR,Louise,The Familiar of Zero,common,1.01,0.10
3461,NS-05,053,SR,Chocolat,My Mental Choices Are Completely Interfering With My School Romantic Comedy,common,1.01,0.10
3462,NS-05,054,SR,Roxy Migurdia,Mushoku Tensei: Jobless Reincarnation,rare,1.78,0.18
3463,NS-05,055,R,Fumino Furuhashi,We Never Learn!: Bokuben,common,1.03,0.01
3464,NS-05,056,R,Ristarte,The Hero is Overpowered but Overly Cautious,epic,4.14,0.04
3465,NS-05,057,R,Madoka Higuchi,The Idolm@ster,common,1.05,0.01
3466,NS-05,058,R,Yachiyo Nanami,Puella Magi Madoka Magica,common,1.05,0.01
3467,NS-05,059,R,Sana Futaba,Puella Magi Madoka Magica,common,1.00,0.01
3468,NS-05,060,R,Tsuruno Yui,Puella Magi Madoka Magica,common,1.01,0.01
3469,NS-05,061,R,Felicia Mitsuki,Puella Magi Madoka Magica,common,1.00,0.01
3470,NS-05,062,R,Aki Adagaki,Masamune-kun's Revenge,common,1.00,0.01
3471,NS-05,063,R,Tsumugi Shirogane,Danganronpa,common,1.02,0.01
3472,NS-05,064,R,Alisa Reinford,The Legend of Heroes: Trails of Cold Steel,common,1.05,0.01
3473,NS-05,065,R,Ten Nine,Eternal City,common,1.05,0.01
3474,NS-05,066,R,Maho Nishizumi,Girls Und Panzer,common,1.05,0.01
3475,NS-05,067,R,Hana Ichinose,Slow Start,common,1.01,0.01
3476,NS-05,068,R,Hiyori Iki,Noragami,common,1.05,0.01
3477,NS-05,069,R,Pyra,Xenoblade,common,1.02,0.01
3478,NS-05,070,R,Tsukasa Yuzaki,TONIKAWA: Over the Moon For You,common,1.01,0.01
3479,NS-05,071,R,Ako Tamaki,And you thought there is never a girl online?,common,1.02,0.01
3480,NS-05,072,R,Hideyoshi Kinoshita,Summon the Beasts,common,1.03,0.01
3481,NS-06,001,SSR,Marin Kitagawa,My Dress-Up Darling,epic,3.25,8.13
3482,NS-06,002,SSR,Meiko,Vocaloid,common,1.02,2.55
3483,NS-06,003,SSR,Amor (Caren),Fate Series,common,1.05,2.63
3484,NS-06,004,SSR,Goldenglow,Arknights,common,1.05,2.63
3485,NS-06,005,SSR,Ling,Arknights,common,1.02,2.55
3486,NS-06,006,SSR,Nine-Colored Deer,Arknights,common,1.04,2.60
3487,NS-06,007,SSR,Shimakaze,Kantai Collection,common,1.05,2.63
3488,NS-06,008,SSR,Celestia Ludenberg,Danganronpa,common,1.00,2.50
3489,NS-06,009,SSR,Yuki Takeya,School-Live!,common,1.01,2.53
3490,NS-06,010,SSR,Drake,Azur Lane,common,1.02,2.55
3491,NS-06,011,SSR,Helena,Azur Lane,common,1.01,2.53
3492,NS-06,012,SSR,Ayanami,Azur Lane,common,1.03,2.58
3493,NS-06,013,SSR,Marnie,Pokemon,common,1.01,2.53
3494,NS-06,014,SSR,Power,Chainsaw Man,epic,4.61,11.53
3495,NS-06,015,SSR,Kagura,Onmyoji,common,1.04,2.60
3496,NS-06,016,SSR,Diona,Genshin Impact,common,1.04,2.60
3497,NS-06,017,SSR,Noel,Celestial Method,common,1.01,2.53
3498,NS-06,018,SSR,Asuna Yuuki,Sword Art Online,legendary,12.36,30.90
3499,NS-06,019,SR,Elma,Miss Kobayashi's Dragon Maid,epic,4.79,0.48
3500,NS-06,020,SR,Megumi Sakura,School-Live!,common,1.00,0.10
3501,NS-06,021,SR,Nadeshiko Kagamihara,Laid-Back Camp,common,1.05,0.11
3502,NS-06,022,SR,Nene Kusanagi,Project SEKAI,common,1.01,0.10
3503,NS-06,023,SR,UMP9 ,Girls' Frontline,common,1.04,0.10
3504,NS-06,024,SR,Izuna Hatsuse,No Game No Life,rare,1.67,0.17
3505,NS-06,025,SR,Kaede Akamatsu,Danganronpa,common,1.03,0.10
3506,NS-06,026,SR,Murasame,Senren Banka,common,1.03,0.10
3507,NS-06,027,SR,Yoshino Himekawa,Date A Live,common,1.00,0.10
3508,NS-06,028,SR,Artoria Pendragon (Saber),Fate Series,common,1.01,0.10
3509,NS-06,029,SR,Jeanne d'Arc (Alter),Fate Series,common,1.04,0.10
3510,NS-06,030,SR,Remilia Scarlet,Touhou Project,common,1.00,0.10
3511,NS-06,031,SR,Flandre Scarlet,Touhou Project,common,1.03,0.10
3512,NS-06,032,SR,Sakuya Izayoi,Touhou Project,common,1.04,0.10
3513,NS-06,033,SR,Yuni,Pretty Cure,common,1.03,0.10
3514,NS-06,034,SR,Cynthia,Pokemon,common,1.02,0.10
3515,NS-06,035,SR,Reze,Chainsaw Man,epic,3.98,0.40
3516,NS-06,036,SR,Toru Asakura,The Idolm@ster,common,1.05,0.11
3517,NS-06,037,SR,Ayumu Uehara,Love Live!,common,1.05,0.11
3518,NS-06,038,SR,Kasumi Nakasu,Love Live!,common,1.01,0.10
3519,NS-06,039,SR,Shizuku Osaka,Love Live!,common,1.02,0.10
3520,NS-06,040,SR,Karin Asaka,Love Live!,common,1.01,0.10
3521,NS-06,041,SR,Ai Miyashita,Love Live!,common,1.01,0.10
3522,NS-06,042,SR,Kanata Konoe,Love Live!,common,1.03,0.10
3523,NS-06,043,SR,Emma Verde,Love Live!,common,1.00,0.10
3524,NS-06,044,SR,Setsuna Yuuki,Love Live!,common,1.00,0.10
3525,NS-06,045,SR,Rina Tennouji,Love Live!,common,1.03,0.10
3526,NS-06,046,SR,Vittorio Veneto,Azur Lane,common,1.00,0.10
3527,NS-06,047,SR,HMS Perseus,Azur Lane,common,1.04,0.10
3528,NS-06,048,SR,Agnes Tachyon,Uma Musume Pretty Derby,common,1.05,0.11
3529,NS-06,049,SR,Manhattan Cafe,Uma Musume Pretty Derby,common,1.00,0.10
3530,NS-06,050,SR,Ichika Nakano,The Quintessential Quintuplets,common,1.05,0.11
3531,NS-06,051,SR,Nino Nakano,The Quintessential Quintuplets,common,1.05,0.11
3532,NS-06,052,SR,Miku Nakano,The Quintessential Quintuplets,common,1.01,0.10
3533,NS-06,053,SR,Yotsuba Nakano,The Quintessential Quintuplets,common,1.05,0.11
3534,NS-06,054,SR,Itsuki Nakano,The Quintessential Quintuplets,common,1.01,0.10
3535,NS-06,055,R,Eris Boreas Greyrat,Mushoku Tensei: Jobless Reincarnation,rare,1.68,0.02
3536,NS-06,056,R,Shalltear,Overlord,common,1.02,0.01
3537,NS-06,057,R,Medusa,Fate Series,common,1.03,0.01
3538,NS-06,058,R,2B,NieR: Automata,epic,4.39,0.04
3539,NS-06,059,R,Mayoi Hachikuji,Monogatari Series,common,1.04,0.01
3540,NS-06,060,R,Mikuru Asahina,The Melancholy of Haruhi Suzumiya,common,1.03,0.01
3541,NS-06,061,R,Taiga Aisaka,Toradora,common,1.04,0.01
3542,NS-06,062,R,Shinobu Oshino,Monogatari Series,common,1.02,0.01
3543,NS-06,063,R,Lisa,Genshin Impact,common,1.00,0.01
3544,NS-06,064,R,Tenshi Hinanawi,Touhou Project,common,1.03,0.01
3545,NS-06,065,R,Yuuka Kazami,Touhou Project,common,1.04,0.01
3546,NS-06,066,R,Asuka Ninomiya,The Idolm@ster,common,1.02,0.01
3547,NS-06,067,R,Ai Hayasaka,Kaguya-sama: Love is War,epic,3.11,0.03
3548,NS-06,068,R,Miko Iino,Kaguya-sama: Love is War,epic,4.92,0.05
3549,NS-06,069,R,Kobato Hasegawa,Haganai: I don't have many friends,common,1.00,0.01
3550,NS-06,070,R,Jibril,No Game No Life,epic,3.67,0.04
3551,NS-06,071,R,Tashkent,Azur Lane,common,1.03,0.01
3552,NS-06,072,R,Tomoka Minato,Ro-Kyu-Bu!,common,1.01,0.01
3553,NS-07,001,SSR,Kotori Minami,Love Live!,common,1.02,2.55
3554,NS-07,002,SSR,Dido,Azur Lane,common,1.03,2.58
3555,NS-07,003,SSR,Marin Kitagawa,My Dress-Up Darling,epic,3.84,9.60
3556,NS-07,004,SSR,Sajuna Inui,My Dress-Up Darling,rare,1.57,3.93
3557,NS-07,005,SSR,Hatsune Miku,Vocaloid,common,1.05,2.63
3558,NS-07,006,SSR,Sachiko Koshimizu,The Idolm@ster,common,1.05,2.63
3559,NS-07,007,SSR,Shouko Nishimiya,A Silent Voice,common,1.04,2.60
3560,NS-07,008,SSR,Jeanne d'Arc (Alter),Fate Series,common,1.04,2.60
3561,NS-07,009,SSR,Azusa Nakano,K-On!,common,1.02,2.55
3562,NS-07,010,SSR,Madoka Kaname,Puella Magi Madoka Magica,common,1.05,2.63
3563,NS-07,011,SSR,Artoria Pendragon (Saber) Alter,Fate Series,common,1.03,2.58
3564,NS-07,012,SSR,Eru Chitanda,Hyouka,common,1.01,2.53
3565,NS-07,013,SSR,Rem,Re:Zero,epic,3.71,9.28
3566,NS-07,014,SSR,Zero Two,Darling in the Franxx,epic,4.79,11.98
3567,NS-07,015,SSR,Milim Nava,That Time I Got Reincarnated as a Slime,epic,3.02,7.55
3568,NS-07,016,SSR,Ganyu,Genshin Impact,common,1.00,2.50
3569,NS-07,017,SSR,Nami,One Piece,mythic,63.35,158.38
3570,NS-07,018,SSR,Yelan,Genshin Impact,common,1.03,2.58
3571,NS-07,019,SR,Popura Taneshima,Working!!,common,1.00,0.10
3572,NS-07,020,SR,Reisalin Stout,Atelier Series,common,1.01,0.10
3573,NS-07,021,SR,Tendou Alice,Blue Archive,common,1.05,0.11
3574,NS-07,022,SR,Aoi Inuyama,Laid-Back Camp,common,1.03,0.10
3575,NS-07,023,SR,Lisa,Genshin Impact,common,1.05,0.11
3576,NS-07,024,SR,Alisa Reinford,The Legend of Heroes: Trails of Cold Steel,common,1.01,0.10
3577,NS-07,025,SR,Raphtalia,The Rising of the Shield Hero,epic,4.33,0.43
3578,NS-07,026,SR,Shiki Ichinose,The Idolm@ster,common,1.04,0.10
3579,NS-07,027,SR,Uzuki Shimamura,The Idolm@ster,common,1.01,0.10
3580,NS-07,028,SR,Tomoyo Daidouji,Cardcaptor Sakura,common,1.04,0.10
3581,NS-07,029,SR,2B,NieR: Automata,epic,3.41,0.34
3582,NS-07,030,SR,C.C.,Code Geass,common,1.01,0.10
3583,NS-07,031,SR,Mami Tomoe,Puella Magi Madoka Magica,common,1.01,0.10
3584,NS-07,032,SR,Kanade Tachibana,Angel Beats!,common,1.04,0.10
3585,NS-07,033,SR,Ruri Gokou,OreImo,common,1.00,0.10
3586,NS-07,034,SR,Nodoka Haramura,Saki,common,1.05,0.11
3587,NS-07,035,SR,Megumi Kato,Saekano: How to Raise a Boring Girlfriend,common,1.01,0.10
3588,NS-07,036,SR,Mai Sakurajima,Rascal Does Not Dream Of Bunny Girl Senpai,common,1.00,0.10
3589,NS-07,037,SR,Sayu Ogiwara,"Higehiro: After Being Rejected, I Shaved and Took in a High School Runaway",common,1.02,0.10
3590,NS-07,038,SR,Elaina,The Journey of Elaina,common,1.01,0.10
3591,NS-07,039,SR,Megumin,God's Blessing on this Wonderful World! (KonoSuba),epic,3.11,0.31
3592,NS-07,040,SR,Emilia,Re:Zero,epic,3.86,0.39
3593,NS-07,041,SR,Takagi-san,Teasing Master Takagi-san,common,1.00,0.10
3594,NS-07,042,SR,Kurumi Tokisaki,Date A Live,common,1.02,0.10
3595,NS-07,043,SR,Chtholly Nota Seniorious,WorldEnd: What do you do at the end of the world? Are you busy? Will you save us?,common,1.01,0.10
3596,NS-07,044,SR,Formidable,Azur Lane,common,1.03,0.10
3597,NS-07,045,SR,Bremerton,Azur Lane,common,1.05,0.11
3598,NS-07,046,SR,Aqua,God's Blessing on this Wonderful World! (KonoSuba),epic,3.78,0.38
3599,NS-07,047,SR,Ram,Re:Zero,epic,3.40,0.34
3600,NS-07,048,SR,Rin Shima,Laid-Back Camp,common,1.00,0.10
3601,NS-07,049,SR,Princess Syalis,Sleepy Princess in the Demon Castle,common,1.04,0.10
3602,NS-07,050,SR,Ai Ohto,Wonder Egg Priority,common,1.05,0.11
3603,NS-07,051,SR,Haruhi Suzumiya,The Melancholy of Haruhi Suzumiya,common,1.00,0.10
3604,NS-07,052,SR,Pardofelis,Honkai Impact,common,1.01,0.10
3605,NS-07,053,SR,Kagari Izuriha,Black Rock Shooter,common,1.02,0.10
3606,NS-07,054,SR,Espinel,NIKKE: The Goddess Of Victory,common,1.01,0.10
3607,NS-07,055,R,Kokomi Sangonomiya,Genshin Impact,common,1.00,0.01
3608,NS-07,056,R,HK416,Girls' Frontline,common,1.04,0.01
3609,NS-07,057,R,Alice Cartelet,Kiniro Mosaic,common,1.02,0.01
3610,NS-07,058,R,Mint,Arknights,common,1.01,0.01
3611,NS-07,059,R,Cheshire,Azur Lane,common,1.03,0.01
3612,NS-07,060,R,Hina Satou,The Day I Became a God,common,1.02,0.01
3613,NS-07,061,R,Le Malin,Azur Lane,common,1.03,0.01
3614,NS-07,062,R,Sagiri Izumi,Eromanga Sensei,common,1.01,0.01
3615,NS-07,063,R,Asuna Yuuki,Sword Art Online,legendary,19.03,0.19
3616,NS-07,064,R,Reze,Chainsaw Man,epic,4.45,0.04
3617,NS-07,065,R,Mirai Kuriyama,Beyond the Boundary,common,1.01,0.01
3618,NS-07,066,R,Makima,Chainsaw Man,epic,4.61,0.05
3619,NS-07,067,R,Kurisu Makise,Steins; Gate,epic,3.36,0.03
3620,NS-07,068,R,Kanon Shibuya,Love Live!,common,1.01,0.01
3621,NS-07,069,R,FEater,Arknights,common,1.00,0.01
3622,NS-07,070,R,Kaguya Shinomiya,Kaguya-sama: Love is War,epic,3.64,0.04
3623,NS-07,071,R,Kotori Itsuka,Date A Live,common,1.01,0.01
3624,NS-07,072,R,Nao Tomori,Charlotte,common,1.01,0.01
3625,NS-02-M01,001,PTR,Rem,Re:Zero,epic,4.75,28.50
3626,NS-02-M01,002,PTR,Emilia,Re:Zero,epic,4.89,29.34
3627,NS-02-M01,003,PTR,Violet Evergarden,Violet Evergarden,common,1.00,6.00
3628,NS-02-M01,004,PTR,Misaka Mikoto,A Certain Magical Index (Toaru Kagaku no Railgun),common,1.03,6.18
3629,NS-02-M01,005,PTR,Asuna Yuuki,Sword Art Online,legendary,11.12,66.72
3630,NS-02-M01,006,PTR,Kaori Miyazono,Your Lie in April,common,1.00,6.00
3631,NS-02-M01,007,PTR,Hatsune Miku,Vocaloid,common,1.00,6.00
3632,NS-02-M01,008,PTR,Athena,Seint Seiya,common,1.05,6.30
3633,NS-02-M01,009,PTR,Boa Hancock,One Piece,epic,4.19,25.14
3634,NS-02-M01,010,SSR,Kaoru Kamiya,Rurouni Kenshin,common,1.05,2.63
3635,NS-02-M01,011,SSR,Winry Rockbell,Fullmetal Alchemist,common,1.01,2.53
3636,NS-02-M01,012,SSR,Yuna,Final Fantasy,common,1.02,2.55
3637,NS-02-M01,013,SSR,Alice Zuberg,Sword Art Online,rare,1.50,3.75
3638,NS-02-M01,014,SSR,Bulma,Dragon Ball,epic,3.03,7.57
3639,NS-02-M01,015,SSR,Mei Li Zhou,Shin Chuuka Ichiban!,common,1.04,2.60
3640,NS-02-M01,016,SSR,Reimu Hakurei,Touhou Project,common,1.04,2.60
3641,NS-02-M01,017,SSR,Kiruya Momochi (Kyaru),Princess Connect Re:Dive,common,1.05,2.63
3642,NS-02-M01,018,SSR,Sakura Kinomoto,Cardcaptor Sakura,common,1.03,2.58
3643,NS-02-M01,019,SSR,Tohka Yatogami,Date A Live,common,1.01,2.53
3644,NS-02-M01,020,SSR,Mumei,Kabaneri of the Iron Fortress,epic,4.54,11.35
3645,NS-02-M01,021,SSR,Nezuko Kamado,Demon Slayer (Kimetsu no Yaiba),epic,4.86,12.15
3646,NS-02-M01,022,SSR,Chino Kafuu,Is the Order a Rabbit?,common,1.00,2.50
3647,NS-02-M01,023,SSR,Shinobu Kochou,Demon Slayer (Kimetsu no Yaiba),epic,3.40,8.50
3648,NS-02-M01,024,SSR,Rukia Kuchiki,Bleach,epic,4.69,11.73
3649,NS-02-M01,025,SSR,Megumi Kato,Saekano: How to Raise a Boring Girlfriend,common,1.02,2.55
3650,NS-02-M01,026,SSR,Sakura Haruno,Naruto Series,epic,4.56,11.40
3651,NS-02-M01,027,SSR,Amiya,Arknights,common,1.04,2.60
3652,NS-02-M01,028,SSR,Mashu Kyrielight,Fate Series,common,1.03,2.58
3653,NS-02-M01,029,SSR,Yukino Yukinoshita,My Youth Romantic Comedy Is Wrong As I Expected,common,1.00,2.50
3654,NS-02-M01,030,SSR,Diamond,Land of the Lustrous,common,1.01,2.53
3655,NS-02-M01,031,SSR,Mirai Kuriyama,Beyond the Boundary,common,1.02,2.55
3656,NS-02-M01,032,SSR,Rikka Takanashi,"Love, Chunibyo & Other Delusions!",common,1.04,2.60
3657,NS-02-M01,033,SSR,Ruri Gokou,OreImo,common,1.05,2.63
3658,NS-02-M01,034,SSR,Ann Takamaki,Persona,epic,3.21,8.03
3659,NS-02-M01,035,SSR,Kikyou,Inuyasha,common,1.02,2.55
3660,NS-02-M01,036,SSR,Rei Ayanami,Evangelion,common,1.01,2.53
3661,NS-02-M01,037,SR,Honoka Kousaka,Love Live!,common,1.03,0.10
3662,NS-02-M01,038,SR,Kotori Minami,Love Live!,common,1.03,0.10
3663,NS-02-M01,039,SR,Umi Sonoda,Love Live!,common,1.02,0.10
3664,NS-02-M01,040,SR,Eli Ayase,Love Live!,common,1.04,0.10
3665,NS-02-M01,041,SR,Nozomi Tojo,Love Live!,common,1.04,0.10
3666,NS-02-M01,042,SR,Maki Nishikino,Love Live!,common,1.05,0.11
3667,NS-02-M01,043,SR,Rin Hoshizora,Love Live!,common,1.05,0.11
3668,NS-02-M01,044,SR,Hanayo Koizumi,Love Live!,common,1.01,0.10
3669,NS-02-M01,045,SR,Nico Yazawa,Love Live!,common,1.04,0.10
3670,NS-02-M01,046,SR,Ichika Nakano,The Quintessential Quintuplets,common,1.04,0.10
3671,NS-02-M01,047,SR,Nino Nakano,The Quintessential Quintuplets,common,1.04,0.10
3672,NS-02-M01,048,SR,Miku Nakano,The Quintessential Quintuplets,common,1.02,0.10
3673,NS-02-M01,049,SR,Yotsuba Nakano,The Quintessential Quintuplets,common,1.02,0.10
3674,NS-02-M01,050,SR,Itsuki Nakano,The Quintessential Quintuplets,common,1.03,0.10
3675,NS-02-M01,051,SR,A2,NieR: Automata,rare,1.55,0.16
3676,NS-02-M01,052,SR,Rachel Gardner,Angels of Death,common,1.01,0.10
3677,NS-02-M01,053,SR,Altair,Re:CREATORS,common,1.00,0.10
3678,NS-02-M01,054,SR,Texas,Arknights,common,1.00,0.10
3679,NS-02-M01,055,SR,Marisa Kirisame,Touhou Project,common,1.00,0.10
3680,NS-02-M01,056,SR,Flandre Scarlet,Touhou Project,common,1.02,0.10
3681,NS-02-M01,057,SR,Mei Misaki,Another,common,1.01,0.10
3682,NS-02-M01,058,SR,Shiro,No Game No Life,rare,1.72,0.17
3683,NS-02-M01,059,SR,Sora Kasugano,Yosuga no Sora,common,1.04,0.10
3684,NS-02-M01,060,SR,Holo,Spice & Wolf,common,1.01,0.10
3685,NS-02-M01,061,SR,Kanao Tsuyuri,Demon Slayer (Kimetsu no Yaiba),epic,4.42,0.44
3686,NS-02-M01,062,SR,Chtholly Nota Seniorious,WorldEnd: What do you do at the end of the world? Are you busy? Will you save us?,common,1.05,0.11
3687,NS-02-M01,063,SR,Nero Claudius,Fate Series,common,1.05,0.11
3688,NS-02-M01,064,SR,Eru Chitanda,Hyouka,common,1.05,0.11
3689,NS-02-M01,065,SR,Kaguya Shinomiya,Kaguya-sama: Love is War,epic,3.06,0.31
3690,NS-02-M01,066,SR,Chiyo Sakura,Monthly Girl's Nozaki-kun,common,1.02,0.10
3691,NS-02-M01,067,SR,Rikka Takarada,SSSS.GRIDMAN,common,1.04,0.10
3692,NS-02-M01,068,SR,Sagiri Izumi,Eromanga Sensei,common,1.05,0.11
3693,NS-02-M01,069,SR,Kotoko Iwanaga,In/Spectre,common,1.04,0.10
3694,NS-02-M01,070,SR,Junko Enoshima,Danganronpa,common,1.02,0.10
3695,NS-02-M01,071,SR,Inori Yuzuriha,Guilty Crown,common,1.05,0.11
3696,NS-02-M01,072,SR,Gabriel Tenma White,Gabriel DropOut,common,1.05,0.11
3697,NS-02-M01,073,SR,Hina Amano,Weathering with You,common,1.02,0.10
3698,NS-02-M01,074,SR,Anna Kushina,K-Project,common,1.01,0.10
3699,NS-02-M01,075,SR,Kanade Tachibana,Angel Beats!,common,1.05,0.11
3700,NS-02-M01,076,SR,Rizu Ogata,We Never Learn!: Bokuben,common,1.01,0.10
3701,NS-02-M01,077,SR,Shouko Nishimiya,A Silent Voice,common,1.00,0.10
3702,NS-02-M01,078,SR,Rinne Ohara,Island,common,1.00,0.10
3703,NS-02-M01,079,SR,Sophie Twilight,Ms. vampire who lives in my neighborhood,common,1.00,0.10
3704,NS-02-M01,080,SR,Ryuuko Matoi,Kill la Kill,epic,4.04,0.40
3705,NS-02-M01,081,SR,Kumiko Oumae,Sound! Euphonium,common,1.05,0.11
3706,NS-02-M01,082,R,Yukari Yakumo,Touhou Project,common,1.01,0.01
3707,NS-02-M01,083,R,Sakuya Izayoi,Touhou Project,common,1.00,0.01
3708,NS-02-M01,084,R,Youmu Konpaku,Touhou Project,common,1.02,0.01
3709,NS-02-M01,085,R,Tenshi Hinanawi,Touhou Project,common,1.01,0.01
3710,NS-02-M01,086,R,Fujiwara no Mokou,Touhou Project,common,1.00,0.01
3711,NS-02-M01,087,R,Remilia Scarlet,Touhou Project,common,1.05,0.01
3712,NS-02-M01,088,R,Yuyuko Saigyouji,Touhou Project,common,1.04,0.01
3713,NS-02-M01,089,R,Koishi Komeiji,Touhou Project,common,1.00,0.01
3714,NS-02-M01,090,R,Alice Margatroid,Touhou Project,common,1.05,0.01
3715,NS-02-M01,091,R,Aya Shameimaru,Touhou Project,common,1.02,0.01
3716,NS-02-M01,092,R,Sanae Kochiya,Touhou Project,common,1.04,0.01
3717,NS-02-M01,093,R,Hata no Kokoro,Touhou Project,common,1.05,0.01
3718,NS-02-M01,094,R,Kaguya Houraisan,Touhou Project,common,1.05,0.01
3719,NS-02-M01,095,R,Patchouli Knowledge,Touhou Project,common,1.03,0.01
3720,NS-02-M01,096,R,Cirno,Touhou Project,common,1.00,0.01
3721,NS-02-M01,097,R,Reisen Udongein Inaba,Touhou Project,common,1.00,0.01
3722,NS-02-M01,098,R,Yuuka Kazami,Touhou Project,common,1.00,0.01
3723,NS-02-M01,099,R,Suika Ibuki,Touhou Project,common,1.00,0.01
3724,NS-02-M01,100,R,Shimakaze,Kantai Collection,common,1.02,0.01
3725,NS-02-M01,101,R,Kongou,Kantai Collection,common,1.04,0.01
3726,NS-02-M01,102,R,Yuudachi,Kantai Collection,common,1.05,0.01
3727,NS-02-M01,103,R,Kashima,Kantai Collection,common,1.03,0.01
3728,NS-02-M01,104,R,Hibiki,Kantai Collection,common,1.05,0.01
3729,NS-02-M01,105,R,Kaga,Kantai Collection,common,1.02,0.01
3730,NS-02-M01,106,R,Shoukaku,Kantai Collection,common,1.00,0.01
3731,NS-02-M01,107,R,Yamato,Kantai Collection,common,1.03,0.01
3732,NS-02-M01,108,R,Shigure,Kantai Collection,common,1.05,0.01
3733,NS-02-M01,109,R,Shoukaku,Azur Lane,common,1.00,0.01
3734,NS-02-M01,110,R,Atago,Azur Lane,common,1.00,0.01
3735,NS-02-M01,111,R,Noshiro,Azur Lane,common,1.00,0.01
3736,NS-02-M01,112,R,Formidable,Azur Lane,common,1.05,0.01
3737,NS-02-M01,113,R,Akagi,Azur Lane,common,1.01,0.01
3738,NS-02-M01,114,R,Prinz Eugen,Azur Lane,common,1.03,0.01
3739,NS-02-M01,115,R,Dido,Azur Lane,common,1.02,0.01
3740,NS-02-M01,116,R,Illustrious,Azur Lane,common,1.01,0.01
3741,NS-02-M01,117,R,Laffey,Azur Lane,common,1.02,0.01
3742,NS-02-M01,118,R,Minato Aqua,Hololive,common,1.03,0.01
3743,NS-02-M01,119,R,Shirakami Fubuki,Hololive,common,1.00,0.01
3744,NS-02-M01,120,R,Usada Pekora,Hololive,common,1.01,0.01
3745,NS-02-M01,121,R,Akai Haato,Hololive,common,1.05,0.01
3746,NS-02-M01,122,R,Nakiri Ayame,Hololive,common,1.02,0.01
3747,NS-02-M01,123,R,Ookami Mio,Hololive,common,1.02,0.01
3748,NS-02-M01,124,R,Nezuko Kamado,Demon Slayer (Kimetsu no Yaiba),epic,3.89,0.04
3749,NS-02-M01,125,R,Shinobu Kochou,Demon Slayer (Kimetsu no Yaiba),epic,3.61,0.04
3750,NS-02-M01,126,R,Mitsuri Kanroji,Demon Slayer (Kimetsu no Yaiba),epic,3.55,0.04
3751,NS-02-M01,127,R,Eustiana von Astraea (Pecorine),Princess Connect Re:Dive,common,1.03,0.01
3752,NS-02-M01,128,R,Kokoro Natsume (Kokkoro),Princess Connect Re:Dive,common,1.02,0.01
3753,NS-02-M01,129,R,Ai Hayasaka,Kaguya-sama: Love is War,epic,4.32,0.04
3754,NS-02-M01,130,R,Chika Fujiwara,Kaguya-sama: Love is War,epic,3.53,0.04
3755,NS-02-M01,131,R,Kei Shirogane,Kaguya-sama: Love is War,epic,3.45,0.03
3756,NS-02-M01,132,R,Miko Iino,Kaguya-sama: Love is War,epic,3.38,0.03
3757,NS-02-M01,133,R,Ishtar,Fate Series,common,1.03,0.01
3758,NS-02-M01,134,R,Illyasviel von Einzbern,Fate Series,common,1.03,0.01
3759,NS-02-M01,135,R,Tamamo no Mae,Fate Series,common,1.01,0.01
3760,NS-02-M01,136,R,Suzune Horikita,Classroom of the Elite,rare,1.56,0.02
3761,NS-02-M01,137,R,Kei Karuizawa,Classroom of the Elite,rare,1.98,0.02
3762,NS-02-M01,138,R,Tohru,Miss Kobayashi's Dragon Maid,epic,3.19,0.03
3763,NS-02-M01,139,R,Kanna Kamui,Miss Kobayashi's Dragon Maid,epic,4.66,0.05
3764,NS-02-M01,140,R,Kaori Kanzaki,A Certain Magical Index (Toaru Kagaku no Railgun),common,1.00,0.01
3765,NS-02-M01,141,R,Shokuhou Misaki,A Certain Magical Index (Toaru Kagaku no Railgun),common,1.02,0.01
3766,NS-02-M01,142,R,Shino Asada,Sword Art Online,rare,1.97,0.02
3767,NS-02-M01,143,R,Yui Yuigahama,My Youth Romantic Comedy Is Wrong As I Expected,common,1.00,0.01
3768,NS-02-M01,144,R,Iroha Isshiki,My Youth Romantic Comedy Is Wrong As I Expected,common,1.04,0.01
3769,NS-02-M01,145,R,Vignette April Tsukinose,Gabriel DropOut,common,1.01,0.01
3770,NS-02-M01,146,R,Satanichia Kurumizawa Mcdowell,Gabriel DropOut,common,1.03,0.01
3771,NS-02-M01,147,R,Raphiel Ainsworth Shiraha,Gabriel DropOut,common,1.03,0.01
3772,NS-02-M01,148,R,Fumino Furuhashi,We Never Learn!: Bokuben,common,1.02,0.01
3773,NS-02-M01,149,R,Mafuyu Kirisu,We Never Learn!: Bokuben,common,1.00,0.01
3774,NS-02-M01,150,R,Cocoa Hoto,Is the Order a Rabbit?,common,1.00,0.01
3775,NS-02-M01,151,R,Rize Tedeza,Is the Order a Rabbit?,common,1.01,0.01
3776,NS-02-M01,152,R,Futaba Sakura,Persona,epic,4.47,0.04
3777,NS-02-M01,153,R,Aria H Kanzaki,Aria the Scarlet Ammo,common,1.01,0.01
3778,NS-02-M01,154,R,Kurumi Ebisuzawa,School-Live!,common,1.02,0.01
3779,NS-02-M01,155,R,Yuuri Wakasa,School-Live!,common,1.05,0.01
3780,NS-02-M01,156,R,Megumi Sakura,School-Live!,common,1.04,0.01
3781,NS-02-M01,157,R,Hotaru Shidare,Dagashi Kashi,epic,3.90,0.04
3782,NS-02-M01,158,R,Miyu Edelfelt,Fate Series,common,1.01,0.01
3783,NS-02-M01,159,R,Chloe von Einzbern,Fate Series,common,1.01,0.01
3784,NS-02-M01,160,R,Hitagi Senjougahara,Monogatari Series,common,1.00,0.01
3785,NS-02-M01,161,R,Nadeko Sengoku,Monogatari Series,common,1.05,0.01
3786,NS-02-M01,162,R,Shinobu Oshino,Monogatari Series,common,1.02,0.01
3787,NS-02-M01,163,R,Black Rock Shooter,Black Rock Shooter,common,1.05,0.01
3788,NS-02-M01,164,R,Dead Master,Black Rock Shooter,common,1.05,0.01
3789,NS-02-M01,165,R,Asuka Shikinami Langley,Evangelion,common,1.04,0.01
3790,NS-02-M01,166,R,Miu Takigawa,VTuber,common,1.01,0.01
3791,NS-02-M01,167,R,Ayaka Tachikawa,VTuber,common,1.01,0.01
3792,NS-02-M01,168,R,Ruby Rose,RWBY,common,1.02,0.01
3793,NS-02-M01,169,R,Weiss Schnee,RWBY,common,1.05,0.01
3794,NS-02-M01,170,R,Blake Belladonna,RWBY,common,1.01,0.01
3795,NS-02-M01,171,R,Yang Xiao Long,RWBY,common,1.02,0.01
3796,NS-02-M01,172,R,Marnie,Pokemon,common,1.04,0.01
3797,NS-02-M01,173,R,Gloria,Pokemon,common,1.05,0.01
3798,NS-02-M01,174,R,Akane Shinjo,SSSS.GRIDMAN,common,1.00,0.01
3799,NS-02-M01,175,R,Shinku,Rozen Maiden,common,1.03,0.01
3800,NS-02-M01,176,R,Suigintou,Rozen Maiden,common,1.01,0.01
3801,NS-02-M01,177,R,Suiseiseki,Rozen Maiden,common,1.05,0.01
3802,NS-02-M01,178,R,Meiko Honma,The Flower We Saw That Day,common,1.01,0.01
3803,NS-02-M01,179,R,Taiga Aisaka,Toradora,common,1.03,0.01
3804,NS-02-M01,180,R,Yaya,Unbreakable Machine-Doll,common,1.05,0.01
3805,NS-02-M02,001,PTR,D.Va,Overwatch,common,1.01,6.06
3806,NS-02-M02,002,PTR,Mai Shiranui,The King of Fighters,common,1.02,6.12
3807,NS-02-M02,003,PTR,Keqing,Genshin Impact,common,1.02,6.12
3808,NS-02-M02,004,PTR,Exusiai,Arknights,common,1.00,6.00
3809,NS-02-M02,005,PTR,Princess Zelda,Legend of Zelda,common,1.02,6.12
3810,NS-02-M02,006,PTR,Princess Peach,Super Mario,common,1.03,6.18
3811,NS-02-M02,007,PTR,Zhao Ling'er,The Legend of Sword and Fairy (Chinese Paladin),common,1.04,6.24
3812,NS-02-M02,008,PTR,Shigure,Kantai Collection,common,1.02,6.12
3813,NS-02-M02,009,PTR,Chun-Li,Street Fighter,common,1.04,6.24
3814,NS-02-M02,010,SSR,Barbara,Genshin Impact,common,1.01,2.53
3815,NS-02-M02,011,SSR,Eyjafjalla,Arknights,common,1.00,2.50
3816,NS-02-M02,012,SSR,Akagi,Azur Lane,common,1.00,2.50
3817,NS-02-M02,013,SSR,Kaga,Azur Lane,common,1.05,2.63
3818,NS-02-M02,014,SSR,Yuudachi,Kantai Collection,common,1.02,2.55
3819,NS-02-M02,015,SSR,Kongou,Kantai Collection,common,1.01,2.53
3820,NS-02-M02,016,SSR,Kokoro Natsume (Kokkoro),Princess Connect Re:Dive,common,1.01,2.53
3821,NS-02-M02,017,SSR,Kiruya Momochi (Kyaru),Princess Connect Re:Dive,common,1.02,2.55
3822,NS-02-M02,018,SSR,Abigail Williams,Fate Series,common,1.03,2.58
3823,NS-02-M02,019,SSR,Kiana Kaslana,Honkai Impact,common,1.00,2.50
3824,NS-02-M02,020,SSR,Athena Asamiya,The King of Fighters,common,1.04,2.60
3825,NS-02-M02,021,SSR,Aerith Gainsborough,Final Fantasy,common,1.01,2.53
3826,NS-02-M02,022,SSR,Tifa Lockhart,Final Fantasy,common,1.02,2.55
3827,NS-02-M02,023,SSR,Yuna,Final Fantasy,common,1.02,2.55
3828,NS-02-M02,024,SSR,Daisy,Super Mario,common,1.00,2.50
3829,NS-02-M02,025,SSR,Rosalina,Super Mario,common,1.03,2.58
3830,NS-02-M02,026,SSR,Tracer,Overwatch,common,1.00,2.50
3831,NS-02-M02,027,SSR,Jaina Proudmoore,World of Warcraft,common,1.05,2.63
3832,NS-02-M02,028,SSR,Ada Wong,Resident Evil,common,1.01,2.53
3833,NS-02-M02,029,SSR,Bayonetta,Bayonetta,common,1.00,2.50
3834,NS-02-M02,030,SSR,Lara Croft,Tomb Raider,common,1.03,2.58
3835,NS-02-M02,031,SSR,Lin Yueru,The Legend of Sword and Fairy (Chinese Paladin),common,1.04,2.60
3836,NS-02-M02,032,SSR,Sarah Kerrigan,Starcraft II,common,1.05,2.63
3837,NS-02-M02,033,SSR,Kasumi,Dead or Alive,common,1.04,2.60
3838,NS-02-M02,034,SSR,Marie Rose,Dead or Alive,common,1.03,2.58
3839,NS-02-M02,035,SSR,Ciri,The Witcher,common,1.01,2.53
3840,NS-02-M02,036,SSR,Ahri,League of Legends,common,1.05,2.63
3841,NS-02-M02,037,SR,Aqua,God's Blessing on this Wonderful World! (KonoSuba),epic,3.04,0.30
3842,NS-02-M02,038,SR,Amiya,Arknights,common,1.05,0.11
3843,NS-02-M02,039,SR,Rita Rossweisse,Honkai Impact,common,1.02,0.10
3844,NS-02-M02,040,SR,Aki Adagaki,Masamune-kun's Revenge,common,1.00,0.10
3845,NS-02-M02,041,SR,Mayoi Hachikuji,Monogatari Series,common,1.01,0.10
3846,NS-02-M02,042,SR,Rikka Takarada,SSSS.GRIDMAN,common,1.00,0.10
3847,NS-02-M02,043,SR,Motoko Kusanagi,Ghost In The Shell,common,1.04,0.10
3848,NS-02-M02,044,SR,Tomoe Gozen,Fate Series,common,1.00,0.10
3849,NS-02-M02,045,SR,Eru Chitanda,Hyouka,common,1.04,0.10
3850,NS-02-M02,046,SR,2B,NieR: Automata,epic,4.39,0.44
3851,NS-02-M02,047,SR,Chizuru Kagura,The King of Fighters,common,1.03,0.10
3852,NS-02-M02,048,SR,Miko Iino,Kaguya-sama: Love is War,epic,4.51,0.45
3853,NS-02-M02,049,SR,Elaina,The Journey of Elaina,common,1.05,0.11
3854,NS-02-M02,050,SR,Mashiro Shiina,The Pet Girl of Sakurasou,common,1.04,0.10
3855,NS-02-M02,051,SR,Diamond,Land of the Lustrous,common,1.04,0.10
3856,NS-02-M02,052,SR,Ruby Rose,RWBY,common,1.00,0.10
3857,NS-02-M02,053,SR,Weiss Schnee,RWBY,common,1.02,0.10
3858,NS-02-M02,054,SR,Blake Belladonna,RWBY,common,1.03,0.10
3859,NS-02-M02,055,SR,Yang Xiao Long,RWBY,common,1.01,0.10
3860,NS-02-M02,056,SR,Panty,Panty & Stocking with Garterbelt,common,1.01,0.10
3861,NS-02-M02,057,SR,Stocking,Panty & Stocking with Garterbelt,common,1.04,0.10
3862,NS-02-M02,058,SR,Seele Vollerei,Honkai Impact,common,1.03,0.10
3863,NS-02-M02,059,SR,Kula Diamond,The King of Fighters,common,1.00,0.10
3864,NS-02-M02,060,SR,Lumine,Genshin Impact,common,1.03,0.10
3865,NS-02-M02,061,SR,Texas,Arknights,common,1.03,0.10
3866,NS-02-M02,062,SR,Merlin,Fate Series,common,1.01,0.10
3867,NS-02-M02,063,SR,Yukino Yukinoshita,My Youth Romantic Comedy Is Wrong As I Expected,common,1.02,0.10
3868,NS-02-M02,064,SR,Yui Yuigahama,My Youth Romantic Comedy Is Wrong As I Expected,common,1.05,0.11
3869,NS-02-M02,065,SR,Iroha Isshiki,My Youth Romantic Comedy Is Wrong As I Expected,common,1.05,0.11
3870,NS-02-M02,066,SR,Tohka Yatogami,Date A Live,common,1.04,0.10
3871,NS-02-M02,067,SR,Kotori Itsuka,Date A Live,common,1.02,0.10
3872,NS-02-M02,068,SR,Yoshino Himekawa,Date A Live,common,1.00,0.10
3873,NS-02-M02,069,SR,Miku Izayoi,Date A Live,common,1.00,0.10
3874,NS-02-M02,070,SR,Mei,Overwatch,common,1.05,0.11
3875,NS-02-M02,071,SR,Kuroko Shirai,A Certain Magical Index (Toaru Kagaku no Railgun),common,1.02,0.10
3876,NS-02-M02,072,SR,Shokuhou Misaki,A Certain Magical Index (Toaru Kagaku no Railgun),common,1.01,0.10
3877,NS-02-M02,073,SR,Chika Takami,Love Live!,common,1.00,0.10
3878,NS-02-M02,074,SR,Riko Sakurauchi,Love Live!,common,1.00,0.10
3879,NS-02-M02,075,SR,Kanan Matsuura,Love Live!,common,1.05,0.11
3880,NS-02-M02,076,SR,Dia Kurosawa,Love Live!,common,1.02,0.10
3881,NS-02-M02,077,SR,You Watanabe,Love Live!,common,1.05,0.11
3882,NS-02-M02,078,SR,Yoshiko Tsushima,Love Live!,common,1.03,0.10
3883,NS-02-M02,079,SR,Hanamaru Kunikida,Love Live!,common,1.02,0.10
3884,NS-02-M02,080,SR,Mari Ohara,Love Live!,common,1.00,0.10
3885,NS-02-M02,081,SR,Ruby Kurosawa,Love Live!,common,1.04,0.10
3886,NS-02-M02,082,R,Ange le Carre,Princess Principal,common,1.02,0.01
3887,NS-02-M02,083,R,Altair,Re:CREATORS,common,1.04,0.01
3888,NS-02-M02,084,R,Taiga Aisaka,Toradora,common,1.01,0.01
3889,NS-02-M02,085,R,Esdeath,Akame Ga Kill!,epic,3.70,0.04
3890,NS-02-M02,086,R,Sena Kashiwazaki,Haganai: I don't have many friends,common,1.02,0.01
3891,NS-02-M02,087,R,Akane Tsunemori,Psycho-Pass,rare,1.87,0.02
3892,NS-02-M02,088,R,Ai Hinatsuru,The Ryuo's Work is Never Done,common,1.04,0.01
3893,NS-02-M02,089,R,Nadeko Sengoku,Monogatari Series,common,1.03,0.01
3894,NS-02-M02,090,R,Yotsugi Ononoki,Monogatari Series,common,1.01,0.01
3895,NS-02-M02,091,R,Kirino Kousaka,OreImo,common,1.05,0.01
3896,NS-02-M02,092,R,Takagi-san,Teasing Master Takagi-san,common,1.02,0.01
3897,NS-02-M02,093,R,Fumino Furuhashi,We Never Learn!: Bokuben,common,1.02,0.01
3898,NS-02-M02,094,R,Holo,Spice & Wolf,common,1.05,0.01
3899,NS-02-M02,095,R,Hestia,Is It Wrong to Try to Pick Up Girls in a Dungeon?,common,1.05,0.01
3900,NS-02-M02,096,R,Kuroyukihime,Accel World,common,1.05,0.01
3901,NS-02-M02,097,R,Black Rock Shooter,Black Rock Shooter,common,1.03,0.01
3902,NS-02-M02,098,R,Shinobu Kochou,Demon Slayer (Kimetsu no Yaiba),epic,4.97,0.05
3903,NS-02-M02,099,R,Kumiko Oumae,Sound! Euphonium,common,1.03,0.01
3904,NS-02-M02,100,R,Megumin,God's Blessing on this Wonderful World! (KonoSuba),epic,4.87,0.05
3905,NS-02-M02,101,R,Chtholly Nota Seniorious,WorldEnd: What do you do at the end of the world? Are you busy? Will you save us?,common,1.00,0.01
3906,NS-02-M02,102,R,Shiki Ryougi,Kara no Kyoukai,common,1.03,0.01
3907,NS-02-M02,103,R,Lyria,Granblue Fantasy,common,1.01,0.01
3908,NS-02-M02,104,R,Luo Tianyi,Vocaloid,common,1.04,0.01
3909,NS-02-M02,105,R,Nero Claudius,Fate Series,common,1.05,0.01
3910,NS-02-M02,106,R,Nono,Gunbuster,common,1.05,0.01
3911,NS-02-M02,107,R,Mikasa Ackerman,Attack on Titan,epic,3.39,0.03
3912,NS-02-M02,108,R,Shino Asada,Sword Art Online,rare,1.53,0.02
3913,NS-02-M02,109,R,Erio Touwa,Ground Control to Psychoelectric Girl,common,1.03,0.01
3914,NS-02-M02,110,R,Gabriel Tenma White,Gabriel DropOut,common,1.04,0.01
3915,NS-02-M02,111,R,Victorique de Blois,Gosick,common,1.00,0.01
3916,NS-02-M02,112,R,Shana,Shakugan no Shana,common,1.05,0.01
3917,NS-02-M02,113,R,Shalltear,Overlord,common,1.03,0.01
3918,NS-02-M02,114,R,Rikka Takanashi,"Love, Chunibyo & Other Delusions!",common,1.02,0.01
3919,NS-02-M02,115,R,Aria H Kanzaki,Aria the Scarlet Ammo,common,1.02,0.01
3920,NS-02-M02,116,R,Kotoko Iwanaga,In/Spectre,common,1.02,0.01
3921,NS-02-M02,117,R,Inori Yuzuriha,Guilty Crown,common,1.03,0.01
3922,NS-02-M02,118,R,Illyasviel von Einzbern,Fate Series,common,1.05,0.01
3923,NS-02-M02,119,R,Yoko Littner,Gurren Lagann,common,1.04,0.01
3924,NS-02-M02,120,R,Tsukasa Yuzaki,TONIKAWA: Over the Moon For You,common,1.03,0.01
3925,NS-02-M02,121,R,Usagi Tsukino (Sailor Moon),Sailor Moon,common,1.03,0.01
3926,NS-02-M02,122,R,Jeanne d'Arc,Fate Series,common,1.00,0.01
3927,NS-02-M02,123,R,Hotaru Shidare,Dagashi Kashi,epic,4.57,0.05
3928,NS-02-M02,124,R,Sylvanas Windrunner,World of Warcraft,common,1.03,0.01
3929,NS-02-M02,125,R,Manaka Mukaido,Nagi-Asu: A Lull in the Sea,common,1.02,0.01
3930,NS-02-M02,126,R,Kaguya Shinomiya,Kaguya-sama: Love is War,epic,3.07,0.03
3931,NS-02-M02,127,R,Chika Fujiwara,Kaguya-sama: Love is War,epic,4.97,0.05
3932,NS-02-M02,128,R,Ai Hayasaka,Kaguya-sama: Love is War,epic,3.02,0.03
3933,NS-02-M02,129,R,Eustiana von Astraea (Pecorine),Princess Connect Re:Dive,common,1.02,0.01
3934,NS-02-M02,130,R,Kyouka Hikawa,Princess Connect Re:Dive,common,1.02,0.01
3935,NS-02-M02,131,R,Ryuuko Matoi,Kill la Kill,epic,3.64,0.04
3936,NS-02-M02,132,R,Satsuki Kiryuuin,Kill la Kill,epic,3.89,0.04
3937,NS-02-M02,133,R,Kurumi Tokisaki,Date A Live,common,1.05,0.01
3938,NS-02-M02,134,R,Tatsumaki,One Punch Man,epic,4.25,0.04
3939,NS-02-M02,135,R,Atsuko Kagari,Little Witch Academia,common,1.01,0.01
3940,NS-02-M02,136,R,Diana Cavendish,Little Witch Academia,common,1.05,0.01
3941,NS-02-M02,137,R,Lillie,Pokemon,common,1.05,0.01
3942,NS-02-M02,138,R,Lana,Pokemon,common,1.02,0.01
3943,NS-02-M02,139,R,Celestia Ludenberg,Danganronpa,common,1.00,0.01
3944,NS-02-M02,140,R,Junko Enoshima,Danganronpa,common,1.05,0.01
3945,NS-02-M02,141,R,Shimakaze,Kantai Collection,common,1.01,0.01
3946,NS-02-M02,142,R,Akemi Homura,Puella Magi Madoka Magica,common,1.03,0.01
3947,NS-02-M02,143,R,Rin Shima,Laid-Back Camp,common,1.04,0.01
3948,NS-02-M02,144,R,Nadeshiko Kagamihara,Laid-Back Camp,common,1.00,0.01
3949,NS-02-M02,145,R,Shinku,Rozen Maiden,common,1.00,0.01
3950,NS-02-M02,146,R,Suigintou,Rozen Maiden,common,1.02,0.01
3951,NS-02-M02,147,R,Chizuru Ichinose,Rent-a-Girlfriend,common,1.05,0.01
3952,NS-02-M02,148,R,Ruka Sarashina,Rent-a-Girlfriend,common,1.02,0.01
3953,NS-02-M02,149,R,Sumi Sakurasawa,Rent-a-Girlfriend,common,1.02,0.01
3954,NS-02-M02,150,R,Cocoa Hoto,Is the Order a Rabbit?,common,1.00,0.01
3955,NS-02-M02,151,R,Chino Kafuu,Is the Order a Rabbit?,common,1.05,0.01
3956,NS-02-M02,152,R,Rize Tedeza,Is the Order a Rabbit?,common,1.01,0.01
3957,NS-02-M02,153,R,Mashu Kyrielight,Fate Series,common,1.01,0.01
3958,NS-02-M02,154,R,Madoka Kaname,Puella Magi Madoka Magica,common,1.03,0.01
3959,NS-02-M02,155,R,Rin Tohsaka,Fate Series,common,1.03,0.01
3960,NS-02-M02,156,R,Sakura Matou,Fate Series,common,1.05,0.01
3961,NS-02-M02,157,R,Okita Souji,Fate Series,common,1.02,0.01
3962,NS-02-M02,158,R,Sanae Kochiya,Touhou Project,common,1.02,0.01
3963,NS-02-M02,159,R,Alice Margatroid,Touhou Project,common,1.05,0.01
3964,NS-02-M02,160,R,Yukari Yakumo,Touhou Project,common,1.02,0.01
3965,NS-02-M02,161,R,Remilia Scarlet,Touhou Project,common,1.05,0.01
3966,NS-02-M02,162,R,Flandre Scarlet,Touhou Project,common,1.05,0.01
3967,NS-02-M02,163,R,Sakuya Izayoi,Touhou Project,common,1.03,0.01
3968,NS-02-M02,164,R,Reisen Udongein Inaba,Touhou Project,common,1.04,0.01
3969,NS-02-M02,165,R,Patchouli Knowledge,Touhou Project,common,1.00,0.01
3970,NS-02-M02,166,R,Kaguya Houraisan,Touhou Project,common,1.04,0.01
3971,NS-02-M02,167,R,Cirno,Touhou Project,common,1.02,0.01
3972,NS-02-M02,168,R,Aya Shameimaru,Touhou Project,common,1.00,0.01
3973,NS-02-M02,169,R,Fujiwara no Mokou,Touhou Project,common,1.05,0.01
3974,NS-02-M02,170,R,Suika Ibuki,Touhou Project,common,1.00,0.01
3975,NS-02-M02,171,R,Youmu Konpaku,Touhou Project,common,1.04,0.01
3976,NS-02-M02,172,R,Ayumu Uehara,Love Live!,common,1.03,0.01
3977,NS-02-M02,173,R,Kasumi Nakasu,Love Live!,common,1.04,0.01
3978,NS-02-M02,174,R,Shizuku Osaka,Love Live!,common,1.02,0.01
3979,NS-02-M02,175,R,Karin Asaka,Love Live!,common,1.03,0.01
3980,NS-02-M02,176,R,Ai Miyashita,Love Live!,common,1.04,0.01
3981,NS-02-M02,177,R,Kanata Konoe,Love Live!,common,1.04,0.01
3982,NS-02-M02,178,R,Emma Verde,Love Live!,common,1.02,0.01
3983,NS-02-M02,179,R,Setsuna Yuuki,Love Live!,common,1.04,0.01
3984,NS-02-M02,180,R,Rina Tennouji,Love Live!,common,1.05,0.01
3985,NS-02-M02,001,PR,Sakura Shinguji,Sakura Wars,common,1.01,12.12
3986,NS-02-M02,002,PR,Quiet,Metal Gear Solid,common,1.04,12.48
3987,NS-02-M02,003,PR,Zero,Drakengard 3,common,1.02,12.24
3988,NS-02-M02,004,PR,Zero Suit Samus,Metroid,common,1.02,12.24
3989,NS-02-M02,005,PR,Ellie,The Last of Us,common,1.03,12.36
3990,NS-02-M02,006,PR,Nova Terra,Starcraft II,common,1.01,12.12
3991,NS-02-M02,007,PR,Emma,Sekiro,common,1.04,12.48
3992,NS-02-M02,008,PR,Chocola,Nekopara,common,1.02,12.24
3993,NS-02-M02,009,PR,Vanilla,Nekopara,common,1.01,12.12
3994,NS-02-M02,010,PR,Rin,Muse Dash,common,1.05,12.60
3995,NS-02-M02,011,PR,Buro,Muse Dash,common,1.04,12.48
3996,NS-02-M02,012,PR,Marija,Muse Dash,common,1.00,12.00
3997,NS-02-M02,013,PR,Rin,Muse Dash,common,1.04,12.48
3998,NS-02-M02,014,PR,Buro,Muse Dash,common,1.02,12.24
3999,NS-02-M02,015,PR,Marija,Muse Dash,common,1.02,12.24
4000,NS-02-M02,016,PR,Rin,Muse Dash,common,1.00,12.00
4001,NS-02-M02,017,PR,Buro,Muse Dash,common,1.02,12.24
4002,NS-02-M02,018,PR,Marija,Muse Dash,common,1.04,12.48
4003,NS-02-M03,001,PTR,Reimu Hakurei,Touhou Project,common,1.01,6.06
4004,NS-02-M03,002,PTR,Takagi-san,Teasing Master Takagi-san,common,1.02,6.12
4005,NS-02-M03,003,PTR,Megumin,God's Blessing on this Wonderful World! (KonoSuba),epic,4.74,28.44
4006,NS-02-M03,004,PTR,Chtholly Nota Seniorious,WorldEnd: What do you do at the end of the world? Are you busy? Will you save us?,common,1.00,6.00
4007,NS-02-M03,005,PTR,Makima,Chainsaw Man,epic,4.10,24.60
4008,NS-02-M03,006,PTR,Nezuko Kamado,Demon Slayer (Kimetsu no Yaiba),epic,4.39,26.34
4009,NS-02-M03,007,PTR,Shinobu Oshino,Monogatari Series,common,1.04,6.24
4010,NS-02-M03,008,PTR,Mai Sakurajima,Rascal Does Not Dream Of Bunny Girl Senpai,common,1.03,6.18
4011,NS-02-M03,009,PTR,U-1196,Cells at Work!,common,1.04,6.24
4012,NS-02-M03,010,SSR,C.C.,Code Geass,common,1.05,2.63
4013,NS-02-M03,011,SSR,Artoria Pendragon (Saber),Fate Series,common,1.01,2.53
4014,NS-02-M03,012,SSR,Mashu Kyrielight,Fate Series,common,1.05,2.63
4015,NS-02-M03,013,SSR,Sagiri Izumi,Eromanga Sensei,common,1.04,2.60
4016,NS-02-M03,014,SSR,Shinobu Kochou,Demon Slayer (Kimetsu no Yaiba),epic,3.00,7.50
4017,NS-02-M03,015,SSR,Mirai Kuriyama,Beyond the Boundary,common,1.05,2.63
4018,NS-02-M03,016,SSR,Haruhi Suzumiya,The Melancholy of Haruhi Suzumiya,common,1.03,2.58
4019,NS-02-M03,017,SSR,Ryuuko Matoi,Kill la Kill,epic,4.18,10.45
4020,NS-02-M03,018,SSR,Madoka Kaname,Puella Magi Madoka Magica,common,1.01,2.53
4021,NS-02-M03,019,SSR,Maple,"BOFURI: I Don't Want to Get Hurt, so I'll Max Out My Defense.",rare,1.65,4.13
4022,NS-02-M03,020,SSR,Usagi Tsukino (Sailor Moon),Sailor Moon,common,1.05,2.63
4023,NS-02-M03,021,SSR,Sakura Kinomoto,Cardcaptor Sakura,common,1.05,2.63
4024,NS-02-M03,022,SSR,Shana,Shakugan no Shana,common,1.02,2.55
4025,NS-02-M03,023,SSR,Albedo,Overlord,common,1.00,2.50
4026,NS-02-M03,024,SSR,Misaka Mikoto,A Certain Magical Index (Toaru Kagaku no Railgun),common,1.05,2.63
4027,NS-02-M03,025,SSR,Shizue Izawa,That Time I Got Reincarnated as a Slime,epic,5.00,12.50
4028,NS-02-M03,026,SSR,Milim Nava,That Time I Got Reincarnated as a Slime,epic,3.37,8.43
4029,NS-02-M03,027,SSR,Shuna,That Time I Got Reincarnated as a Slime,epic,4.66,11.65
4030,NS-02-M03,028,SSR,Emilia,Re:Zero,epic,3.51,8.77
4031,NS-02-M03,029,SSR,Rem,Re:Zero,epic,4.47,11.18
4032,NS-02-M03,030,SSR,Ram,Re:Zero,epic,3.65,9.13
4033,NS-02-M03,031,SSR,Echidna,Re:Zero,epic,4.10,10.25
4034,NS-02-M03,032,SSR,Tohka Yatogami,Date A Live,common,1.05,2.63
4035,NS-02-M03,033,SSR,Yoshino Himekawa,Date A Live,common,1.00,2.50
4036,NS-02-M03,034,SSR,Kurumi Tokisaki,Date A Live,common,1.03,2.58
4037,NS-02-M03,035,SSR,Kotori Itsuka,Date A Live,common,1.05,2.63
4038,NS-02-M03,036,SSR,Origami Tobiichi,Date A Live,common,1.00,2.50
4039,NS-02-M03,037,SR,Stocking,Panty & Stocking with Garterbelt,common,1.03,0.10
4040,NS-02-M03,038,SR,Aqua,God's Blessing on this Wonderful World! (KonoSuba),epic,3.81,0.38
4041,NS-02-M03,039,SR,Hatsune Miku,Vocaloid,common,1.05,0.11
4042,NS-02-M03,040,SR,Taiga Aisaka,Toradora,common,1.04,0.10
4043,NS-02-M03,041,SR,Katarina Claes,My Next Life as A Villainness,common,1.00,0.10
4044,NS-02-M03,042,SR,Saki Miyanaga,Saki,common,1.01,0.10
4045,NS-02-M03,043,SR,Rika Furude,When they Cry (Higurashi no Naku Koro ni),common,1.00,0.10
4046,NS-02-M03,044,SR,Dark Magician Girl,Yu-Gi-Oh!,rare,1.62,0.16
4047,NS-02-M03,045,SR,Luo Tianyi,Vocaloid,common,1.03,0.10
4048,NS-02-M03,046,SR,Eru Chitanda,Hyouka,common,1.00,0.10
4049,NS-02-M03,047,SR,Kagome Higurashi,Inuyasha,common,1.03,0.10
4050,NS-02-M03,048,SR,Chika Fujiwara,Kaguya-sama: Love is War,epic,4.42,0.44
4051,NS-02-M03,049,SR,Gabriel Tenma White,Gabriel DropOut,common,1.04,0.10
4052,NS-02-M03,050,SR,Tohru,Miss Kobayashi's Dragon Maid,epic,4.92,0.49
4053,NS-02-M03,051,SR,Shalltear,Overlord,common,1.01,0.10
4054,NS-02-M03,052,SR,Kotoko Iwanaga,In/Spectre,common,1.05,0.11
4055,NS-02-M03,053,SR,Nao Tomori,Charlotte,common,1.03,0.10
4056,NS-02-M03,054,SR,Erina Nakiri,Food Wars! Shokugeki no Soma,common,1.00,0.10
4057,NS-02-M03,055,R,Chisato Shirasagi,BanG Dream!,common,1.01,0.01
4058,NS-02-M03,056,R,Rikka Takarada,SSSS.GRIDMAN,common,1.02,0.01
4059,NS-02-M03,057,R,Mitsuha Miyamizu,Your Name,common,1.04,0.01
4060,NS-02-M03,058,R,Remilia Scarlet,Touhou Project,common,1.01,0.01
4061,NS-02-M03,059,R,Nanoha Takamachi,Magical Girl Lyrical Nanoha,common,1.03,0.01
4062,NS-02-M03,060,R,Kei Karuizawa,Classroom of the Elite,rare,1.92,0.02
4063,NS-02-M03,061,R,Celestia Ludenberg,Danganronpa,common,1.01,0.01
4064,NS-02-M03,062,R,Index Librorum Prohibitorum,A Certain Magical Index (Toaru Kagaku no Railgun),common,1.05,0.01
4065,NS-02-M03,063,R,Eula,Genshin Impact,common,1.05,0.01
4066,NS-02-M03,064,R,Honoka Kousaka,Love Live!,common,1.05,0.01
4067,NS-02-M03,065,R,Kotori Minami,Love Live!,common,1.03,0.01
4068,NS-02-M03,066,R,Umi Sonoda,Love Live!,common,1.00,0.01
4069,NS-02-M03,067,R,Eli Ayase,Love Live!,common,1.00,0.01
4070,NS-02-M03,068,R,Nozomi Tojo,Love Live!,common,1.04,0.01
4071,NS-02-M03,069,R,Maki Nishikino,Love Live!,common,1.04,0.01
4072,NS-02-M03,070,R,Rin Hoshizora,Love Live!,common,1.05,0.01
4073,NS-02-M03,071,R,Hanayo Koizumi,Love Live!,common,1.03,0.01
4074,NS-02-M03,072,R,Nico Yazawa,Love Live!,common,1.05,0.01
4075,NS-02-M03,001,PR,Ai Hayasaka,Kaguya-sama: Love is War,epic,3.53,42.36
4076,NS-02-M03,002,PR,Akane Shinjo,SSSS.GRIDMAN,common,1.00,12.00
4077,NS-02-M03,003,PR,Rikka Takarada,SSSS.GRIDMAN,common,1.04,12.48
4078,NS-02-M03,004,PR,Kokoro Natsume (Kokkoro),Princess Connect Re:Dive,common,1.03,12.36
4079,NS-02-M03,005,PR,Eustiana von Astraea (Pecorine),Princess Connect Re:Dive,common,1.04,12.48
4080,NS-02-M03,006,PR,Kiruya Momochi (Kyaru),Princess Connect Re:Dive,common,1.01,12.12
4081,NS-02-M03,007,PR,Suguha Kirigaya,Sword Art Online,rare,1.61,19.32
4082,NS-02-M03,008,PR,Shino Asada,Sword Art Online,rare,1.63,19.56
4083,NS-02-M03,009,PR,Shuten Douji,Fate Series,common,1.01,12.12
4084,NS-02-M03,010,PR,Artoria Pendragon (Saber) Alter,Fate Series,common,1.00,12.00
4085,NS-02-M03,011,PR,Rin Tohsaka,Fate Series,common,1.04,12.48
4086,NS-02-M03,012,PR,Sakura Matou,Fate Series,common,1.03,12.36
4087,NS-02-M03,013,PR,Narberal Gamma,Overlord,common,1.00,12.00
4088,NS-02-M03,014,PR,Misaki Usui,Kaichou Wa Maid-Sama!,common,1.04,12.48
4089,NS-02-M03,015,PR,Sakuya Izayoi,Touhou Project,common,1.00,12.00
4090,NS-02-M03,016,PR,Maika Sakuranomiya,Blend S,common,1.02,12.24
4091,NS-02-M03,017,PR,Myucel Foaran,Outbreak Company,common,1.02,12.24
4092,NS-02-M03,018,PR,Minato Aqua,Hololive,common,1.04,12.48
4093,NS-02-M04,001,PTR,Zero Two,Darling in the Franxx,epic,4.09,24.54
4094,NS-02-M04,002,PTR,Emilia,Re:Zero,epic,3.81,22.86
4095,NS-02-M04,003,PTR,Kashima,Kantai Collection,common,1.04,6.24
4096,NS-02-M04,004,PTR,Kurumi Tokisaki,Date A Live,common,1.04,6.24
4097,NS-02-M04,005,PTR,Kurisu Makise,Steins; Gate,epic,4.31,25.86
4098,NS-02-M04,006,PTR,Rachel Gardner,Angels of Death,common,1.03,6.18
4099,NS-02-M04,007,PTR,Gray,Fate Series,common,1.05,6.30
4100,NS-02-M04,008,PTR,Haruhi Suzumiya,The Melancholy of Haruhi Suzumiya,common,1.00,6.00
4101,NS-02-M04,009,PTR,Sakura Minamoto,Zombieland Saga,common,1.03,6.18
4102,NS-02-M04,010,SSR,Siesta,The Detective is Already Dead,common,1.01,2.53
4103,NS-02-M04,011,SSR,Yume Minami,SSSS.DYNAZENON,common,1.00,2.50
4104,NS-02-M04,012,SSR,Makima,Chainsaw Man,epic,4.71,11.78
4105,NS-02-M04,013,SSR,Iris,Fire Force,epic,3.29,8.23
4106,NS-02-M04,014,SSR,Filo,The Rising of the Shield Hero,rare,1.61,4.03
4107,NS-02-M04,015,SSR,Yuuko Yoshida,The Demon Girl Next Door,common,1.03,2.58
4108,NS-02-M04,016,SSR,Krul Tepes,Seraph of The End,rare,1.94,4.85
4109,NS-02-M04,017,SSR,Nezuko Kamado,Demon Slayer (Kimetsu no Yaiba),epic,3.31,8.28
4110,NS-02-M04,018,SSR,Chiya,Urara Meirochou,common,1.03,2.58
4111,NS-02-M04,019,SSR,Tamako Kitashirakawa,Tamako Market,common,1.03,2.58
4112,NS-02-M04,020,SSR,Mejiro McQueen,Uma Musume Pretty Derby,common,1.04,2.60
4113,NS-02-M04,021,SSR,Mihono Bourbon,Uma Musume Pretty Derby,common,1.04,2.60
4114,NS-02-M04,022,SSR,Mumei,Kabaneri of the Iron Fortress,epic,4.26,10.65
4115,NS-02-M04,023,SSR,Blaze,Arknights,common,1.02,2.55
4116,NS-02-M04,024,SSR,Skadi,Arknights,common,1.02,2.55
4117,NS-02-M04,025,SSR,Usagi Tsukino (Sailor Moon),Sailor Moon,common,1.01,2.53
4118,NS-02-M04,026,SSR,Nero Claudius,Fate Series,common,1.01,2.53
4119,NS-02-M04,027,SSR,Scathach,Fate Series,common,1.00,2.50
4120,NS-02-M04,028,SSR,Elaina,The Journey of Elaina,common,1.03,2.58
4121,NS-02-M04,029,SSR,Kamisato Ayaka,Genshin Impact,common,1.03,2.58
4122,NS-02-M04,030,SSR,Eula,Genshin Impact,common,1.05,2.63
4123,NS-02-M04,031,SSR,Yoshino Himekawa,Date A Live,common,1.05,2.63
4124,NS-02-M04,032,SSR,White Queen,Date A Live,common,1.02,2.55
4125,NS-02-M04,033,SSR,Origami Tobiichi,Date A Live,common,1.00,2.50
4126,NS-02-M04,034,SSR,Ilulu,Miss Kobayashi's Dragon Maid,epic,3.76,9.40
4127,NS-02-M04,035,SSR,Yuna,Sword Art Online,rare,1.76,4.40
4128,NS-02-M04,036,SSR,Konno Yuuki,Sword Art Online,rare,1.94,4.85
4129,NS-02-M04,037,SR,Tomoyo Daidouji,Cardcaptor Sakura,common,1.02,0.10
4130,NS-02-M04,038,SR,Suzune Amano,Puella Magi Suzune Magica,common,1.05,0.11
4131,NS-02-M04,039,SR,Nanoha Takamachi,Magical Girl Lyrical Nanoha,common,1.01,0.10
4132,NS-02-M04,040,SR,Sistine Fibel,Akashic Records Of Bastard Magic Instructor,common,1.04,0.10
4133,NS-02-M04,041,SR,Yurine Hanazono,Dropkick on My Devil!,common,1.03,0.10
4134,NS-02-M04,042,SR,Tsubasa Kazanari,Senki Zessh┼Н Symphogear,common,1.00,0.10
4135,NS-02-M04,043,SR,Shirabe Tsukuyomi,Senki Zessh┼Н Symphogear,common,1.01,0.10
4136,NS-02-M04,044,SR,Chizuru Ichinose,Rent-a-Girlfriend,common,1.00,0.10
4137,NS-02-M04,045,SR,Ruka Sarashina,Rent-a-Girlfriend,common,1.05,0.11
4138,NS-02-M04,046,SR,Mimori Togo,Yuuki Yuuna is a Hero,common,1.00,0.10
4139,NS-02-M04,047,SR,Yuuki Yuuna,Yuuki Yuuna is a Hero,common,1.02,0.10
4140,NS-02-M04,048,SR,Nogi Sonoko,Yuuki Yuuna is a Hero,common,1.05,0.11
4141,NS-02-M04,049,SR,Bismarck,Azur Lane,common,1.04,0.10
4142,NS-02-M04,050,SR,Prinz Eugen,Azur Lane,common,1.03,0.10
4143,NS-02-M04,051,SR,Roon,Azur Lane,common,1.05,0.11
4144,NS-02-M04,052,SR,Tsubasa Kira,Love Live!,common,1.03,0.10
4145,NS-02-M04,053,SR,Erena Toudou,Love Live!,common,1.02,0.10
4146,NS-02-M04,054,SR,Anju Yuuki,Love Live!,common,1.02,0.10
4147,NS-02-M04,055,R,Shiraori,"So I'm a Spider, So What?",common,1.01,0.01
4148,NS-02-M04,056,R,Amber,Genshin Impact,common,1.01,0.01
4149,NS-02-M04,057,R,Fischl,Genshin Impact,common,1.01,0.01
4150,NS-02-M04,058,R,Fujino Asagami,Kara no Kyoukai,common,1.04,0.01
4151,NS-02-M04,059,R,Minamoto no Raikou,Fate Series,common,1.01,0.01
4152,NS-02-M04,060,R,Frankenstein,Fate Series,common,1.03,0.01
4153,NS-02-M04,061,R,Saeko Busujima,High School Of The Dead,common,1.01,0.01
4154,NS-02-M04,062,R,Serena,Pokemon,common,1.01,0.01
4155,NS-02-M04,063,R,Lillie,Pokemon,common,1.03,0.01
4156,NS-02-M04,064,R,Kuroyukihime,Accel World,common,1.01,0.01
4157,NS-02-M04,065,R,Tsurugi no Otome,Goblin Slayer,epic,3.74,0.04
4158,NS-02-M04,066,R,Onna Shinkan,Goblin Slayer,rare,1.88,0.02
4159,NS-02-M04,067,R,Ryuuko Matoi,Kill la Kill,epic,4.37,0.04
4160,NS-02-M04,068,R,Mikumo Guynemer,Macross,rare,1.73,0.02
4161,NS-02-M04,069,R,Freyja Wion,Macross,rare,1.88,0.02
4162,NS-02-M04,070,R,Tea Gardner,Yu-Gi-Oh!,rare,1.51,0.02
4163,NS-02-M04,071,R,Stella Vermillion,Chivalry of a Failed Knight,common,1.03,0.01
4164,NS-02-M04,072,R,Ibuki Mioda,Danganronpa,common,1.00,0.01
4165,NS-02-M04,001,PR,Tenka Yatogami,Date A Live,common,1.00,12.00
4166,NS-02-M04,002,PR,Kokoro Natsume (Kokkoro),Princess Connect Re:Dive,common,1.01,12.12
4167,NS-02-M04,003,PR,Yui Yuigahama,My Youth Romantic Comedy Is Wrong As I Expected,common,1.05,12.60
4168,NS-02-M04,004,PR,Honami Ichinose,Classroom of the Elite,rare,1.84,22.08
4169,NS-02-M04,005,PR,Kei Shirogane,Kaguya-sama: Love is War,epic,3.14,37.68
4170,NS-02-M04,006,PR,Ginko Sora,The Ryuo's Work is Never Done,common,1.03,12.36
4171,NS-02-M04,007,PR,Yukina Minato,BanG Dream!,common,1.01,12.12
4172,NS-02-M04,008,PR,Keqing,Genshin Impact,common,1.04,12.48
4173,NS-02-M04,009,PR,Chino Kafuu,Is the Order a Rabbit?,common,1.01,12.12
4174,NS-02-M04,010,PR,Yukino Yukinoshita,My Youth Romantic Comedy Is Wrong As I Expected,common,1.00,12.00
4175,NS-02-M04,011,PR,Rin Tohsaka,Fate Series,common,1.00,12.00
4176,NS-02-M04,012,PR,Gold Ship,Uma Musume Pretty Derby,common,1.04,12.48
4177,NS-02-M05,001,PTR,Tenka Yatogami,Date A Live,common,1.01,6.06
4178,NS-02-M05,002,PTR,Madoka Kaname,Puella Magi Madoka Magica,common,1.04,6.24
4179,NS-02-M05,003,PTR,Akemi Homura,Puella Magi Madoka Magica,common,1.02,6.12
4180,NS-02-M05,004,PTR,Hanako,Kemono Michi: Rise Up,common,1.05,6.30
4181,NS-02-M05,005,PTR,Asuka Shikinami Langley,Evangelion,common,1.02,6.12
4182,NS-02-M05,006,PTR,Mikuru Asahina,The Melancholy of Haruhi Suzumiya,common,1.03,6.18
4183,NS-02-M05,007,PTR,Maika Sakuranomiya,Blend S,common,1.02,6.12
4184,NS-02-M05,008,PTR,Yuuko Yoshida,The Demon Girl Next Door,common,1.05,6.30
4185,NS-02-M05,009,PTR,Momo Chiyoda,The Demon Girl Next Door,common,1.02,6.12
4186,NS-02-M05,010,SSR,Ikaros,Heaven's Lost Property,common,1.05,2.63
4187,NS-02-M05,011,SSR,Azusa,I've Been Killing Slimes for 300 Years and Maxed Out My Level,common,1.04,2.60
4188,NS-02-M05,012,SSR,Shouko Komi,Komi Can't Communicate,epic,4.91,12.28
4189,NS-02-M05,013,SSR,Kukuru Misakino,The Aquatope on White Sand,common,1.03,2.58
4190,NS-02-M05,014,SSR,Rena Ryugu,When they Cry (Higurashi no Naku Koro ni),common,1.01,2.53
4191,NS-02-M05,015,SSR,Neko Kuroha,Brynhildr in the Darkness,common,1.00,2.50
4192,NS-02-M05,016,SSR,Northern Princess,Kantai Collection,common,1.02,2.55
4193,NS-02-M05,017,SSR,Alisa Ilinichina Amiella,God Eater,rare,1.94,4.85
4194,NS-02-M05,018,SSR,Latina,"If it's for My Daughter, I'd Even Defeat a Demon Lord",common,1.01,2.53
4195,NS-02-M05,019,SSR,Vivy,Vivy -Fluorite Eye's Song-,epic,4.14,10.35
4196,NS-02-M05,020,SSR,Sayaka Maizono,Danganronpa,common,1.02,2.55
4197,NS-02-M05,021,SSR,Kyoko Kirigiri,Danganronpa,common,1.00,2.50
4198,NS-02-M05,022,SSR,Rosa,Pokemon,common,1.05,2.63
4199,NS-02-M05,023,SSR,Exusiai,Arknights,common,1.02,2.55
4200,NS-02-M05,024,SSR,Kama,Fate Series,common,1.01,2.53
4201,NS-02-M05,025,SSR,Kokomi Sangonomiya,Genshin Impact,common,1.01,2.53
4202,NS-02-M05,026,SSR,Raiden Shogun,Genshin Impact,common,1.00,2.50
4203,NS-02-M05,027,SSR,Yae Miko,Genshin Impact,common,1.05,2.63
4204,NS-02-M05,028,SSR,Grainne,Girl Cafe Gun,common,1.05,2.63
4205,NS-02-M05,029,SSR,Ranko Kanzaki,The Idolm@ster,common,1.01,2.53
4206,NS-02-M05,030,SSR,Asuka Ninomiya,The Idolm@ster,common,1.00,2.50
4207,NS-02-M05,031,SSR,Gold Ship,Uma Musume Pretty Derby,common,1.02,2.55
4208,NS-02-M05,032,SSR,Asuna Ichinose,Blue Archive,common,1.05,2.63
4209,NS-02-M05,033,SSR,Shiroko Sunaookami,Blue Archive,common,1.01,2.53
4210,NS-02-M05,034,SSR,Kaguyahime,Mahjong Soul,common,1.03,2.58
4211,NS-02-M05,035,SSR,Riri Hitotsuyanagi,Assault Lily: Bouquet,common,1.01,2.53
4212,NS-02-M05,036,SSR,Yuyu Shirai,Assault Lily: Bouquet,common,1.05,2.63
4213,NS-02-M05,037,SR,Nanoha Takamachi,Magical Girl Lyrical Nanoha,common,1.05,0.11
4214,NS-02-M05,038,SR,Alisa Bannings,Magical Girl Lyrical Nanoha,common,1.04,0.10
4215,NS-02-M05,039,SR,Shizuku Kurogane,Chivalry of a Failed Knight,common,1.02,0.10
4216,NS-02-M05,040,SR,Heidi Augesvarer,Horizon in the Middle of Nowhere,common,1.01,0.10
4217,NS-02-M05,041,SR,Horizon Ariadust,Horizon in the Middle of Nowhere,common,1.02,0.10
4218,NS-02-M05,042,SR,Mary,Horizon in the Middle of Nowhere,common,1.04,0.10
4219,NS-02-M05,043,SR,Veronica,Flower Knight Girl,common,1.00,0.10
4220,NS-02-M05,044,SR,Twinspur,Flower Knight Girl,common,1.01,0.10
4221,NS-02-M05,045,SR,Blushing Bride,Flower Knight Girl,common,1.00,0.10
4222,NS-02-M05,046,SR,Black Gold Saw,Black Rock Shooter,common,1.03,0.10
4223,NS-02-M05,047,SR,Marika Tachibana,Nisekoi,common,1.03,0.10
4224,NS-02-M05,048,SR,Haru Onodera,Nisekoi,common,1.04,0.10
4225,NS-02-M05,049,SR,Manhattan Cafe,Uma Musume Pretty Derby,common,1.05,0.11
4226,NS-02-M05,050,SR,Aru Rikuhachima,Blue Archive,common,1.05,0.11
4227,NS-02-M05,051,SR,Shigure,Kemono Michi: Rise Up,common,1.01,0.10
4228,NS-02-M05,052,SR,Himawari Furutani,YuruYuri: Happy Go Lily,common,1.00,0.10
4229,NS-02-M05,053,SR,Akari Akaza,YuruYuri: Happy Go Lily,common,1.01,0.10
4230,NS-02-M05,054,SR,Sakurako Oomuro,YuruYuri: Happy Go Lily,common,1.03,0.10
4231,NS-02-M05,055,R,Ruka Sarashina,Rent-a-Girlfriend,common,1.05,0.01
4232,NS-02-M05,056,R,Chizuru Ichinose,Rent-a-Girlfriend,common,1.03,0.01
4233,NS-02-M05,057,R,Mami Nanami,Rent-a-Girlfriend,common,1.05,0.01
4234,NS-02-M05,058,R,Mizore Shirayuki,Rosario to Vampire,common,1.02,0.01
4235,NS-02-M05,059,R,Akira Sunazuka,The Idolm@ster,common,1.04,0.01
4236,NS-02-M05,060,R,Rias Gremory,High School DxD,common,1.05,0.01
4237,NS-02-M05,061,R,Masuzu Natsukawa,Oreshura,common,1.02,0.01
4238,NS-02-M05,062,R,Komugi Yoshida,Nurse Witch Komugi-chan R,common,1.05,0.01
4239,NS-02-M05,063,R,Kasumi Nakasu,Love Live!,common,1.04,0.01
4240,NS-02-M05,064,R,Elie MacDowell,Minna Atsumare! Falcom Gakuen SC,common,1.04,0.01
4241,NS-02-M05,065,R,Kuuko,Nyaruko: Crawling with Love!,common,1.03,0.01
4242,NS-02-M05,066,R,Helena Blavatsky,Fate Series,common,1.01,0.01
4243,NS-02-M05,067,R,Illya Ornstein (Elia Onstein ),Princess Connect Re:Dive,common,1.03,0.01
4244,NS-02-M05,068,R,Yuni Shingyouji,Princess Connect Re:Dive,common,1.04,0.01
4245,NS-02-M05,069,R,Suzuran,Arknights,common,1.00,0.01
4246,NS-02-M05,070,R,Mostima,Arknights,common,1.00,0.01
4247,NS-02-M05,071,R,Eula,Genshin Impact,common,1.02,0.01
4248,NS-02-M05,072,R,Venti,Genshin Impact,common,1.01,0.01
4249,NS-02-M05,001,PR,Chiyo Sakura,Monthly Girl's Nozaki-kun,common,1.01,12.12
4250,NS-02-M05,002,PR,Kagamine Rin,Vocaloid,common,1.05,12.60
4251,NS-02-M05,003,PR,Hatsune Miku,Vocaloid,common,1.04,12.48
4252,NS-02-M05,004,PR,Kashima,Kantai Collection,common,1.02,12.24
4253,NS-02-M05,005,PR,Yayoi,Kantai Collection,common,1.05,12.60
4254,NS-02-M05,006,PR,Shizuru Hoshino,Princess Connect Re:Dive,common,1.03,12.36
4255,NS-02-M05,007,PR,Okita Souji,Fate Series,common,1.01,12.12
4256,NS-02-M05,008,PR,Bradamante,Fate Series,common,1.04,12.48
4257,NS-02-M05,009,PR,Isuzu Sento,Amagi Brilliant Park,common,1.04,12.48
4258,NS-02-M05,010,PR,Lewis Gun,Girls' Frontline,common,1.02,12.24
4259,NS-02-M05,011,PR,Alice Zuberg,Sword Art Online,rare,1.55,18.60
4260,NS-02-M05,012,PR,Ferry,Granblue Fantasy,common,1.03,12.36
4261,NS-02-M05,013,PR,Cocoa Hoto,Is the Order a Rabbit?,common,1.00,12.00
4262,NS-02-M05,014,PR,Nozomi Tojo,Love Live!,common,1.03,12.36
4263,NS-02-M05,015,PR,Alice Shimada,Girls Und Panzer,common,1.02,12.24
4264,NS-02-M05,016,PR,Juliet Persia,Boarding School Juliet,common,1.02,12.24
4265,NS-02-M05,017,PR,Nezuko Kamado,Demon Slayer (Kimetsu no Yaiba),epic,4.06,48.72
4266,NS-02-M05,018,PR,Shana,Shakugan no Shana,common,1.00,12.00
4267,NS-02-M06,001,PTR,Rei Ayanami,Evangelion,common,1.00,6.00
4268,NS-02-M06,002,PTR,Rem,Re:Zero,epic,3.20,19.20
4269,NS-02-M06,003,PTR,Yuno Gasai,Future Diary,common,1.03,6.18
4270,NS-02-M06,004,PTR,Ganyu,Genshin Impact,common,1.03,6.18
4271,NS-02-M06,005,PTR,Marin Kitagawa,My Dress-Up Darling,epic,4.53,27.18
4272,NS-02-M06,006,PTR,Mona,Genshin Impact,common,1.02,6.12
4273,NS-02-M06,007,PTR,Onna Shinkan,Goblin Slayer,rare,1.84,11.04
4274,NS-02-M06,008,PTR,Mejiro McQueen,Uma Musume Pretty Derby,common,1.03,6.18
4275,NS-02-M06,009,PTR,Akane Shinjo,SSSS.GRIDMAN,common,1.02,6.12
4276,NS-02-M06,010,SSR,Megurine Luka,Vocaloid,common,1.01,2.53
4277,NS-02-M06,011,SSR,Super Creek,Uma Musume Pretty Derby,common,1.03,2.58
4278,NS-02-M06,012,SSR,Manhattan Cafe,Uma Musume Pretty Derby,common,1.03,2.58
4279,NS-02-M06,013,SSR,Whisperain,Arknights,common,1.00,2.50
4280,NS-02-M06,014,SSR,W,Arknights,common,1.00,2.50
4281,NS-02-M06,015,SSR,Nightingale,Arknights,common,1.03,2.58
4282,NS-02-M06,016,SSR,Filo,The Rising of the Shield Hero,rare,1.84,4.60
4283,NS-02-M06,017,SSR,Hanako Kuroe,Princess Connect Re:Dive,common,1.01,2.53
4284,NS-02-M06,018,SSR,Christina Morgan,Princess Connect Re:Dive,common,1.02,2.55
4285,NS-02-M06,019,SSR,Artoria Pendragon (Ruler),Fate Series,common,1.02,2.55
4286,NS-02-M06,020,SSR,Okita Souji,Fate Series,common,1.02,2.55
4287,NS-02-M06,021,SSR,Abigail Williams,Fate Series,common,1.04,2.60
4288,NS-02-M06,022,SSR,Keqing,Genshin Impact,common,1.01,2.53
4289,NS-02-M06,023,SSR,Shenhe,Genshin Impact,common,1.04,2.60
4290,NS-02-M06,024,SSR,Ilulu,Miss Kobayashi's Dragon Maid,epic,4.56,11.40
4291,NS-02-M06,025,SSR,HMS Perseus,Azur Lane,common,1.03,2.58
4292,NS-02-M06,026,SSR,Tosa,Azur Lane,common,1.02,2.55
4293,NS-02-M06,027,SSR,Independence,Azur Lane,common,1.03,2.58
4294,NS-02-M06,028,SSR,Kobato Hasegawa,Haganai: I don't have many friends,common,1.01,2.53
4295,NS-02-M06,029,SSR,Keiko Ayano,Sword Art Online,rare,1.62,4.05
4296,NS-02-M06,030,SSR,Suguha Kirigaya,Sword Art Online,rare,1.97,4.93
4297,NS-02-M06,031,SSR,Shino Asada,Sword Art Online,rare,1.54,3.85
4298,NS-02-M06,032,SSR,Rika Shinozaki,Sword Art Online,rare,1.82,4.55
4299,NS-02-M06,033,SSR,Kuroyukihime,Accel World,common,1.01,2.53
4300,NS-02-M06,034,SSR,Rin Shibuya,The Idolm@ster,common,1.02,2.55
4301,NS-02-M06,035,SSR,Ninym Ralei,The Genius Prince's Guide to Raising a Nation Out of Debt,common,1.03,2.58
4302,NS-02-M06,036,SSR,Yue,Arifureta: From Commonplace to World's Strongest,common,1.04,2.60
4303,NS-02-M06,037,SR,Sagiri Izumi,Eromanga Sensei,common,1.03,0.10
4304,NS-02-M06,038,SR,Kurumi Tokisaki,Date A Live,common,1.05,0.11
4305,NS-02-M06,039,SR,Miku Izayoi,Date A Live,common,1.01,0.10
4306,NS-02-M06,040,SR,Yoshino Himekawa,Date A Live,common,1.01,0.10
4307,NS-02-M06,041,SR,Kotori Itsuka,Date A Live,common,1.01,0.10
4308,NS-02-M06,042,SR,Kaori Miyazono,Your Lie in April,common,1.00,0.10
4309,NS-02-M06,043,SR,Susu Tushan,Fox Spirit Matchmaker,common,1.00,0.10
4310,NS-02-M06,044,SR,Kazusa Touma,White Album 2,common,1.04,0.10
4311,NS-02-M06,045,SR,Kanna Kamui,Miss Kobayashi's Dragon Maid,epic,4.38,0.44
4312,NS-02-M06,046,SR,Tohru,Miss Kobayashi's Dragon Maid,epic,4.88,0.49
4313,NS-02-M06,047,SR,Kuroko Shirai,A Certain Magical Index (Toaru Kagaku no Railgun),common,1.00,0.10
4314,NS-02-M06,048,SR,Ichika Nakano,The Quintessential Quintuplets,common,1.05,0.11
4315,NS-02-M06,049,SR,Miku Nakano,The Quintessential Quintuplets,common,1.02,0.10
4316,NS-02-M06,050,SR,Hinata Hyuga,Naruto Series,epic,4.94,0.49
4317,NS-02-M06,051,SR,Xia He,The Outcast,rare,1.84,0.18
4318,NS-02-M06,052,SR,Tohka Yatogami,Date A Live,common,1.02,0.10
4319,NS-02-M06,053,SR,Azusa Nakano,K-On!,common,1.04,0.10
4320,NS-02-M06,054,SR,Aqua,God's Blessing on this Wonderful World! (KonoSuba),epic,4.91,0.49
4321,NS-02-M06,055,R,Yae Sakura,Honkai Impact,common,1.02,0.01
4322,NS-02-M06,056,R,Murata Himeko,Honkai Impact,common,1.01,0.01
4323,NS-02-M06,057,R,Raiden Mei,Honkai Impact,common,1.01,0.01
4324,NS-02-M06,058,R,Silverwing: N-EX,Honkai Impact,common,1.02,0.01
4325,NS-02-M06,059,R,Herrscher of Flamescion,Honkai Impact,common,1.00,0.01
4326,NS-02-M06,060,R,Seele Vollerei,Honkai Impact,common,1.04,0.01
4327,NS-02-M06,061,R,Mikasa Ackerman,Attack on Titan,epic,4.79,0.05
4328,NS-02-M06,062,R,Mio Akiyama,K-On!,common,1.05,0.01
4329,NS-02-M06,063,R,Enenra,Onmyoji,common,1.03,0.01
4330,NS-02-M06,064,R,Hotarugusa,Onmyoji,common,1.00,0.01
4331,NS-02-M06,065,R,Mio Takamiya,Date A Live,common,1.00,0.01
4332,NS-02-M06,066,R,Origami Tobiichi,Date A Live,common,1.03,0.01
4333,NS-02-M06,067,R,Honolulu,Azur Lane,common,1.01,0.01
4334,NS-02-M06,068,R,Amiya,Arknights,common,1.04,0.01
4335,NS-02-M06,069,R,Ai Haibara,Detective Conan,common,1.00,0.01
4336,NS-02-M06,070,R,Yuzuru Yamai,Date A Live,common,1.00,0.01
4337,NS-02-M06,071,R,Elaina,The Journey of Elaina,common,1.04,0.01
4338,NS-02-M06,072,R,Diona,Genshin Impact,common,1.00,0.01
4339,NS-02-M06,001,PR,Amiya,Arknights,common,1.01,12.12
4340,NS-02-M06,002,PR,Texas,Arknights,common,1.04,12.48
4341,NS-02-M06,003,PR,Lappland,Arknights,common,1.01,12.12
4342,NS-02-M06,004,PR,Holo,Spice & Wolf,common,1.02,12.24
4343,NS-02-M06,005,PR,Laffey,Azur Lane,common,1.03,12.36
4344,NS-02-M06,006,PR,Satono Diamond,Uma Musume Pretty Derby,common,1.03,12.36
4345,NS-02-M06,007,PR,Chocola,Nekopara,common,1.03,12.36
4346,NS-02-M06,008,PR,Vanilla,Nekopara,common,1.02,12.24
4347,NS-02-M06,009,PR,Miqo'te Race,Granblue Fantasy,common,1.05,12.60
4348,NS-02-M06,010,PR,Haoyun Narmaya,Granblue Fantasy,common,1.04,12.48
4349,NS-02-M06,011,PR,Vikala,Granblue Fantasy,common,1.02,12.24
4350,NS-02-M06,012,PR,Razia,Granblue Fantasy,common,1.00,12.00
4351,NS-02-M07,001,PTR,Misaka Mikoto,A Certain Magical Index (Toaru Kagaku no Railgun),common,1.05,6.30
4352,NS-02-M07,002,PTR,Kaguya Shinomiya,Kaguya-sama: Love is War,epic,4.23,25.38
4353,NS-02-M07,003,PTR,Nezuko Kamado,Demon Slayer (Kimetsu no Yaiba),epic,4.86,29.16
4354,NS-02-M07,004,PTR,Louise,The Familiar of Zero,common,1.00,6.00
4355,NS-02-M07,005,PTR,Shana,Shakugan no Shana,common,1.02,6.12
4356,NS-02-M07,006,PTR,Taiga Aisaka,Toradora,common,1.00,6.00
4357,NS-02-M07,007,PTR,Haruhi Suzumiya,The Melancholy of Haruhi Suzumiya,common,1.03,6.18
4358,NS-02-M07,008,PTR,Kurumi Tokisaki,Date A Live,common,1.05,6.30
4359,NS-02-M07,009,PTR,Ninym Ralei,The Genius Prince's Guide to Raising a Nation Out of Debt,common,1.03,6.18
4360,NS-02-M07,010,SSR,Vladilena Milize,86 (Eighty Six),common,1.01,2.53
4361,NS-02-M07,011,SSR,C.C.,Code Geass,common,1.03,2.58
4362,NS-02-M07,012,SSR,Emilia,Re:Zero,epic,4.16,10.40
4363,NS-02-M07,013,SSR,Beatrice,Re:Zero,epic,3.71,9.28
4364,NS-02-M07,014,SSR,Yamato,One Piece,epic,4.03,10.08
4365,NS-02-M07,015,SSR,Shimakaze,Kantai Collection,common,1.04,2.60
4366,NS-02-M07,016,SSR,Kaho Hinata,Blend S,common,1.01,2.53
4367,NS-02-M07,017,SSR,Shouko Komi,Komi Can't Communicate,epic,4.89,12.23
4368,NS-02-M07,018,SSR,Sagiri Izumi,Eromanga Sensei,common,1.01,2.53
4369,NS-02-M07,019,SSR,Hestia,Is It Wrong to Try to Pick Up Girls in a Dungeon?,common,1.03,2.58
4370,NS-02-M07,020,SSR,Gabriel Tenma White,Gabriel DropOut,common,1.00,2.50
4371,NS-02-M07,021,SSR,Kanna Kamui,Miss Kobayashi's Dragon Maid,epic,3.98,9.95
4372,NS-02-M07,022,SSR,Raphtalia,The Rising of the Shield Hero,epic,4.19,10.48
4373,NS-02-M07,023,SSR,Mitsuri Kanroji,Demon Slayer (Kimetsu no Yaiba),epic,3.41,8.53
4374,NS-02-M07,024,SSR,Nyaruko,Nyaruko: Crawling with Love!,common,1.03,2.58
4375,NS-02-M07,025,SSR,Yui Hirasawa,K-On!,common,1.03,2.58
4376,NS-02-M07,026,SSR,Azusa Nakano,K-On!,common,1.01,2.53
4377,NS-02-M07,027,SSR,Nadeko Sengoku,Monogatari Series,common,1.01,2.53
4378,NS-02-M07,028,SSR,Shinobu Oshino,Monogatari Series,common,1.01,2.53
4379,NS-02-M07,029,SSR,Kagura,Gintama,common,1.02,2.55
4380,NS-02-M07,030,SSR,Tsukiko Tsutsukakushi,"The ""Hentai"" Prince and the Stony Cat",common,1.04,2.60
4381,NS-02-M07,031,SSR,Yuno Gasai,Future Diary,common,1.05,2.63
4382,NS-02-M07,032,SSR,Platelet,Cells at Work!,common,1.03,2.58
4383,NS-02-M07,033,SSR,Kotoko Iwanaga,In/Spectre,common,1.02,2.55
4384,NS-02-M07,034,SSR,Yami,To LOVE-Ru,common,1.02,2.55
4385,NS-02-M07,035,SSR,Tomoyo Daidouji,Cardcaptor Sakura,common,1.04,2.60
4386,NS-02-M07,036,SSR,Milinda Brantini,Heavy Object,common,1.02,2.55
4387,NS-02-M07,037,SR,Nadeshiko Kagamihara,Laid-Back Camp,common,1.04,0.10
4388,NS-02-M07,038,SR,Megumin,God's Blessing on this Wonderful World! (KonoSuba),epic,3.38,0.34
4389,NS-02-M07,039,SR,Lana,Pokemon,common,1.03,0.10
4390,NS-02-M07,040,SR,Narberal Gamma,Overlord,common,1.03,0.10
4391,NS-02-M07,041,SR,Evileye,Overlord,common,1.00,0.10
4392,NS-02-M07,042,SR,Shokuhou Misaki,A Certain Magical Index (Toaru Kagaku no Railgun),common,1.00,0.10
4393,NS-02-M07,043,SR,Fuko Ibuki,Clannad,common,1.03,0.10
4394,NS-02-M07,044,SR,Azusa Azuki,"The ""Hentai"" Prince and the Stony Cat",common,1.01,0.10
4395,NS-02-M07,045,SR,Rin Tohsaka,Fate Series,common,1.04,0.10
4396,NS-02-M07,046,SR,Popura Taneshima,Working!!,common,1.05,0.11
4397,NS-02-M07,047,SR,Mikuru Asahina,The Melancholy of Haruhi Suzumiya,common,1.05,0.11
4398,NS-02-M07,048,SR,Yuki Nagato,The Melancholy of Haruhi Suzumiya,common,1.00,0.10
4399,NS-02-M07,049,SR,Anya Forger,Spy X Family,rare,2.00,0.20
4400,NS-02-M07,050,SR,Sakura Kinomoto,Cardcaptor Sakura,common,1.04,0.10
4401,NS-02-M07,051,SR,Marin Kitagawa,My Dress-Up Darling,epic,4.32,0.43
4402,NS-02-M07,052,SR,Momo Belia Deviluke,To LOVE-Ru,common,1.02,0.10
4403,NS-02-M07,053,SR,Kizuna AI,VTuber,common,1.05,0.11
4404,NS-02-M07,054,SR,Nico Yazawa,Love Live!,common,1.02,0.10
4405,NS-02-M07,055,R,Asirpa,Golden Kamuy,common,1.05,0.01
4406,NS-02-M07,056,R,Chitoge Kirisaki,Nisekoi,common,1.01,0.01
4407,NS-02-M07,057,R,Kosaki Onodera,Nisekoi,common,1.01,0.01
4408,NS-02-M07,058,R,Reimu Hakurei,Touhou Project,common,1.01,0.01
4409,NS-02-M07,059,R,Yuyuko Saigyouji,Touhou Project,common,1.05,0.01
4410,NS-02-M07,060,R,Miyuki Shiba,The Irregular at Magic High School,rare,1.64,0.02
4411,NS-02-M07,061,R,Eris Boreas Greyrat,Mushoku Tensei: Jobless Reincarnation,rare,1.75,0.02
4412,NS-02-M07,062,R,Black Rock Shooter,Black Rock Shooter,common,1.02,0.01
4413,NS-02-M07,063,R,Hatsune Miku,Vocaloid,common,1.05,0.01
4414,NS-02-M07,064,R,Riamu Yumemi,The Idolm@ster,common,1.05,0.01
4415,NS-02-M07,065,R,Iori Minase,The Idolm@ster,common,1.00,0.01
4416,NS-02-M07,066,R,Albedo,Overlord,common,1.04,0.01
4417,NS-02-M07,067,R,Shalltear,Overlord,common,1.02,0.01
4418,NS-02-M07,068,R,Manaka Mukaido,Nagi-Asu: A Lull in the Sea,common,1.05,0.01
4419,NS-02-M07,069,R,Violet Evergarden,Violet Evergarden,common,1.05,0.01
4420,NS-02-M07,070,R,Hotaru Shidare,Dagashi Kashi,epic,3.48,0.03
4421,NS-02-M07,071,R,Kiruya Momochi (Kyaru),Princess Connect Re:Dive,common,1.05,0.01
4422,NS-02-M07,072,R,Illya Ornstein (Elia Onstein ),Princess Connect Re:Dive,common,1.00,0.01
4423,NS-02-M07,001,PR,Echidna,Re:Zero,epic,4.00,48.00
4424,NS-02-M07,002,PR,Megumin,God's Blessing on this Wonderful World! (KonoSuba),epic,3.52,42.24
4425,NS-02-M07,003,PR,Ranni the Witch,Elden Ring,common,1.03,12.36
4426,NS-02-M07,004,PR,Ninny Spangcole,Burn The Witch,common,1.02,12.24
4427,NS-02-M07,005,PR,Louise,The Familiar of Zero,common,1.05,12.60
4428,NS-02-M07,006,PR,Marisa Kirisame,Touhou Project,common,1.01,12.12
4429,NS-02-M07,007,PR,Kiki,Kiki's Delivery Service,common,1.04,12.48
4430,NS-02-M07,008,PR,Elaina,The Journey of Elaina,common,1.05,12.60
4431,NS-02-M07,009,PR,Shizuka Masou,Rance,common,1.03,12.36
4432,NS-02-M07,010,PR,Roxy Migurdia,Mushoku Tensei: Jobless Reincarnation,rare,1.69,20.28
4433,NS-02-M07,011,PR,Schierke,Berserk,common,1.05,12.60
4434,NS-02-M07,012,PR,Atsuko Kagari,Little Witch Academia,common,1.00,12.00
4435,NS-05-M01,001,ZR,C.C.,Code Geass,common,1.02,20.40
4436,NS-05-M01,002,ZR,Artoria Avalon,Fate Series,common,1.05,21.00
4437,NS-05-M01,003,ZR,Madoka Kaname,Puella Magi Madoka Magica,common,1.01,20.20
4438,NS-05-M01,004,ZR,Nezuko Kamado,Demon Slayer (Kimetsu no Yaiba),epic,3.32,66.40
4439,NS-05-M01,005,ZR,Nami,One Piece,mythic,87.39,1747.80
4440,NS-05-M01,006,ZR,Hinata Hyuga,Naruto Series,epic,4.72,94.40
4441,NS-05-M01,007,ZR,Kurumi Tokisaki,Date A Live,common,1.02,20.40
4442,NS-05-M01,008,ZR,Shana,Shakugan no Shana,common,1.05,21.00
4443,NS-05-M01,009,ZR,Asuna Yuuki,Sword Art Online,legendary,15.68,313.60
4444,NS-05-M01,010,MR,Zero Two,Darling in the Franxx,epic,4.03,60.45
4445,NS-05-M01,011,MR,Lightning,Final Fantasy,common,1.01,15.15
4446,NS-05-M01,012,MR,Princess Shirahoshi,One Piece,epic,4.14,62.10
4447,NS-05-M01,013,MR,Meiko Honma,The Flower We Saw That Day,common,1.02,15.30
4448,NS-05-M01,014,MR,Hatsune Miku,Vocaloid,common,1.01,15.15
4449,NS-05-M01,015,MR,Sora Kasugano,Yosuga no Sora,common,1.01,15.15
4450,NS-05-M01,016,MR,Taiga Aisaka,Toradora,common,1.02,15.30
4451,NS-05-M01,017,MR,Orihime Inoue,Bleach,epic,4.46,66.90
4452,NS-05-M01,018,MR,Rem,Re:Zero,epic,4.36,65.40
4453,NS-05-M01,019,MR,Kanade Tachibana,Angel Beats!,common,1.00,15.00
4454,NS-05-M01,020,MR,Haruhi Suzumiya,The Melancholy of Haruhi Suzumiya,common,1.01,15.15
4455,NS-05-M01,021,MR,Kagura,Gintama,common,1.04,15.60
4456,NS-05-M01,022,MR,Teletha Testarossa,Full Metal Panic!,common,1.02,15.30
4457,NS-05-M01,023,MR,Yuno Gasai,Future Diary,common,1.03,15.45
4458,NS-05-M01,024,MR,Platelet,Cells at Work!,common,1.03,15.45
4459,NS-05-M01,025,MR,Eucliwood Hellscythe,Is This a Zombie?,common,1.02,15.30
4460,NS-05-M01,026,MR,Misaka Mikoto,A Certain Magical Index (Toaru Kagaku no Railgun),common,1.05,15.75
4461,NS-05-M01,027,MR,Kokomi Teruhashi,The Disastrous Life of Saiki K,rare,2.00,30.00
4462,NS-05-M01,028,PTR,Misato Katsuragi,Evangelion,common,1.00,6.00
4463,NS-05-M01,029,PTR,Sagiri Izumi,Eromanga Sensei,common,1.04,6.24
4464,NS-05-M01,030,PTR,Shinobu Kochou,Demon Slayer (Kimetsu no Yaiba),epic,4.13,24.78
4465,NS-05-M01,031,PTR,Ai Haibara,Detective Conan,common,1.04,6.24
4466,NS-05-M01,032,PTR,Megumi Kato,Saekano: How to Raise a Boring Girlfriend,common,1.00,6.00
4467,NS-05-M01,033,PTR,Mirai Kuriyama,Beyond the Boundary,common,1.03,6.18
4468,NS-05-M01,034,PTR,Minmay Lynn,Macross,rare,1.91,11.46
4469,NS-05-M01,035,PTR,Tatsumaki,One Punch Man,epic,4.04,24.24
4470,NS-05-M01,036,PTR,Luo Tianyi,Vocaloid,common,1.00,6.00
4471,NS-05-M01,037,PTR,Kurisu Makise,Steins; Gate,epic,3.82,22.92
4472,NS-05-M01,038,PTR,Nyaruko,Nyaruko: Crawling with Love!,common,1.03,6.18
4473,NS-05-M01,039,PTR,Kaname Chidori,Full Metal Panic!,common,1.05,6.30
4474,NS-05-M01,040,PTR,Umaru Doma,Himouto! Umaru-chan,common,1.01,6.06
4475,NS-05-M01,041,PTR,Ruri Gokou,OreImo,common,1.00,6.00
4476,NS-05-M01,042,PTR,Touka Kirishima,Tokyo Ghoul,rare,1.63,9.78
4477,NS-05-M01,043,PTR,Rikka Takanashi,"Love, Chunibyo & Other Delusions!",common,1.01,6.06
4478,NS-05-M01,044,PTR,Yukino Yukinoshita,My Youth Romantic Comedy Is Wrong As I Expected,common,1.03,6.18
4479,NS-05-M01,045,PTR,Tohka Yatogami,Date A Live,common,1.03,6.18
4480,NS-05-M01,046,PTR,Mai Sakurajima,Rascal Does Not Dream Of Bunny Girl Senpai,common,1.03,6.18
4481,NS-05-M01,047,PTR,Mashiro Shiina,The Pet Girl of Sakurasou,common,1.03,6.18
4482,NS-05-M01,048,PTR,Chiyo Sakura,Monthly Girl's Nozaki-kun,common,1.02,6.12
4483,NS-05-M01,049,PTR,Aerith Gainsborough,Final Fantasy,common,1.02,6.12
4484,NS-05-M01,050,PTR,Shiki Ryougi,Kara no Kyoukai,common,1.05,6.30
4485,NS-05-M01,051,PTR,Sakura Kinomoto,Cardcaptor Sakura,common,1.00,6.00
4486,NS-05-M01,052,PTR,Mikasa Ackerman,Attack on Titan,epic,3.84,23.04
4487,NS-05-M01,053,PTR,Mumei,Kabaneri of the Iron Fortress,epic,3.78,22.68
4488,NS-05-M01,054,PTR,Sakura Matou,Fate Series,common,1.03,6.18
4489,NS-05-M01,055,SSR,Echidna,Re:Zero,epic,3.57,8.92
4490,NS-05-M01,056,SSR,Emilia,Re:Zero,epic,3.72,9.30
4491,NS-05-M01,057,SSR,Alice Zuberg,Sword Art Online,rare,1.73,4.33
4492,NS-05-M01,058,SSR,Shiro,No Game No Life,rare,1.63,4.07
4493,NS-05-M01,059,SSR,Kaori Miyazono,Your Lie in April,common,1.05,2.63
4494,NS-05-M01,060,SSR,Boa Hancock,One Piece,epic,4.79,11.98
4495,NS-05-M01,061,SSR,Elf Yamada,Eromanga Sensei,common,1.04,2.60
4496,NS-05-M01,062,SSR,Kaguya Shinomiya,Kaguya-sama: Love is War,epic,4.79,11.98
4497,NS-05-M01,063,SSR,Chitoge Kirisaki,Nisekoi,common,1.05,2.63
4498,NS-05-M01,064,SSR,Violet Evergarden,Violet Evergarden,common,1.01,2.53
4499,NS-05-M01,065,SSR,Utaha Kasumigaoka,Saekano: How to Raise a Boring Girlfriend,common,1.01,2.53
4500,NS-05-M01,066,SSR,Akemi Homura,Puella Magi Madoka Magica,common,1.00,2.50
4501,NS-05-M01,067,SSR,Albedo,Overlord,common,1.04,2.60
4502,NS-05-M01,068,SSR,Mei Terumi,Naruto Series,epic,4.33,10.83
4503,NS-05-M01,069,SSR,Reimu Hakurei,Touhou Project,common,1.05,2.63
4504,NS-05-M01,070,SSR,Ichika Nakano,The Quintessential Quintuplets,common,1.02,2.55
4505,NS-05-M01,071,SSR,Nino Nakano,The Quintessential Quintuplets,common,1.00,2.50
4506,NS-05-M01,072,SSR,Miku Nakano,The Quintessential Quintuplets,common,1.05,2.63
4507,NS-05-M01,073,SSR,Yotsuba Nakano,The Quintessential Quintuplets,common,1.04,2.60
4508,NS-05-M01,074,SSR,Itsuki Nakano,The Quintessential Quintuplets,common,1.05,2.63
4509,NS-05-M01,075,SSR,Shinku,Rozen Maiden,common,1.04,2.60
4510,NS-05-M01,076,SSR,Suigintou,Rozen Maiden,common,1.04,2.60
4511,NS-05-M01,077,SSR,Suiseiseki,Rozen Maiden,common,1.03,2.58
4512,NS-05-M01,078,SSR,Souseiseki,Rozen Maiden,common,1.00,2.50
4513,NS-05-M01,079,SSR,Hinaichigo,Rozen Maiden,common,1.01,2.53
4514,NS-05-M01,080,SSR,Kanaria,Rozen Maiden,common,1.03,2.58
4515,NS-05-M01,081,SSR,Kirakishou,Rozen Maiden,common,1.00,2.50
4516,NS-05-M01,082,SSR,Honoka Kousaka,Love Live!,common,1.04,2.60
4517,NS-05-M01,083,SSR,Kotori Minami,Love Live!,common,1.02,2.55
4518,NS-05-M01,084,SSR,Umi Sonoda,Love Live!,common,1.04,2.60
4519,NS-05-M01,085,SSR,Eli Ayase,Love Live!,common,1.04,2.60
4520,NS-05-M01,086,SSR,Nozomi Tojo,Love Live!,common,1.01,2.53
4521,NS-05-M01,087,SSR,Maki Nishikino,Love Live!,common,1.04,2.60
4522,NS-05-M01,088,SSR,Rin Hoshizora,Love Live!,common,1.02,2.55
4523,NS-05-M01,089,SSR,Hanayo Koizumi,Love Live!,common,1.00,2.50
4524,NS-05-M01,090,SSR,Nico Yazawa,Love Live!,common,1.01,2.53
4525,NS-05-M01,091,SR,2B,NieR: Automata,epic,3.42,0.34
4526,NS-05-M01,092,SR,Ruby Rose,RWBY,common,1.04,0.10
4527,NS-05-M01,093,SR,Weiss Schnee,RWBY,common,1.05,0.11
4528,NS-05-M01,094,SR,Blake Belladonna,RWBY,common,1.01,0.10
4529,NS-05-M01,095,SR,Yang Xiao Long,RWBY,common,1.00,0.10
4530,NS-05-M01,096,SR,Kuroko Shirai,A Certain Magical Index (Toaru Kagaku no Railgun),common,1.00,0.10
4531,NS-05-M01,097,SR,Shokuhou Misaki,A Certain Magical Index (Toaru Kagaku no Railgun),common,1.01,0.10
4532,NS-05-M01,098,SR,Rikka Takarada,SSSS.GRIDMAN,common,1.05,0.11
4533,NS-05-M01,099,SR,Akagi,Azur Lane,common,1.00,0.10
4534,NS-05-M01,100,SR,Mikuru Asahina,The Melancholy of Haruhi Suzumiya,common,1.04,0.10
4535,NS-05-M01,101,SR,Yuki Nagato,The Melancholy of Haruhi Suzumiya,common,1.04,0.10
4536,NS-05-M01,102,SR,Okita Souji,Fate Series,common,1.05,0.11
4537,NS-05-M01,103,SR,Flandre Scarlet,Touhou Project,common,1.05,0.11
4538,NS-05-M01,104,SR,Remilia Scarlet,Touhou Project,common,1.03,0.10
4539,NS-05-M01,105,SR,Sakuya Izayoi,Touhou Project,common,1.01,0.10
4540,NS-05-M01,106,SR,Kirino Kousaka,OreImo,common,1.04,0.10
4541,NS-05-M01,107,SR,Nagisa Furukawa,Clannad,common,1.02,0.10
4542,NS-05-M01,108,SR,Kuroyukihime,Accel World,common,1.02,0.10
4543,NS-05-M01,109,SR,Jibril,No Game No Life,epic,4.94,0.49
4544,NS-05-M01,110,SR,Schwi Dola,No Game No Life,rare,1.98,0.20
4545,NS-05-M01,111,SR,Kiruya Momochi (Kyaru),Princess Connect Re:Dive,common,1.00,0.10
4546,NS-05-M01,112,SR,Phosphophyllite,Land of the Lustrous,common,1.02,0.10
4547,NS-05-M01,113,SR,Louise,The Familiar of Zero,common,1.03,0.10
4548,NS-05-M01,114,SR,Mashu Kyrielight,Fate Series,common,1.02,0.10
4549,NS-05-M01,115,SR,Medusa,Fate Series,common,1.05,0.11
4550,NS-05-M01,116,SR,Nero Claudius,Fate Series,common,1.00,0.10
4551,NS-05-M01,117,SR,Rin Tohsaka,Fate Series,common,1.01,0.10
4552,NS-05-M01,118,SR,Jeanne d'Arc,Fate Series,common,1.01,0.10
4553,NS-05-M01,119,SR,Yui Hirasawa,K-On!,common,1.00,0.10
4554,NS-05-M01,120,SR,Lana,Pokemon,common,1.01,0.10
4555,NS-05-M01,121,SR,Erio Touwa,Ground Control to Psychoelectric Girl,common,1.04,0.10
4556,NS-05-M01,122,SR,Tsukiko Tsutsukakushi,"The ""Hentai"" Prince and the Stony Cat",common,1.04,0.10
4557,NS-05-M01,123,SR,Azusa Azuki,"The ""Hentai"" Prince and the Stony Cat",common,1.00,0.10
4558,NS-05-M01,124,SR,Victorique de Blois,Gosick,common,1.05,0.11
4559,NS-05-M01,125,SR,Nao Tomori,Charlotte,common,1.02,0.10
4560,NS-05-M01,126,SR,Hotaru Shidare,Dagashi Kashi,epic,3.94,0.39
4561,NS-05-M01,127,SR,Chika Takami,Love Live!,common,1.01,0.10
4562,NS-05-M01,128,SR,Riko Sakurauchi,Love Live!,common,1.01,0.10
4563,NS-05-M01,129,SR,Kanan Matsuura,Love Live!,common,1.02,0.10
4564,NS-05-M01,130,SR,Dia Kurosawa,Love Live!,common,1.00,0.10
4565,NS-05-M01,131,SR,You Watanabe,Love Live!,common,1.00,0.10
4566,NS-05-M01,132,SR,Yoshiko Tsushima,Love Live!,common,1.01,0.10
4567,NS-05-M01,133,SR,Hanamaru Kunikida,Love Live!,common,1.01,0.10
4568,NS-05-M01,134,SR,Mari Ohara,Love Live!,common,1.04,0.10
4569,NS-05-M01,135,SR,Ruby Kurosawa,Love Live!,common,1.01,0.10
4570,NS-05-M01,136,R,D.Va,Overwatch,common,1.04,0.01
4571,NS-05-M01,137,R,Aqua,God's Blessing on this Wonderful World! (KonoSuba),epic,4.95,0.05
4572,NS-05-M01,138,R,Megumin,God's Blessing on this Wonderful World! (KonoSuba),epic,3.23,0.03
4573,NS-05-M01,139,R,Asirpa,Golden Kamuy,common,1.05,0.01
4574,NS-05-M01,140,R,Angela Balzac,Expelled from Paradise,common,1.04,0.01
4575,NS-05-M01,141,R,Ange le Carre,Princess Principal,common,1.04,0.01
4576,NS-05-M01,142,R,Sena Kashiwazaki,Haganai: I don't have many friends,common,1.04,0.01
4577,NS-05-M01,143,R,Chino Kafuu,Is the Order a Rabbit?,common,1.03,0.01
4578,NS-05-M01,144,R,Cocoa Hoto,Is the Order a Rabbit?,common,1.05,0.01
4579,NS-05-M01,145,R,Rize Tedeza,Is the Order a Rabbit?,common,1.00,0.01
4580,NS-05-M01,146,R,Yoshino Himekawa,Date A Live,common,1.01,0.01
4581,NS-05-M01,147,R,Mai Shiranui,The King of Fighters,common,1.02,0.01
4582,NS-05-M01,148,R,Patchouli Knowledge,Touhou Project,common,1.01,0.01
4583,NS-05-M01,149,R,Uzuki Shimamura,The Idolm@ster,common,1.05,0.01
4584,NS-05-M01,150,R,Rin Shibuya,The Idolm@ster,common,1.05,0.01
4585,NS-05-M01,151,R,Rika Jougasaki,The Idolm@ster,common,1.04,0.01
4586,NS-05-M01,152,R,Akame,Akame Ga Kill!,rare,1.50,0.02
4587,NS-05-M01,153,R,Fubuki,One Punch Man,epic,3.99,0.04
4588,NS-05-M01,154,R,Suzuka Dairenji,Tokyo Ravens,common,1.01,0.01
4589,NS-05-M01,155,R,Shimakaze,Kantai Collection,common,1.03,0.01
4590,NS-05-M01,156,R,Kongou,Kantai Collection,common,1.04,0.01
4591,NS-05-M01,157,R,Himiko Toga,My Hero Academia,epic,3.86,0.04
4592,NS-05-M01,158,R,Hitagi Senjougahara,Monogatari Series,common,1.04,0.01
4593,NS-05-M01,159,R,Yotsugi Ononoki,Monogatari Series,common,1.02,0.01
4594,NS-05-M01,160,R,Nadeko Sengoku,Monogatari Series,common,1.00,0.01
4595,NS-05-M01,161,R,Tsubasa Hanekawa,Monogatari Series,common,1.03,0.01
4596,NS-05-M01,162,R,Takagi-san,Teasing Master Takagi-san,common,1.02,0.01
4597,NS-05-M01,163,R,Kyouka Hikawa,Princess Connect Re:Dive,common,1.04,0.01
4598,NS-05-M01,164,R,Fumino Furuhashi,We Never Learn!: Bokuben,common,1.03,0.01
4599,NS-05-M01,165,R,Holo,Spice & Wolf,common,1.03,0.01
4600,NS-05-M01,166,R,Black Rock Shooter,Black Rock Shooter,common,1.05,0.01
4601,NS-05-M01,167,R,Junko Enoshima,Danganronpa,common,1.00,0.01
4602,NS-05-M01,168,R,Kikyou,Inuyasha,common,1.00,0.01
4603,NS-05-M01,169,R,Suzune Horikita,Classroom of the Elite,rare,1.98,0.02
4604,NS-05-M01,170,R,Kei Karuizawa,Classroom of the Elite,rare,1.96,0.02
4605,NS-05-M01,171,R,Iroha Isshiki,My Youth Romantic Comedy Is Wrong As I Expected,common,1.00,0.01
4606,NS-05-M01,172,R,Yui Yuigahama,My Youth Romantic Comedy Is Wrong As I Expected,common,1.05,0.01
4607,NS-05-M01,173,R,Raphtalia,The Rising of the Shield Hero,epic,4.13,0.04
4608,NS-05-M01,174,R,Enju Aihara,Black Bullet,common,1.04,0.01
4609,NS-05-M01,175,R,Rita Rossweisse,Honkai Impact,common,1.05,0.01
4610,NS-05-M01,176,R,Lillie,Pokemon,common,1.05,0.01
4611,NS-05-M01,177,R,Ristarte,The Hero is Overpowered but Overly Cautious,epic,3.74,0.04
4612,NS-05-M01,178,R,Rei Ayanami,Evangelion,common,1.00,0.01
4613,NS-05-M01,179,R,Asuka Shikinami Langley,Evangelion,common,1.00,0.01
4614,NS-05-M01,180,R,Nanami Yasuri,Katanagatari,common,1.02,0.01
4615,NS-05-M01,181,R,Marie Rose,Dead or Alive,common,1.05,0.01
4616,NS-05-M01,182,R,Nia Teppelin,Gurren Lagann,common,1.03,0.01
4617,NS-05-M01,183,R,Yoko Littner,Gurren Lagann,common,1.05,0.01
4618,NS-05-M01,184,R,Nono,Gunbuster,common,1.01,0.01
4619,NS-05-M01,185,R,Mio Akiyama,K-On!,common,1.00,0.01
4620,NS-05-M01,186,R,Kyouka Izumi,Bungo Stray Dogs,common,1.02,0.01
4621,NS-05-M01,187,R,Rachel Gardner,Angels of Death,common,1.03,0.01
4622,NS-05-M01,188,R,Chika Fujiwara,Kaguya-sama: Love is War,epic,3.86,0.04
4623,NS-05-M01,189,R,Tohru,Miss Kobayashi's Dragon Maid,epic,3.92,0.04
4624,NS-05-M01,190,R,Manaka Mukaido,Nagi-Asu: A Lull in the Sea,common,1.04,0.01
4625,NS-05-M01,191,R,Aria H Kanzaki,Aria the Scarlet Ammo,common,1.02,0.01
4626,NS-05-M01,192,R,Ai Enma,Hell Girl,common,1.02,0.01
4627,NS-05-M01,193,R,Inori Yuzuriha,Guilty Crown,common,1.04,0.01
4628,NS-05-M01,194,R,Elaina,The Journey of Elaina,common,1.00,0.01
4629,NS-05-M01,195,R,Illyasviel von Einzbern,Fate Series,common,1.01,0.01
4630,NS-05-M01,196,R,Eriri Spencer Sawamura,Saekano: How to Raise a Boring Girlfriend,common,1.03,0.01
4631,NS-05-M01,197,R,Chise Hatori,The Ancient Magus' Bride,common,1.02,0.01
4632,NS-05-M01,198,R,Usagi Tsukino (Sailor Moon),Sailor Moon,common,1.01,0.01
4633,NS-05-M01,199,R,Ayumu Uehara,Love Live!,common,1.05,0.01
4634,NS-05-M01,200,R,Kasumi Nakasu,Love Live!,common,1.01,0.01
4635,NS-05-M01,201,R,Shizuku Osaka,Love Live!,common,1.03,0.01
4636,NS-05-M01,202,R,Karin Asaka,Love Live!,common,1.01,0.01
4637,NS-05-M01,203,R,Ai Miyashita,Love Live!,common,1.02,0.01
4638,NS-05-M01,204,R,Kanata Konoe,Love Live!,common,1.03,0.01
4639,NS-05-M01,205,R,Emma Verde,Love Live!,common,1.01,0.01
4640,NS-05-M01,206,R,Setsuna Yuuki,Love Live!,common,1.04,0.01
4641,NS-05-M01,207,R,Rina Tennouji,Love Live!,common,1.02,0.01
4642,NS-05-M02,001,ZR,Asuka Shikinami Langley,Evangelion,common,1.04,20.80
4643,NS-05-M02,002,ZR,Sakura Matou,Fate Series,common,1.03,20.60
4644,NS-05-M02,003,ZR,Luo Tianyi,Vocaloid,common,1.01,20.20
4645,NS-05-M02,004,ZR,Boa Hancock,One Piece,epic,4.50,90.00
4646,NS-05-M02,005,ZR,Kaguya Shinomiya,Kaguya-sama: Love is War,epic,3.99,79.80
4647,NS-05-M02,006,ZR,Sakura Haruno,Naruto Series,epic,3.12,62.40
4648,NS-05-M02,007,ZR,Misaka Mikoto,A Certain Magical Index (Toaru Kagaku no Railgun),common,1.00,20.00
4649,NS-05-M02,008,ZR,Ai Haibara,Detective Conan,common,1.04,20.80
4650,NS-05-M02,009,ZR,Kaori Miyazono,Your Lie in April,common,1.04,20.80
4651,NS-05-M02,010,MR,Rei Ayanami,Evangelion,common,1.03,15.45
4652,NS-05-M02,011,MR,Albedo,Overlord,common,1.01,15.15
4653,NS-05-M02,012,MR,Kiana Kaslana,Honkai Impact,common,1.02,15.30
4654,NS-05-M02,013,MR,Minmay Lynn,Macross,rare,1.53,22.95
4655,NS-05-M02,014,MR,Nezuko Kamado,Demon Slayer (Kimetsu no Yaiba),epic,3.76,56.40
4656,NS-05-M02,015,MR,Mikasa Ackerman,Attack on Titan,epic,3.68,55.20
4657,NS-05-M02,016,MR,Haruhi Suzumiya,The Melancholy of Haruhi Suzumiya,common,1.03,15.45
4658,NS-05-M02,017,MR,Kurisu Makise,Steins; Gate,epic,3.50,52.50
4659,NS-05-M02,018,MR,Inori Yuzuriha,Guilty Crown,common,1.04,15.60
4660,NS-05-M02,019,PTR,Maki Nishikino,Love Live!,common,1.00,6.00
4661,NS-05-M02,020,PTR,Umi Sonoda,Love Live!,common,1.03,6.18
4662,NS-05-M02,021,PTR,Kotori Minami,Love Live!,common,1.00,6.00
4663,NS-05-M02,022,PTR,Honoka Kousaka,Love Live!,common,1.02,6.12
4664,NS-05-M02,023,PTR,Eli Ayase,Love Live!,common,1.01,6.06
4665,NS-05-M02,024,PTR,Nozomi Tojo,Love Live!,common,1.04,6.24
4666,NS-05-M02,025,PTR,Rin Hoshizora,Love Live!,common,1.03,6.18
4667,NS-05-M02,026,PTR,Hanayo Koizumi,Love Live!,common,1.05,6.30
4668,NS-05-M02,027,PTR,Nico Yazawa,Love Live!,common,1.02,6.12
4669,NS-05-M02,028,PTR,Misa Amane,Death Note,epic,4.36,26.16
4670,NS-05-M02,029,PTR,Kagura,Gintama,common,1.05,6.30
4671,NS-05-M02,030,PTR,Rikka Takanashi,"Love, Chunibyo & Other Delusions!",common,1.02,6.12
4672,NS-05-M02,031,SSR,Hatsune Miku,Vocaloid,common,1.02,2.55
4673,NS-05-M02,032,SSR,Artoria Pendragon (Saber),Fate Series,common,1.02,2.55
4674,NS-05-M02,033,SSR,Ram,Re:Zero,epic,3.96,9.90
4675,NS-05-M02,034,SSR,Rem,Re:Zero,epic,4.98,12.45
4676,NS-05-M02,035,SSR,Platelet,Cells at Work!,common,1.05,2.63
4677,NS-05-M02,036,SSR,Nico Robin,One Piece,legendary,13.34,33.35
4678,NS-05-M02,037,SSR,Athena,Seint Seiya,common,1.02,2.55
4679,NS-05-M02,038,SSR,Rukia Kuchiki,Bleach,epic,4.59,11.48
4680,NS-05-M02,039,SSR,Yukino Yukinoshita,My Youth Romantic Comedy Is Wrong As I Expected,common,1.01,2.53
4681,NS-05-M02,040,SSR,Tohka Yatogami,Date A Live,common,1.04,2.60
4682,NS-05-M02,041,SSR,Kotori Itsuka,Date A Live,common,1.02,2.55
4683,NS-05-M02,042,SSR,Kurumi Tokisaki,Date A Live,common,1.00,2.50
4684,NS-05-M02,043,SSR,Akame,Akame Ga Kill!,rare,1.83,4.58
4685,NS-05-M02,044,SSR,Mei Li Zhou,Shin Chuuka Ichiban!,common,1.01,2.53
4686,NS-05-M02,045,SSR,Shana,Shakugan no Shana,common,1.03,2.58
4687,NS-05-M02,046,SR,Kanade Tachibana,Angel Beats!,common,1.03,0.10
4688,NS-05-M02,047,SR,Mei Misaki,Another,common,1.02,0.10
4689,NS-05-M02,048,SR,Nagisa Furukawa,Clannad,common,1.02,0.10
4690,NS-05-M02,049,SR,Jeanne d'Arc,Fate Series,common,1.04,0.10
4691,NS-05-M02,050,SR,Luo Tianyi,Vocaloid,common,1.01,0.10
4692,NS-05-M02,051,SR,Sagiri Izumi,Eromanga Sensei,common,1.04,0.10
4693,NS-05-M02,052,SR,Phosphophyllite,Land of the Lustrous,common,1.02,0.10
4694,NS-05-M02,053,SR,Nanami Yasuri,Katanagatari,common,1.02,0.10
4695,NS-05-M02,054,SR,Touka Kirishima,Tokyo Ghoul,rare,1.74,0.17
4696,NS-05-M02,055,SR,Winry Rockbell,Fullmetal Alchemist,common,1.04,0.10
4697,NS-05-M02,056,SR,Enju Aihara,Black Bullet,common,1.02,0.10
4698,NS-05-M02,057,SR,Miko Iino,Kaguya-sama: Love is War,epic,4.64,0.46
4699,NS-05-M02,058,SR,Yaya,Unbreakable Machine-Doll,common,1.00,0.10
4700,NS-05-M02,059,SR,Gabriel Tenma White,Gabriel DropOut,common,1.03,0.10
4701,NS-05-M02,060,SR,Vignette April Tsukinose,Gabriel DropOut,common,1.01,0.10
4702,NS-05-M02,061,SR,Satanichia Kurumizawa Mcdowell,Gabriel DropOut,common,1.00,0.10
4703,NS-05-M02,062,SR,Raphiel Ainsworth Shiraha,Gabriel DropOut,common,1.00,0.10
4704,NS-05-M02,063,SR,Louise,The Familiar of Zero,common,1.04,0.10
4705,NS-05-M02,064,SR,Usagi Tsukino (Sailor Moon),Sailor Moon,common,1.03,0.10
4706,NS-05-M02,065,SR,Ami Mizuno (Sailor Mercury),Sailor Moon,common,1.03,0.10
4707,NS-05-M02,066,SR,Rei Hino (Sailor Mars),Sailor Moon,common,1.01,0.10
4708,NS-05-M02,067,SR,Makoto Kino (Sailor Jupiter),Sailor Moon,common,1.02,0.10
4709,NS-05-M02,068,SR,Minako Aino (Sailor Venus),Sailor Moon,common,1.04,0.10
4710,NS-05-M02,069,SR,Haruka Tenou (Sailor Uranus),Sailor Moon,common,1.04,0.10
4711,NS-05-M02,070,SR,Michiru Kaiou (Sailor Neptune),Sailor Moon,common,1.04,0.10
4712,NS-05-M02,071,SR,Setsuna Meiou (Sailor Pluto),Sailor Moon,common,1.05,0.11
4713,NS-05-M02,072,SR,Hotaru Tomoe (Sailor Saturn),Sailor Moon,common,1.02,0.10
4714,NS-05-M02,073,R,Rachel Gardner,Angels of Death,common,1.03,0.01
4715,NS-05-M02,074,R,Dead Master,Black Rock Shooter,common,1.03,0.01
4716,NS-05-M02,075,R,Kagamine Rin,Vocaloid,common,1.00,0.01
4717,NS-05-M02,076,R,Hatsune Miku,Vocaloid,common,1.03,0.01
4718,NS-05-M02,077,R,Megurine Luka,Vocaloid,common,1.03,0.01
4719,NS-05-M02,078,R,Meiko,Vocaloid,common,1.03,0.01
4720,NS-05-M02,079,R,Hatsune Miku,Vocaloid,common,1.02,0.01
4721,NS-05-M02,080,R,Anna Kushina,K-Project,common,1.03,0.01
4722,NS-05-M02,081,R,Jibril,No Game No Life,epic,4.88,0.05
4723,NS-05-M02,082,R,Schwi Dola,No Game No Life,rare,1.78,0.02
4724,NS-05-M02,083,R,Marnie,Pokemon,common,1.02,0.01
4725,NS-05-M02,084,R,Gloria,Pokemon,common,1.03,0.01
4726,NS-05-M02,085,R,Shoukaku,Azur Lane,common,1.03,0.01
4727,NS-05-M02,086,R,Atago,Azur Lane,common,1.04,0.01
4728,NS-05-M02,087,R,Noshiro,Azur Lane,common,1.02,0.01
4729,NS-05-M02,088,R,Formidable,Azur Lane,common,1.00,0.01
4730,NS-05-M02,089,R,Prinz Eugen,Azur Lane,common,1.05,0.01
4731,NS-05-M02,090,R,Dido,Azur Lane,common,1.05,0.01
4732,NS-05-M02,091,R,Illustrious,Azur Lane,common,1.01,0.01
4733,NS-05-M02,092,R,Laffey,Azur Lane,common,1.01,0.01
4734,NS-05-M02,093,R,Kaga,Azur Lane,common,1.04,0.01
4735,NS-05-M02,094,R,Akagi,Azur Lane,common,1.00,0.01
4736,NS-05-M02,095,R,Kashima,Kantai Collection,common,1.00,0.01
4737,NS-05-M02,096,R,Hibiki,Kantai Collection,common,1.00,0.01
4738,NS-05-M02,097,R,Kaga,Kantai Collection,common,1.04,0.01
4739,NS-05-M02,098,R,Shoukaku,Kantai Collection,common,1.01,0.01
4740,NS-05-M02,099,R,Yamato,Kantai Collection,common,1.02,0.01
4741,NS-05-M02,100,R,Yuudachi,Kantai Collection,common,1.01,0.01
4742,NS-05-M02,101,R,Shigure,Kantai Collection,common,1.02,0.01
4743,NS-05-M02,102,R,Shimakaze,Kantai Collection,common,1.04,0.01
4744,NS-05-M02,103,R,Kongou,Kantai Collection,common,1.03,0.01
4745,NS-05-M02,104,R,Uiharu Kazari,A Certain Magical Index (Toaru Kagaku no Railgun),common,1.00,0.01
4746,NS-05-M02,105,R,Ruiko Saten,A Certain Magical Index (Toaru Kagaku no Railgun),common,1.02,0.01
4747,NS-05-M02,106,R,Kuroko Shirai,A Certain Magical Index (Toaru Kagaku no Railgun),common,1.01,0.01
4748,NS-05-M02,107,R,Shokuhou Misaki,A Certain Magical Index (Toaru Kagaku no Railgun),common,1.00,0.01
4749,NS-05-M02,108,R,Shinka Nibutani,"Love, Chunibyo & Other Delusions!",common,1.05,0.01
4750,NS-05-M02,001,PR,Abigail Williams,Fate Series,common,1.00,12.00
4751,NS-05-M02,002,PR,Ereshkigal,Fate Series,common,1.02,12.24
4752,NS-05-M02,003,PR,Kama,Fate Series,common,1.02,12.24
4753,NS-05-M02,004,PR,Emilia,Re:Zero,epic,3.06,36.72
4754,NS-05-M02,005,PR,Rem,Re:Zero,epic,3.92,47.04
4755,NS-05-M02,006,PR,Pramanix,Arknights,common,1.03,12.36
4756,NS-05-M02,007,PR,Shining,Arknights,common,1.03,12.36
4757,NS-05-M02,008,PR,Surtr,Arknights,common,1.01,12.12
4758,NS-05-M02,009,PR,Alice Zuberg,Sword Art Online,rare,1.74,20.88
4759,NS-05-M02,010,PR,Unicorn,Azur Lane,common,1.05,12.60
4760,NS-05-M02,011,PR,Yuudachi,Kantai Collection,common,1.00,12.00
4761,NS-05-M02,012,PR,Rin Shibuya,The Idolm@ster,common,1.05,12.60
4762,NS-05-M02,013,PR,Minami Nitta,The Idolm@ster,common,1.00,12.00
4763,NS-05-M02,014,PR,Haoyun Narmaya,Granblue Fantasy,common,1.00,12.00
4764,NS-05-M02,015,PR,Chiaki Nanami,Danganronpa,common,1.01,12.12
4765,NS-05-M02,016,PR,Yukihana Lamy,Hololive,common,1.03,12.36
4766,NS-05-M02,017,PR,Megurine Luka,Vocaloid,common,1.00,12.00
4767,NS-05-M02,018,PR,Ai Hayasaka,Kaguya-sama: Love is War,epic,4.02,48.24
4768,NS-05-M03,001,ZR,Rei Ayanami,Evangelion,common,1.02,20.40
4769,NS-05-M03,002,ZR,Hatsune Miku,Vocaloid,common,1.04,20.80
4770,NS-05-M03,003,ZR,Kal'tsit,Arknights,common,1.03,20.60
4771,NS-05-M03,004,ZR,Rem,Re:Zero,epic,4.62,92.40
4772,NS-05-M03,005,ZR,Hestia,Is It Wrong to Try to Pick Up Girls in a Dungeon?,common,1.01,20.20
4773,NS-05-M03,006,ZR,Roxy Migurdia,Mushoku Tensei: Jobless Reincarnation,rare,1.83,36.60
4774,NS-05-M03,007,ZR,Kugisaki Nobara,Jujutsu Kaisen,epic,4.93,98.60
4775,NS-05-M03,008,ZR,Trish Una,JoJo's Bizarre Adventure,epic,4.68,93.60
4776,NS-05-M03,009,ZR,Violet Evergarden,Violet Evergarden,common,1.05,21.00
4777,NS-05-M03,010,MR,Illyasviel von Einzbern,Fate Series,common,1.03,15.45
4778,NS-05-M03,011,MR,Ganyu,Genshin Impact,common,1.03,15.45
4779,NS-05-M03,012,MR,Tokai Teio,Uma Musume Pretty Derby,common,1.02,15.30
4780,NS-05-M03,013,MR,Kiruya Momochi (Kyaru),Princess Connect Re:Dive,common,1.03,15.45
4781,NS-05-M03,014,MR,Shiraori,"So I'm a Spider, So What?",common,1.01,15.15
4782,NS-05-M03,015,MR,Tohru,Miss Kobayashi's Dragon Maid,epic,3.41,51.15
4783,NS-05-M03,016,MR,Rimuru Tempest,That Time I Got Reincarnated as a Slime,epic,3.53,52.95
4784,NS-05-M03,017,MR,Sagiri Izumi,Eromanga Sensei,common,1.04,15.60
4785,NS-05-M03,018,MR,Nadeko Sengoku,Monogatari Series,common,1.00,15.00
4786,NS-05-M03,019,MR,Kuroyukihime,Accel World,common,1.01,15.15
4787,NS-05-M03,020,MR,Chiaki Nanami,Danganronpa,common,1.02,15.30
4788,NS-05-M03,021,MR,Yumeko Jabami,Kakegurui,epic,3.61,54.15
4789,NS-05-M03,022,MR,Tomoyo Sakagami,Clannad,common,1.04,15.60
4790,NS-05-M03,023,MR,Kumiko Oumae,Sound! Euphonium,common,1.03,15.45
4791,NS-05-M03,024,MR,Reina Kousaka,Sound! Euphonium,common,1.00,15.00
4792,NS-05-M03,025,MR,Eriri Spencer Sawamura,Saekano: How to Raise a Boring Girlfriend,common,1.05,15.75
4793,NS-05-M03,026,MR,Raphtalia,The Rising of the Shield Hero,epic,3.96,59.40
4794,NS-05-M03,027,MR,Chika Fujiwara,Kaguya-sama: Love is War,epic,3.89,58.35
4795,NS-05-M03,028,PTR,Amiya,Arknights,common,1.01,6.06
4796,NS-05-M03,029,PTR,Ais Wallenstein,Is It Wrong to Try to Pick Up Girls in a Dungeon?,common,1.03,6.18
4797,NS-05-M03,030,PTR,Kokomi Teruhashi,The Disastrous Life of Saiki K,rare,1.80,10.80
4798,NS-05-M03,031,PTR,Nero Claudius,Fate Series,common,1.04,6.24
4799,NS-05-M03,032,PTR,Aqua,God's Blessing on this Wonderful World! (KonoSuba),epic,3.94,23.64
4800,NS-05-M03,033,PTR,Nia Teppelin,Gurren Lagann,common,1.01,6.06
4801,NS-05-M03,034,PTR,Kosaki Onodera,Nisekoi,common,1.01,6.06
4802,NS-05-M03,035,PTR,Ichika Nakano,The Quintessential Quintuplets,common,1.02,6.12
4803,NS-05-M03,036,PTR,Nino Nakano,The Quintessential Quintuplets,common,1.04,6.24
4804,NS-05-M03,037,PTR,Miku Nakano,The Quintessential Quintuplets,common,1.02,6.12
4805,NS-05-M03,038,PTR,Yotsuba Nakano,The Quintessential Quintuplets,common,1.04,6.24
4806,NS-05-M03,039,PTR,Itsuki Nakano,The Quintessential Quintuplets,common,1.03,6.18
4807,NS-05-M03,040,PTR,Lucy Heartfilia,Fairy Tail,common,1.02,6.12
4808,NS-05-M03,041,PTR,Mashiro Shiina,The Pet Girl of Sakurasou,common,1.00,6.00
4809,NS-05-M03,042,PTR,Tsunade,Naruto Series,epic,4.58,27.48
4810,NS-05-M03,043,PTR,Megumi Kato,Saekano: How to Raise a Boring Girlfriend,common,1.05,6.30
4811,NS-05-M03,044,PTR,Ginko Sora,The Ryuo's Work is Never Done,common,1.00,6.00
4812,NS-05-M03,045,PTR,Kotoko Iwanaga,In/Spectre,common,1.05,6.30
4813,NS-05-M03,046,SSR,Isuzu Sento,Amagi Brilliant Park,common,1.02,2.55
4814,NS-05-M03,047,SSR,Isla,Plastic Memories,common,1.05,2.63
4815,NS-05-M03,048,SSR,Sophie Twilight,Ms. vampire who lives in my neighborhood,common,1.00,2.50
4816,NS-05-M03,049,SSR,Chi,Chobits,common,1.05,2.63
4817,NS-05-M03,050,SSR,Emilico,Shadows House,common,1.04,2.60
4818,NS-05-M03,051,SSR,Yin,Darker than Black,common,1.03,2.58
4819,NS-05-M03,052,SSR,Meltlilith,Fate Series,common,1.05,2.63
4820,NS-05-M03,053,SSR,Jeanne d'Arc,Fate Series,common,1.03,2.58
4821,NS-05-M03,054,SSR,Jeanne d'Arc (Alter),Fate Series,common,1.04,2.60
4822,NS-05-M03,055,SSR,Haruka Ogasawara,Sound! Euphonium,common,1.03,2.58
4823,NS-05-M03,056,SSR,Asuka Tanaka,Sound! Euphonium,common,1.03,2.58
4824,NS-05-M03,057,SSR,Kaori Nakaseko,Sound! Euphonium,common,1.05,2.63
4825,NS-05-M03,058,SSR,Sapphire Kawashima,Sound! Euphonium,common,1.04,2.60
4826,NS-05-M03,059,SSR,Mizore Yoroizuka,Sound! Euphonium,common,1.05,2.63
4827,NS-05-M03,060,SSR,Nozomi Kasaki,Sound! Euphonium,common,1.03,2.58
4828,NS-05-M03,061,SSR,Hazuki Katou,Sound! Euphonium,common,1.01,2.53
4829,NS-05-M03,062,SSR,Natsuki Nakagawa,Sound! Euphonium,common,1.00,2.50
4830,NS-05-M03,063,SSR,Yuuko Yoshikawa,Sound! Euphonium,common,1.02,2.55
4831,NS-05-M03,064,SSR,Hu Tao,Genshin Impact,common,1.02,2.55
4832,NS-05-M03,065,SSR,Ningguang,Genshin Impact,common,1.00,2.50
4833,NS-05-M03,066,SSR,Xiangling,Genshin Impact,common,1.01,2.53
4834,NS-05-M03,067,SSR,Panty,Panty & Stocking with Garterbelt,common,1.00,2.50
4835,NS-05-M03,068,SSR,Stocking,Panty & Stocking with Garterbelt,common,1.03,2.58
4836,NS-05-M03,069,SSR,Junko Enoshima,Danganronpa,common,1.01,2.53
4837,NS-05-M03,070,SSR,Lucoa,Miss Kobayashi's Dragon Maid,epic,3.88,9.70
4838,NS-05-M03,071,SSR,Elma,Miss Kobayashi's Dragon Maid,epic,3.63,9.07
4839,NS-05-M03,072,SSR,Utaha Kasumigaoka,Saekano: How to Raise a Boring Girlfriend,common,1.00,2.50
4840,NS-05-M03,073,SR,Kanao Tsuyuri,Demon Slayer (Kimetsu no Yaiba),epic,4.26,0.43
4841,NS-05-M03,074,SR,Shinobu Kochou,Demon Slayer (Kimetsu no Yaiba),epic,3.93,0.39
4842,NS-05-M03,075,SR,Kanae Kochou,Demon Slayer (Kimetsu no Yaiba),epic,4.04,0.40
4843,NS-05-M03,076,SR,Blue Poison,Arknights,common,1.00,0.10
4844,NS-05-M03,077,SR,Exusiai,Arknights,common,1.00,0.10
4845,NS-05-M03,078,SR,W,Arknights,common,1.02,0.10
4846,NS-05-M03,079,SR,Illustrious,Azur Lane,common,1.03,0.10
4847,NS-05-M03,080,SR,Victorious,Azur Lane,common,1.05,0.11
4848,NS-05-M03,081,SR,Formidable,Azur Lane,common,1.01,0.10
4849,NS-05-M03,082,SR,Aoi Inuyama,Laid-Back Camp,common,1.01,0.10
4850,NS-05-M03,083,SR,Nadeshiko Kagamihara,Laid-Back Camp,common,1.05,0.11
4851,NS-05-M03,084,SR,Rin Shima,Laid-Back Camp,common,1.02,0.10
4852,NS-05-M03,085,SR,Neko Fujinomiya,Masamune-kun's Revenge,common,1.04,0.10
4853,NS-05-M03,086,SR,Aki Adagaki,Masamune-kun's Revenge,common,1.03,0.10
4854,NS-05-M03,087,SR,Yoshino Koiwai,Masamune-kun's Revenge,common,1.00,0.10
4855,NS-05-M03,088,SR,Felt ,Re:Zero,epic,3.62,0.36
4856,NS-05-M03,089,SR,Emilia,Re:Zero,epic,4.73,0.47
4857,NS-05-M03,090,SR,Beatrice,Re:Zero,epic,3.30,0.33
4858,NS-05-M03,091,R,Mami Tomoe,Puella Magi Madoka Magica,common,1.00,0.01
4859,NS-05-M03,092,R,Kyouko Sakura,Puella Magi Madoka Magica,common,1.05,0.01
4860,NS-05-M03,093,R,Sayaka Miki,Puella Magi Madoka Magica,common,1.01,0.01
4861,NS-05-M03,094,R,Saki Nikaidou,Zombieland Saga,common,1.03,0.01
4862,NS-05-M03,095,R,Yuugiri,Zombieland Saga,common,1.01,0.01
4863,NS-05-M03,096,R,Sakura Minamoto,Zombieland Saga,common,1.02,0.01
4864,NS-05-M03,097,R,Lily Hoshikawa,Zombieland Saga,common,1.03,0.01
4865,NS-05-M03,098,R,Tae Yamada,Zombieland Saga,common,1.00,0.01
4866,NS-05-M03,099,R,Ai Mizuno,Zombieland Saga,common,1.02,0.01
4867,NS-05-M03,100,R,Chika Takami,Love Live!,common,1.00,0.01
4868,NS-05-M03,101,R,Riko Sakurauchi,Love Live!,common,1.04,0.01
4869,NS-05-M03,102,R,Kanan Matsuura,Love Live!,common,1.05,0.01
4870,NS-05-M03,103,R,Dia Kurosawa,Love Live!,common,1.01,0.01
4871,NS-05-M03,104,R,You Watanabe,Love Live!,common,1.02,0.01
4872,NS-05-M03,105,R,Yoshiko Tsushima,Love Live!,common,1.02,0.01
4873,NS-05-M03,106,R,Hanamaru Kunikida,Love Live!,common,1.02,0.01
4874,NS-05-M03,107,R,Mari Ohara,Love Live!,common,1.03,0.01
4875,NS-05-M03,108,R,Ruby Kurosawa,Love Live!,common,1.03,0.01
4876,NS-05-M03,001,PR,Hatsune Miku,Vocaloid,common,1.02,12.24
4877,NS-05-M03,002,PR,Rem,Re:Zero,epic,4.40,52.80
4878,NS-05-M03,003,PR,Sagiri Izumi,Eromanga Sensei,common,1.05,12.60
4879,NS-05-M03,004,PR,Katsushika Hokusai,Fate Series,common,1.03,12.36
4880,NS-05-M03,005,PR,Artoria Pendragon (Saber) Alter,Fate Series,common,1.03,12.36
4881,NS-05-M03,006,PR,Shiki Ryougi,Kara no Kyoukai,common,1.01,12.12
4882,NS-05-M03,007,PR,Suomi,Girls' Frontline,common,1.02,12.24
4883,NS-05-M03,008,PR,Mukuro Hoshimiya,Date A Live,common,1.03,12.36
4884,NS-05-M03,009,PR,Atago,Azur Lane,common,1.05,12.60
4885,NS-05-M03,010,PR,Kiruya Momochi (Kyaru),Princess Connect Re:Dive,common,1.03,12.36
4886,NS-05-M03,011,PR,Shana,Shakugan no Shana,common,1.01,12.12
4887,NS-05-M03,012,PR,Mumei,Kabaneri of the Iron Fortress,epic,4.75,57.00
4888,NS-05-M03,013,PR,Yae Sakura,Honkai Impact,common,1.02,12.24
4889,NS-05-M03,014,PR,Fumika Sagisawa,The Idolm@ster,common,1.04,12.48
4890,NS-05-M03,015,PR,Ranko Kanzaki,The Idolm@ster,common,1.02,12.24
4891,NS-05-M03,016,PR,Neko Fujinomiya,Masamune-kun's Revenge,common,1.01,12.12
4892,NS-05-M03,017,PR,Aki Adagaki,Masamune-kun's Revenge,common,1.04,12.48
4893,NS-05-M03,018,PR,Yoshino Koiwai,Masamune-kun's Revenge,common,1.04,12.48
4894,NS-05-M04,001,ZR,Mashu Kyrielight,Fate Series,common,1.01,20.20
4895,NS-05-M04,002,ZR,Jeanne d'Arc,Fate Series,common,1.00,20.00
4896,NS-05-M04,003,ZR,Meltlilith,Fate Series,common,1.05,21.00
4897,NS-05-M04,004,ZR,Artoria Pendragon (Saber),Fate Series,common,1.04,20.80
4898,NS-05-M04,005,ZR,Artoria Pendragon (Saber),Fate Series,common,1.02,20.40
4899,NS-05-M04,006,ZR,Artoria Pendragon (Saber) Alter,Fate Series,common,1.05,21.00
4900,NS-05-M04,007,ZR,Altera,Fate Series,common,1.00,20.00
4901,NS-05-M04,008,ZR,Nero Claudius,Fate Series,common,1.05,21.00
4902,NS-05-M04,009,ZR,Gray,Fate Series,common,1.03,20.60
4903,NS-05-M04,010,MR,Tamamo no Mae,Fate Series,common,1.02,15.30
4904,NS-05-M04,011,MR,Ishtar,Fate Series,common,1.03,15.45
4905,NS-05-M04,012,MR,Astolfo,Fate Series,common,1.01,15.15
4906,NS-05-M04,013,MR,Okita Souji,Fate Series,common,1.01,15.15
4907,NS-05-M04,014,MR,Shiki Ryougi,Kara no Kyoukai,common,1.01,15.15
4908,NS-05-M04,015,MR,Abigail Williams,Fate Series,common,1.04,15.60
4909,NS-05-M04,016,MR,Ereshkigal,Fate Series,common,1.05,15.75
4910,NS-05-M04,017,MR,Jeanne d'Arc (Alter),Fate Series,common,1.01,15.15
4911,NS-05-M04,018,MR,Mashu Kyrielight,Fate Series,common,1.02,15.30
4912,NS-05-M04,019,MR,Artoria Avalon,Fate Series,common,1.01,15.15
4913,NS-05-M04,020,MR,Miyamoto Musashi,Fate Series,common,1.03,15.45
4914,NS-05-M04,021,MR,Scathach,Fate Series,common,1.02,15.30
4915,NS-05-M04,022,MR,Illyasviel von Einzbern,Fate Series,common,1.02,15.30
4916,NS-05-M04,023,MR,Artoria Pendragon (Lancer),Fate Series,common,1.01,15.15
4917,NS-05-M04,024,MR,Mordred,Fate Series,common,1.00,15.00
4918,NS-05-M04,025,MR,Medea,Fate Series,common,1.05,15.75
4919,NS-05-M04,026,MR,Medusa,Fate Series,common,1.05,15.75
4920,NS-05-M04,027,MR,Enkidu,Fate Series,common,1.03,15.45
4921,NS-05-M04,028,PTR,Jack the Ripper,Fate Series,common,1.03,6.18
4922,NS-05-M04,029,PTR,Frankenstein,Fate Series,common,1.01,6.06
4923,NS-05-M04,030,PTR,Atalanta,Fate Series,common,1.03,6.18
4924,NS-05-M04,031,PTR,Scathach-Skadi,Fate Series,common,1.01,6.06
4925,NS-05-M04,032,PTR,Leonardo Da Vinci,Fate Series,common,1.00,6.00
4926,NS-05-M04,033,PTR,Anastasia Nikolaevna Romanova,Fate Series,common,1.00,6.00
4927,NS-05-M04,034,PTR,Sima Yi (Reines),Fate Series,common,1.02,6.12
4928,NS-05-M04,035,PTR,Baobhan Sith,Fate Series,common,1.04,6.24
4929,NS-05-M04,036,PTR,Melusine,Fate Series,common,1.05,6.30
4930,NS-05-M04,037,PTR,Okita Souji (Alter),Fate Series,common,1.02,6.12
4931,NS-05-M04,038,PTR,Demon King Nobunaga,Fate Series,common,1.00,6.00
4932,NS-05-M04,039,PTR,Amor (Caren),Fate Series,common,1.05,6.30
4933,NS-05-M04,040,PTR,Francis Drank,Fate Series,common,1.04,6.24
4934,NS-05-M04,041,PTR,Ishtar,Fate Series,common,1.03,6.18
4935,NS-05-M04,042,PTR,Xuanzang Sanzang,Fate Series,common,1.05,6.30
4936,NS-05-M04,043,PTR,Kiara Sessyoin (Alter),Fate Series,common,1.00,6.00
4937,NS-05-M04,044,PTR,Hassan of the Serenity,Fate Series,common,1.01,6.06
4938,NS-05-M04,045,PTR,Koyanskaya of Light,Fate Series,common,1.03,6.18
4939,NS-05-M04,046,SSR,Morgan le Fay,Fate Series,common,1.04,2.60
4940,NS-05-M04,047,SSR,Miss Crane,Fate Series,common,1.04,2.60
4941,NS-05-M04,048,SSR,Merlin,Fate Series,common,1.01,2.53
4942,NS-05-M04,049,SSR,Vritra,Fate Series,common,1.05,2.63
4943,NS-05-M04,050,SSR,Ibuki Douji,Fate Series,common,1.00,2.50
4944,NS-05-M04,051,SSR,Van Gogh,Fate Series,common,1.04,2.60
4945,NS-05-M04,052,SSR,Himiko,Fate Series,common,1.05,2.63
4946,NS-05-M04,053,SSR,Sei Shounagon,Fate Series,common,1.03,2.58
4947,NS-05-M04,054,SSR,Yang Guifei,Fate Series,common,1.03,2.58
4948,NS-05-M04,055,SSR,Europa ,Fate Series,common,1.02,2.55
4949,NS-05-M04,056,SSR,Ganesha,Fate Series,common,1.05,2.63
4950,NS-05-M04,057,SSR,Kama,Fate Series,common,1.05,2.63
4951,NS-05-M04,058,SSR,Kingprotea,Fate Series,common,1.02,2.55
4952,NS-05-M04,059,SSR,Murasaki Shikibu,Fate Series,common,1.02,2.55
4953,NS-05-M04,060,SSR,Beni-enma,Fate Series,common,1.03,2.58
4954,NS-05-M04,061,SSR,Bradamante,Fate Series,common,1.05,2.63
4955,NS-05-M04,062,SSR,Sitonai,Fate Series,common,1.00,2.50
4956,NS-05-M04,063,SSR,Katsushika Hokusai,Fate Series,common,1.05,2.63
4957,NS-05-M04,064,SSR,Osakabehime,Fate Series,common,1.04,2.60
4958,NS-05-M04,065,SSR,Mysterious Heroine X,Fate Series,common,1.02,2.55
4959,NS-05-M04,066,SSR,Mysterious Heroine X (Alter),Fate Series,common,1.03,2.58
4960,NS-05-M04,067,SSR,Queen Medb,Fate Series,common,1.03,2.58
4961,NS-05-M04,068,SSR,Cleopatra,Fate Series,common,1.00,2.50
4962,NS-05-M04,069,SSR,Leonardo Da Vinci,Fate Series,common,1.01,2.53
4963,NS-05-M04,070,SSR,Minamoto no Raikou,Fate Series,common,1.02,2.55
4964,NS-05-M04,071,SSR,Shuten Douji,Fate Series,common,1.00,2.50
4965,NS-05-M04,072,SSR,Scheherazade,Fate Series,common,1.02,2.55
4966,NS-05-M04,073,SR,Lakshmibai,Fate Series,common,1.00,0.10
4967,NS-05-M04,074,SR,Miyu Edelfelt,Fate Series,common,1.02,0.10
4968,NS-05-M04,075,SR,Wu Zetian,Fate Series,common,1.05,0.11
4969,NS-05-M04,076,SR,Valkyrie,Fate Series,common,1.04,0.10
4970,NS-05-M04,077,SR,Atalanta (Alter),Fate Series,common,1.00,0.10
4971,NS-05-M04,078,SR,Queen of Sheba,Fate Series,common,1.02,0.10
4972,NS-05-M04,079,SR,Nezha,Fate Series,common,1.04,0.10
4973,NS-05-M04,080,SR,Circe,Fate Series,common,1.00,0.10
4974,NS-05-M04,081,SR,Katou Danzou,Fate Series,common,1.01,0.10
4975,NS-05-M04,082,SR,Tomoe Gozen,Fate Series,common,1.04,0.10
4976,NS-05-M04,083,SR,Parvati ,Fate Series,common,1.03,0.10
4977,NS-05-M04,084,SR,Suzuka Gozen,Fate Series,common,1.00,0.10
4978,NS-05-M04,085,SR,Passionlip,Fate Series,common,1.00,0.10
4979,NS-05-M04,086,SR,Gorgon,Fate Series,common,1.02,0.10
4980,NS-05-M04,087,SR,Medusa (Lancer),Fate Series,common,1.01,0.10
4981,NS-05-M04,088,SR,Tamamo Cat,Fate Series,common,1.04,0.10
4982,NS-05-M04,089,SR,Marie Antoinette,Fate Series,common,1.05,0.11
4983,NS-05-M04,090,SR,Artoria Pendragon (Lily),Fate Series,common,1.03,0.10
4984,NS-05-M04,091,SR,Mysterious Idol X ( Alter),Fate Series,common,1.00,0.10
4985,NS-05-M04,092,SR,Kiichi Hougen,Fate Series,common,1.01,0.10
4986,NS-05-M04,093,SR,Erice Utsumi,Fate Series,common,1.00,0.10
4987,NS-05-M04,094,SR,Nightingale (Santa),Fate Series,common,1.01,0.10
4988,NS-05-M04,095,SR,Nagao Kagetora,Fate Series,common,1.01,0.10
4989,NS-05-M04,096,SR,Shuten Douji,Fate Series,common,1.05,0.11
4990,NS-05-M04,097,SR,Altera the San(ta),Fate Series,common,1.00,0.10
4991,NS-05-M04,098,SR,Mecha Eli-chan,Fate Series,common,1.05,0.11
4992,NS-05-M04,099,SR,BB,Fate Series,common,1.04,0.10
4993,NS-05-M04,100,SR,Chacha,Fate Series,common,1.00,0.10
4994,NS-05-M04,101,SR,Jeanne d'Arc (Alter) (Santa Lily),Fate Series,common,1.04,0.10
4995,NS-05-M04,102,SR,Elizabeth Bathory (Brave),Fate Series,common,1.03,0.10
4996,NS-05-M04,103,SR,Chloe von Einzbern,Fate Series,common,1.00,0.10
4997,NS-05-M04,104,SR,Irisviel (Dress of Heaven),Fate Series,common,1.02,0.10
4998,NS-05-M04,105,SR,Shiki Ryougi,Kara no Kyoukai,common,1.03,0.10
4999,NS-05-M04,106,SR,Artoria Pendragon (Santa Alter),Fate Series,common,1.01,0.10
5000,NS-05-M04,107,SR,Oda Nobunaga,Fate Series,common,1.04,0.10
5001,NS-05-M04,108,SR,Elizabeth Bathory (Halloween),Fate Series,common,1.05,0.11
5002,NS-05-M04,109,R,Murasaki Shikibu,Fate Series,common,1.03,0.01
5003,NS-05-M04,110,R,Tomoe Gozen,Fate Series,common,1.03,0.01
5004,NS-05-M04,111,R,Abigail Williams,Fate Series,common,1.01,0.01
5005,NS-05-M04,112,R,Consort Yu,Fate Series,common,1.02,0.01
5006,NS-05-M04,113,R,Brynhildr,Fate Series,common,1.03,0.01
5007,NS-05-M04,114,R,Illyasviel von Einzbern,Fate Series,common,1.01,0.01
5008,NS-05-M04,115,R,Kiara Sessyoin,Fate Series,common,1.04,0.01
5009,NS-05-M04,116,R,Okita Souji,Fate Series,common,1.01,0.01
5010,NS-05-M04,117,R,Mysterious Alter Ego Λ,Fate Series,common,1.01,0.01
5011,NS-05-M04,118,R,Artoria Pendragon (Ruler),Fate Series,common,1.02,0.01
5012,NS-05-M04,119,R,Katsushika Hokusai,Fate Series,common,1.05,0.01
5013,NS-05-M04,120,R,Carmilla,Fate Series,common,1.02,0.01
5014,NS-05-M04,121,R,Osakabehime,Fate Series,common,1.03,0.01
5015,NS-05-M04,122,R,Miyamoto Musashi,Fate Series,common,1.05,0.01
5016,NS-05-M04,123,R,Mysterious Heroine X,Fate Series,common,1.00,0.01
5017,NS-05-M04,124,R,Queen Medb,Fate Series,common,1.00,0.01
5018,NS-05-M04,125,R,BB,Fate Series,common,1.03,0.01
5019,NS-05-M04,126,R,Jeanne d'Arc (Alter),Fate Series,common,1.04,0.01
5020,NS-05-M04,127,R,Ushiwakamaru,Fate Series,common,1.03,0.01
5021,NS-05-M04,128,R,Ibaraki Douji,Fate Series,common,1.01,0.01
5022,NS-05-M04,129,R,Jeanne d'Arc,Fate Series,common,1.05,0.01
5023,NS-05-M04,130,R,Ishtar,Fate Series,common,1.00,0.01
5024,NS-05-M04,131,R,Minamoto no Raikou,Fate Series,common,1.05,0.01
5025,NS-05-M04,132,R,Helena Blavatsky,Fate Series,common,1.02,0.01
5026,NS-05-M04,133,R,Artoria Pendragon (Saber) Alter,Fate Series,common,1.02,0.01
5027,NS-05-M04,134,R,Oda Nobunaga,Fate Series,common,1.05,0.01
5028,NS-05-M04,135,R,Nitocris,Fate Series,common,1.01,0.01
5029,NS-05-M04,136,R,Frankenstein,Fate Series,common,1.04,0.01
5030,NS-05-M04,137,R,Nero Claudius,Fate Series,common,1.05,0.01
5031,NS-05-M04,138,R,Martha,Fate Series,common,1.02,0.01
5032,NS-05-M04,139,R,Kiyohime,Fate Series,common,1.04,0.01
5033,NS-05-M04,140,R,Scathach (Assassin),Fate Series,common,1.01,0.01
5034,NS-05-M04,141,R,Mordred,Fate Series,common,1.03,0.01
5035,NS-05-M04,142,R,Anne Bonny,Fate Series,common,1.04,0.01
5036,NS-05-M04,143,R,Artoria Pendragon (Saber),Fate Series,common,1.01,0.01
5037,NS-05-M04,144,R,Tamamo no Mae,Fate Series,common,1.04,0.01
5038,NS-05-M04,001,PR,Artoria Pendragon (Saber),Fate Series,common,1.03,12.36
5039,NS-05-M04,002,PR,Artoria Pendragon (Lily),Fate Series,common,1.00,12.00
5040,NS-05-M04,003,PR,Artoria Pendragon (Lily) Alter,Fate Series,common,1.03,12.36
5041,NS-05-M04,004,PR,Artoria Pendragon (Saber) Alter,Fate Series,common,1.01,12.12
5042,NS-05-M04,005,PR,Artoria Pendragon (Saber),Fate Series,common,1.00,12.00
5043,NS-05-M04,006,PR,Artoria Pendragon (Lancer) Alter,Fate Series,common,1.00,12.00
5044,NS-05-M04,007,PR,Artoria Pendragon (Saber) Alter,Fate Series,common,1.00,12.00
5045,NS-05-M04,008,PR,Artoria Pendragon (Lancer),Fate Series,common,1.01,12.12
5046,NS-05-M04,009,PR,Artoria Pendragon (Ruler),Fate Series,common,1.00,12.00
5047,NS-05-M04,010,PR,Mysterious Heroine X (Alter),Fate Series,common,1.05,12.60
5048,NS-05-M04,011,PR,Mysterious Heroine X,Fate Series,common,1.05,12.60
5049,NS-05-M04,012,PR,Artoria Avalon,Fate Series,common,1.01,12.12
5050,NS-05-M04,013,PR,Gilgamesh,Fate Series,common,1.00,12.00
5051,NS-05-M04,014,PR,Lanling Wang,Fate Series,common,1.01,12.12
5052,NS-05-M04,015,PR,Merlin,Fate Series,common,1.05,12.60
5053,NS-05-M04,016,PR,Astolfo,Fate Series,common,1.04,12.48
5054,NS-05-M04,017,PR,Chevalier d'Eon,Fate Series,common,1.01,12.12
5055,NS-05-M04,018,PR,Arash,Fate Series,common,1.02,12.24
5056,NS-05-M05,001,ZR,Shiro,No Game No Life,rare,1.67,33.40
5057,NS-05-M05,002,ZR,Mai Sakurajima,Rascal Does Not Dream Of Bunny Girl Senpai,common,1.00,20.00
5058,NS-05-M05,003,ZR,Elaina,The Journey of Elaina,common,1.00,20.00
5059,NS-05-M05,004,ZR,Arcueid Brunestud,Tsukihime,common,1.04,20.80
5060,NS-05-M05,005,ZR,Rin Tohsaka,Fate Series,common,1.00,20.00
5061,NS-05-M05,006,ZR,Sagiri Izumi,Eromanga Sensei,common,1.02,20.40
5062,NS-05-M05,007,ZR,Kokoro Natsume (Kokkoro),Princess Connect Re:Dive,common,1.05,21.00
5063,NS-05-M05,008,ZR,Ch'en,Arknights,common,1.04,20.80
5064,NS-05-M05,009,ZR,Seiun Sky,Uma Musume Pretty Derby,common,1.02,20.40
5065,NS-05-M05,010,MR,Ginko Sora,The Ryuo's Work is Never Done,common,1.01,15.15
5066,NS-05-M05,011,MR,Oguri Cap,Uma Musume Pretty Derby,common,1.03,15.45
5067,NS-05-M05,012,MR,Rice Shower,Uma Musume Pretty Derby,common,1.05,15.75
5068,NS-05-M05,013,MR,Wynn The Wind Charmer,Yu-Gi-Oh!,rare,1.93,28.95
5069,NS-05-M05,014,MR,Skadi the Corrupting Heart,Arknights,common,1.00,15.00
5070,NS-05-M05,015,MR,Skadi,Arknights,common,1.02,15.30
5071,NS-05-M05,016,MR,Siesta,The Detective is Already Dead,common,1.05,15.75
5072,NS-05-M05,017,MR,Keke Tang,Love Live!,common,1.00,15.00
5073,NS-05-M05,018,MR,Kanon Shibuya,Love Live!,common,1.02,15.30
5074,NS-05-M05,019,MR,Kamisato Ayaka,Genshin Impact,common,1.04,15.60
5075,NS-05-M05,020,MR,Raiden Shogun,Genshin Impact,common,1.00,15.00
5076,NS-05-M05,021,MR,Yae Miko,Genshin Impact,common,1.05,15.75
5077,NS-05-M05,022,MR,Dia Viekone,The World's Finest Assassin,common,1.00,15.00
5078,NS-05-M05,023,MR,Tarte,The World's Finest Assassin,common,1.04,15.60
5079,NS-05-M05,024,MR,Maha,The World's Finest Assassin,common,1.05,15.75
5080,NS-05-M05,025,MR,Tendou Alice,Blue Archive,common,1.05,15.75
5081,NS-05-M05,026,MR,Sakura Minamoto,Zombieland Saga,common,1.05,15.75
5082,NS-05-M05,027,MR,Ai Mizuno,Zombieland Saga,common,1.00,15.00
5083,NS-05-M05,028,PTR,Chii,Chobits,common,1.00,6.00
5084,NS-05-M05,029,PTR,Aqua,God's Blessing on this Wonderful World! (KonoSuba),epic,4.62,27.72
5085,NS-05-M05,030,PTR,Megumin,God's Blessing on this Wonderful World! (KonoSuba),epic,4.70,28.20
5086,NS-05-M05,031,PTR,Darkness,God's Blessing on this Wonderful World! (KonoSuba),epic,4.77,28.62
5087,NS-05-M05,032,PTR,Silence Suzuka,Uma Musume Pretty Derby,common,1.03,6.18
5088,NS-05-M05,033,PTR,Rim,The Dungeon of Black Company,common,1.02,6.12
5089,NS-05-M05,034,PTR,Echidna,Re:Zero,epic,4.17,25.02
5090,NS-05-M05,035,PTR,Honami Ichinose,Classroom of the Elite,rare,1.74,10.44
5091,NS-05-M05,036,PTR,Leticia Draculea,"Problem Children Are Coming from Another World, Aren't They?",common,1.03,6.18
5092,NS-05-M05,037,PTR,Kurousagi,"Problem Children Are Coming from Another World, Aren't They?",common,1.01,6.06
5093,NS-05-M05,038,PTR,Altina Orion,The Legend of Heroes: Trails of Cold Steel,common,1.01,6.06
5094,NS-05-M05,039,PTR,Rinko Shirokane,BanG Dream!,common,1.05,6.30
5095,NS-05-M05,040,PTR,Ako Udagawa,BanG Dream!,common,1.00,6.00
5096,NS-05-M05,041,PTR,Yukina Minato,BanG Dream!,common,1.03,6.18
5097,NS-05-M05,042,PTR,Sayo Hikawa,BanG Dream!,common,1.04,6.24
5098,NS-05-M05,043,PTR,Lisa Imai,BanG Dream!,common,1.00,6.00
5099,NS-05-M05,044,PTR,Kanna Kamui,Miss Kobayashi's Dragon Maid,epic,4.41,26.46
5100,NS-05-M05,045,PTR,Shenhe,Genshin Impact,common,1.04,6.24
5101,NS-05-M05,046,SSR,Yurine Hanazono,Dropkick on My Devil!,common,1.00,2.50
5102,NS-05-M05,047,SSR,Eucliwood Hellscythe,Is This a Zombie?,common,1.02,2.55
5103,NS-05-M05,048,SSR,Smart Falcon,Uma Musume Pretty Derby,common,1.02,2.55
5104,NS-05-M05,049,SSR,Mami Tomoe,Puella Magi Madoka Magica,common,1.00,2.50
5105,NS-05-M05,050,SSR,Shalltear,Overlord,common,1.03,2.58
5106,NS-05-M05,051,SSR,Angela Balzac,Expelled from Paradise,common,1.03,2.58
5107,NS-05-M05,052,SSR,Shino Asada,Sword Art Online,rare,1.70,4.25
5108,NS-05-M05,053,SSR,Hoshino Takanashi,Blue Archive,common,1.01,2.53
5109,NS-05-M05,054,SSR,Natsuha Arisugawa,The Idolm@ster,common,1.05,2.63
5110,NS-05-M05,055,SSR,Herrscher of Reason,Honkai Impact,common,1.04,2.60
5111,NS-05-M05,056,SSR,Rozaliya Olenyeva,Honkai Impact,common,1.00,2.50
5112,NS-05-M05,057,SSR,Seele Vollerei,Honkai Impact,common,1.04,2.60
5113,NS-05-M05,058,SSR,Herrscher of the Void,Honkai Impact,common,1.03,2.58
5114,NS-05-M05,059,SSR,Durandal,Honkai Impact,common,1.05,2.63
5115,NS-05-M05,060,SSR,Raiden Mei,Honkai Impact,common,1.03,2.58
5116,NS-05-M05,061,SSR,Kiyohime,Fate Series,common,1.05,2.63
5117,NS-05-M05,062,SSR,Anastasia Nikolaevna Romanova,Fate Series,common,1.05,2.63
5118,NS-05-M05,063,SSR,Yun Jin,Genshin Impact,common,1.01,2.53
5119,NS-05-M05,064,SSR,Takao,Azur Lane,common,1.00,2.50
5120,NS-05-M05,065,SSR,New Jersey,Azur Lane,common,1.04,2.60
5121,NS-05-M05,066,SSR,Dido,Azur Lane,common,1.03,2.58
5122,NS-05-M05,067,SSR,August von Parseval,Azur Lane,common,1.02,2.55
5123,NS-05-M05,068,SSR,Prinz Eugen,Azur Lane,common,1.05,2.63
5124,NS-05-M05,069,SSR,Sirius,Azur Lane,common,1.05,2.63
5125,NS-05-M05,070,SSR,April,Arknights,common,1.01,2.53
5126,NS-05-M05,071,SSR,Gummy,Arknights,common,1.03,2.58
5127,NS-05-M05,072,SSR,Nian,Arknights,common,1.04,2.60
5128,NS-05-M05,073,SR,Karen Aijou,Revue Starlight,common,1.03,0.10
5129,NS-05-M05,074,SR,Hikari Kagura,Revue Starlight,common,1.01,0.10
5130,NS-05-M05,075,SR,Maya Tendou,Revue Starlight,common,1.03,0.10
5131,NS-05-M05,076,SR,Junna Hoshimi,Revue Starlight,common,1.01,0.10
5132,NS-05-M05,077,SR,Mahiru Tsuyuzaki,Revue Starlight,common,1.05,0.11
5133,NS-05-M05,078,SR,Nana Daiba,Revue Starlight,common,1.01,0.10
5134,NS-05-M05,079,SR,Claudine Saijou,Revue Starlight,common,1.01,0.10
5135,NS-05-M05,080,SR,Futaba Isurugi,Revue Starlight,common,1.01,0.10
5136,NS-05-M05,081,SR,Kaoruko Hanayagi,Revue Starlight,common,1.00,0.10
5137,NS-05-M05,082,SR,Minami Yamamoto,Wasteful Days of High School Girls,common,1.00,0.10
5138,NS-05-M05,083,SR,Chris Yukine,Senki Zessh┼Н Symphogear,common,1.04,0.10
5139,NS-05-M05,084,SR,Misha Necron,The Misfit of Demon King Academy,rare,1.59,0.16
5140,NS-05-M05,085,SR,Fuyuko Mayuzumi,The Idolm@ster,common,1.02,0.10
5141,NS-05-M05,086,SR,Platinum,Arknights,common,1.01,0.10
5142,NS-05-M05,087,SR,Eria the Water Charmer,Yu-Gi-Oh!,rare,1.83,0.18
5143,NS-05-M05,088,SR,Aussa the Earth Charmer,Yu-Gi-Oh!,rare,1.76,0.18
5144,NS-05-M05,089,SR,Hiita the Fire Charmer,Yu-Gi-Oh!,rare,1.86,0.19
5145,NS-05-M05,090,SR,Lyna the Light Charmer,Yu-Gi-Oh!,rare,1.79,0.18
5146,NS-05-M05,091,R,Mio Sakamoto,Strike Witches,common,1.05,0.01
5147,NS-05-M05,092,R,Yoshika Miyafuji,Strike Witches,common,1.05,0.01
5148,NS-05-M05,093,R,Lynette Bishop,Strike Witches,common,1.02,0.01
5149,NS-05-M05,094,R,Perrine H. Clostermann,Strike Witches,common,1.02,0.01
5150,NS-05-M05,095,R,Noel,Celestial Method,common,1.00,0.01
5151,NS-05-M05,096,R,Rosa,Arknights,common,1.03,0.01
5152,NS-05-M05,097,R,Karen Kujou,Kiniro Mosaic,common,1.05,0.01
5153,NS-05-M05,098,R,Alice Cartelet,Kiniro Mosaic,common,1.03,0.01
5154,NS-05-M05,099,R,Olga Marie Asmleit Animusphere,Fate Series,common,1.02,0.01
5155,NS-05-M05,100,R,Hinata Hakamada,Ro-Kyu-Bu!,common,1.04,0.01
5156,NS-05-M05,101,R,Izumo Miyako,Princess Connect Re:Dive,common,1.03,0.01
5157,NS-05-M05,102,R,Fai Fai,ENDRO!,common,1.05,0.01
5158,NS-05-M05,103,R,Aoko Aozaki,Tsukihime,common,1.02,0.01
5159,NS-05-M05,104,R,Kasumi Toyama,BanG Dream!,common,1.02,0.01
5160,NS-05-M05,105,R,Chino Kafuu,Is the Order a Rabbit?,common,1.03,0.01
5161,NS-05-M05,106,R,Kotori Kanbe,Rewrite,common,1.02,0.01
5162,NS-05-M05,107,R,Yoshino Himekawa,Date A Live,common,1.01,0.01
5163,NS-05-M05,108,R,Miyuki Sone,You and Me and Her,common,1.04,0.01
5164,NS-05-M05,109,XR,Kurumi Tokisaki,Date A Live,common,1.02,20.40
5165,NS-05-M05,110,XR,Skyfire,Arknights,common,1.04,20.80
5166,NS-05-M05,111,XR,Aru Rikuhachima,Blue Archive,common,1.04,20.80
5167,NS-05-M05,112,XR,Zero Two,Darling in the Franxx,epic,4.97,99.40
5168,NS-05-M05,113,XR,Skadi the Corrupting Heart,Arknights,common,1.04,20.80
5169,NS-05-M05,114,XR,Yae Miko,Genshin Impact,common,1.03,20.60
5170,NS-05-M05,115,XR,Rin Tohsaka,Fate Series,common,1.04,20.80
5171,NS-05-M05,116,XR,Sakura Matou,Fate Series,common,1.02,20.40
5172,NS-05-M05,117,XR,Reimu Hakurei,Touhou Project,common,1.04,20.80
5173,NS-05-M05,001,PR,Mashu Kyrielight,Fate Series,common,1.01,12.12
5174,NS-05-M05,002,PR,Meltlilith,Fate Series,common,1.02,12.24
5175,NS-05-M05,003,PR,Mysterious Heroine X (Alter),Fate Series,common,1.03,12.36
5176,NS-05-M05,004,PR,Gray,Fate Series,common,1.01,12.12
5177,NS-05-M05,005,PR,Shizuru Hoshino,Princess Connect Re:Dive,common,1.05,12.60
5178,NS-05-M05,006,PR,Am RFB,Girls' Frontline,common,1.04,12.48
5179,NS-05-M05,007,PR,Maika Sakuranomiya,Blend S,common,1.03,12.36
5180,NS-05-M05,008,PR,Alice Margatroid,Touhou Project,common,1.01,12.12
5181,NS-05-M05,009,PR,Flandre Scarlet,Touhou Project,common,1.05,12.60
5182,NS-05-M05,010,PR,Kaede Takagaki,The Idolm@ster,common,1.05,12.60
5183,NS-05-M05,011,PR,Dido,Azur Lane,common,1.05,12.60
5184,NS-05-M05,012,PR,Unicorn,Azur Lane,common,1.03,12.36
5185,NS-05-M05,013,PR,Harusame,Kantai Collection,common,1.04,12.48
5186,NS-05-M05,014,PR,Hibiki,Kantai Collection,common,1.00,12.00
5187,NS-05-M05,015,PR,Yamakaze,Kantai Collection,common,1.04,12.48
5188,NS-05-M05,016,PR,Kashima,Kantai Collection,common,1.04,12.48
5189,NS-05-M05,017,PR,Hamakaze,Kantai Collection,common,1.02,12.24
5190,NS-05-M05,018,PR,Kaguya Shinomiya,Kaguya-sama: Love is War,epic,3.36,40.32
5191,NS-05-M06,001,ZR,Kirino Kousaka,OreImo,common,1.02,20.40
5192,NS-05-M06,002,ZR,Inori Yuzuriha,Guilty Crown,common,1.02,20.40
5193,NS-05-M06,003,ZR,Shino Asada,Sword Art Online,rare,1.70,34.00
5194,NS-05-M06,004,ZR,Emilia,Re:Zero,epic,3.30,66.00
5195,NS-05-M06,005,ZR,Marin Kitagawa,My Dress-Up Darling,epic,4.59,91.80
5196,NS-05-M06,006,ZR,Shinobu Kochou,Demon Slayer (Kimetsu no Yaiba),epic,3.22,64.40
5197,NS-05-M06,007,ZR,Akemi Homura,Puella Magi Madoka Magica,common,1.03,20.60
5198,NS-05-M06,008,ZR,Jolyne Kujo,JoJo's Bizarre Adventure,mythic,89.27,1785.40
5199,NS-05-M06,009,ZR,Tokai Teio,Uma Musume Pretty Derby,common,1.00,20.00
5200,NS-05-M06,010,MR,Yume Minami,SSSS.DYNAZENON,common,1.04,15.60
5201,NS-05-M06,011,MR,Shinobu Oshino,Monogatari Series,common,1.02,15.30
5202,NS-05-M06,012,MR,Roxy Migurdia,Mushoku Tensei: Jobless Reincarnation,rare,1.58,23.70
5203,NS-05-M06,013,MR,Satono Diamond,Uma Musume Pretty Derby,common,1.00,15.00
5204,NS-05-M06,014,MR,Smart Falcon,Uma Musume Pretty Derby,common,1.00,15.00
5205,NS-05-M06,015,MR,Nice Nature,Uma Musume Pretty Derby,common,1.02,15.30
5206,NS-05-M06,016,MR,Kanna Kamui,Miss Kobayashi's Dragon Maid,epic,4.54,68.10
5207,NS-05-M06,017,MR,Anya Forger,Spy X Family,rare,1.86,27.90
5208,NS-05-M06,018,MR,Aoandon,Onmyoji,common,1.05,15.75
5209,NS-05-M06,019,MR,Ruri Gokou,OreImo,common,1.01,15.15
5210,NS-05-M06,020,MR,Elf Yamada,Eromanga Sensei,common,1.05,15.75
5211,NS-05-M06,021,MR,Yor Forger,Spy X Family,epic,4.32,64.80
5212,NS-05-M06,022,MR,Ninym Ralei,The Genius Prince's Guide to Raising a Nation Out of Debt,common,1.01,15.15
5213,NS-05-M06,023,MR,Atago,Azur Lane,common,1.01,15.15
5214,NS-05-M06,024,MR,KAngel,Needy Streamer Overload,common,1.05,15.75
5215,NS-05-M06,025,MR,Kotonoha Akane,Vocaloid,common,1.05,15.75
5216,NS-05-M06,026,MR,Kotonoha Aoi,Vocaloid,common,1.05,15.75
5217,NS-05-M06,027,MR,Specter the Unchained,Arknights,common,1.02,15.30
5218,NS-05-M06,028,PTR,Rikka Takanashi,"Love, Chunibyo & Other Delusions!",common,1.02,6.12
5219,NS-05-M06,029,PTR,Riko Mine,Aria the Scarlet Ammo,common,1.02,6.12
5220,NS-05-M06,030,PTR,Shiraori,"So I'm a Spider, So What?",common,1.03,6.18
5221,NS-05-M06,031,PTR,Shouko Komi,Komi Can't Communicate,epic,3.05,18.30
5222,NS-05-M06,032,PTR,Kaguya Shinomiya,Kaguya-sama: Love is War,epic,3.92,23.52
5223,NS-05-M06,033,PTR,Hestia,Is It Wrong to Try to Pick Up Girls in a Dungeon?,common,1.02,6.12
5224,NS-05-M06,034,PTR,Ayanami,Azur Lane,common,1.01,6.06
5225,NS-05-M06,035,PTR,Krul Tepes,Seraph of The End,rare,1.51,9.06
5226,NS-05-M06,036,PTR,Juna Crawford,The Legend of Heroes: Trails of Cold Steel,common,1.04,6.24
5227,NS-05-M06,037,PTR,Sorakado Ao,Summer Pockets,common,1.01,6.06
5228,NS-05-M06,038,PTR,Asana ,Forever 7th Capital,common,1.00,6.00
5229,NS-05-M06,039,PTR,Qu,Punishing: Gray Raven,common,1.04,6.24
5230,NS-05-M06,040,PTR,Elizabeth Liones,The Seven Deadly Sins,epic,4.02,24.12
5231,NS-05-M06,041,PTR,Renge,Bishoujo Mangekyou,common,1.04,6.24
5232,NS-05-M06,042,PTR,Twin Turbo,Uma Musume Pretty Derby,common,1.02,6.12
5233,NS-05-M06,043,PTR,Matikane Tannhauser,Uma Musume Pretty Derby,common,1.01,6.06
5234,NS-05-M06,044,PTR,Morgan le Fay,Fate Series,common,1.00,6.00
5235,NS-05-M06,045,PTR,Angela Balzac,Expelled from Paradise,common,1.01,6.06
5236,NS-05-M06,046,SSR,Chibiusa Tsukino (Black Lady),Sailor Moon,common,1.04,2.60
5237,NS-05-M06,047,SSR,Yui Hirasawa,K-On!,common,1.03,2.58
5238,NS-05-M06,048,SSR,Siesta,The Detective is Already Dead,common,1.03,2.58
5239,NS-05-M06,049,SSR,Kotori Minami,Love Live!,common,1.00,2.50
5240,NS-05-M06,050,SSR,Shizuku Osaka,Love Live!,common,1.04,2.60
5241,NS-05-M06,051,SSR,Maki Nishikino,Love Live!,common,1.04,2.60
5242,NS-05-M06,052,SSR,Yukino Yukinoshita,My Youth Romantic Comedy Is Wrong As I Expected,common,1.05,2.63
5243,NS-05-M06,053,SSR,Airi Sakura,Classroom of the Elite,rare,1.94,4.85
5244,NS-05-M06,054,SSR,Arisu Sakayanagi,Classroom of the Elite,rare,1.52,3.80
5245,NS-05-M06,055,SSR,Eris,God's Blessing on this Wonderful World! (KonoSuba),epic,4.16,10.40
5246,NS-05-M06,056,SSR,Surtr,Arknights,common,1.01,2.53
5247,NS-05-M06,057,SSR,Angewomon,Digimon,common,1.04,2.60
5248,NS-05-M06,058,SSR,Rosemon,Digimon,common,1.02,2.55
5249,NS-05-M06,059,SSR,Impero,Azur Lane,common,1.03,2.58
5250,NS-05-M06,060,SSR,Akagi,Azur Lane,common,1.03,2.58
5251,NS-05-M06,061,SSR,Glorious,Azur Lane,common,1.01,2.53
5252,NS-05-M06,062,SSR,Goldenglow,Arknights,common,1.04,2.60
5253,NS-05-M06,063,SSR,Fiammetta,Arknights,common,1.05,2.63
5254,NS-05-M06,064,SSR,Chika Fujiwara,Kaguya-sama: Love is War,epic,3.82,9.55
5255,NS-05-M06,065,SSR,Honghong Tushan,Fox Spirit Matchmaker,common,1.00,2.50
5256,NS-05-M06,066,SSR,Platelet,Cells at Work!,common,1.02,2.55
5257,NS-05-M06,067,SSR,Tamako Kitashirakawa,Tamako Market,common,1.03,2.58
5258,NS-05-M06,068,SSR,Mai Sakurajima,Rascal Does Not Dream Of Bunny Girl Senpai,common,1.03,2.58
5259,NS-05-M06,069,SSR,Kujou Sara,Genshin Impact,common,1.01,2.53
5260,NS-05-M06,070,SSR,Nezuko Kamado,Demon Slayer (Kimetsu no Yaiba),epic,3.04,7.60
5261,NS-05-M06,071,SSR,Mitsuri Kanroji,Demon Slayer (Kimetsu no Yaiba),epic,3.75,9.38
5262,NS-05-M06,072,SSR,Kanae Kochou,Demon Slayer (Kimetsu no Yaiba),epic,3.59,8.98
5263,NS-05-M06,073,SR,UMP45,Girls' Frontline,common,1.02,0.10
5264,NS-05-M06,074,SR,M4A1,Girls' Frontline,common,1.04,0.10
5265,NS-05-M06,075,SR,Kaga,Azur Lane,common,1.00,0.10
5266,NS-05-M06,076,SR,Dunkerque,Azur Lane,common,1.00,0.10
5267,NS-05-M06,077,SR,Elbe,Azur Lane,common,1.00,0.10
5268,NS-05-M06,078,SR,Honolulu,Azur Lane,common,1.04,0.10
5269,NS-05-M06,079,SR,W,Arknights,common,1.04,0.10
5270,NS-05-M06,080,SR,Amiya,Arknights,common,1.04,0.10
5271,NS-05-M06,081,SR,Eula,Genshin Impact,common,1.01,0.10
5272,NS-05-M06,082,SR,Rachel Gardner,Angels of Death,common,1.01,0.10
5273,NS-05-M06,083,SR,Ristarte,The Hero is Overpowered but Overly Cautious,epic,3.31,0.33
5274,NS-05-M06,084,SR,Seele Vollerei,Honkai Impact,common,1.04,0.10
5275,NS-05-M06,085,SR,Nao Tomori,Charlotte,common,1.03,0.10
5276,NS-05-M06,086,SR,Ruiko Saten,A Certain Magical Index (Toaru Kagaku no Railgun),common,1.04,0.10
5277,NS-05-M06,087,SR,Katyusha,Girls Und Panzer,common,1.02,0.10
5278,NS-05-M06,088,SR,Heavyrain,Arknights,common,1.05,0.11
5279,NS-05-M06,089,SR,Aponia,Honkai Impact,common,1.02,0.10
5280,NS-05-M06,090,SR,Mika,Girls Und Panzer,common,1.01,0.10
5281,NS-05-M06,091,R,Nagant Revolver,Girls' Frontline,common,1.00,0.01
5282,NS-05-M06,092,R,Deutschland,Azur Lane,common,1.02,0.01
5283,NS-05-M06,093,R,Cheshire,Azur Lane,common,1.00,0.01
5284,NS-05-M06,094,R,Exusiai,Arknights,common,1.01,0.01
5285,NS-05-M06,095,R,Shamare,Arknights,common,1.00,0.01
5286,NS-05-M06,096,R,Skadi,Arknights,common,1.05,0.01
5287,NS-05-M06,097,R,FEater,Arknights,common,1.05,0.01
5288,NS-05-M06,098,R,Maple,"BOFURI: I Don't Want to Get Hurt, so I'll Max Out My Defense.",rare,1.67,0.02
5289,NS-05-M06,099,R,Chizuru Takano,Tsuredure Children,common,1.05,0.01
5290,NS-05-M06,100,R,Uzuki Shimamura,The Idolm@ster,common,1.01,0.01
5291,NS-05-M06,101,R,Syoko Hoshi,The Idolm@ster,common,1.03,0.01
5292,NS-05-M06,102,R,Riamu Yumemi,The Idolm@ster,common,1.00,0.01
5293,NS-05-M06,103,R,Kotoka Saionji,The Idolm@ster,common,1.03,0.01
5294,NS-05-M06,104,R,Momoka Sakurai,The Idolm@ster,common,1.04,0.01
5295,NS-05-M06,105,R,Shiki Ichinose,The Idolm@ster,common,1.01,0.01
5296,NS-05-M06,106,R,Kozue Yusa,The Idolm@ster,common,1.04,0.01
5297,NS-05-M06,107,R,Yao Fueifuei,The Idolm@ster,common,1.02,0.01
5298,NS-05-M06,108,R,Kanako Mimura,The Idolm@ster,common,1.00,0.01
5299,NS-05-M06,109,XR,Melusine,Fate Series,common,1.04,20.80
5300,NS-05-M06,110,XR,Anastasia Nikolaevna Romanova,Fate Series,common,1.05,21.00
5301,NS-05-M06,111,XR,Asuna Ichinose,Blue Archive,common,1.00,20.00
5302,NS-05-M06,112,XR,Ganyu,Genshin Impact,common,1.00,20.00
5303,NS-05-M06,113,XR,Lumine,Genshin Impact,common,1.04,20.80
5304,NS-05-M06,114,XR,Keqing,Genshin Impact,common,1.05,21.00
5305,NS-05-M06,115,XR,Chapayev,Azur Lane,common,1.01,20.20
5306,NS-05-M06,116,XR,Tenshi Hinanawi,Touhou Project,common,1.02,20.40
5307,NS-05-M06,117,XR,New Jersey,Azur Lane,common,1.00,20.00
5308,NS-10-M01,001,SP,Nozomi Tojo,Love Live!,common,1.05,26.25
5309,NS-10-M01,002,SP,Nico Yazawa,Love Live!,common,1.01,25.25
5310,NS-10-M01,003,SP,Eli Ayase,Love Live!,common,1.04,26.00
5311,NS-10-M01,004,SP,Hanayo Koizumi,Love Live!,common,1.05,26.25
5312,NS-10-M01,005,SP,Rin Hoshizora,Love Live!,common,1.01,25.25
5313,NS-10-M01,006,SP,Maki Nishikino,Love Live!,common,1.02,25.50
5314,NS-10-M01,007,SP,Umi Sonoda,Love Live!,common,1.04,26.00
5315,NS-10-M01,008,SP,Kotori Minami,Love Live!,common,1.01,25.25
5316,NS-10-M01,009,SP,Honoka Kousaka,Love Live!,common,1.01,25.25
5317,NS-10-M01,010,NTR,Kotonoha Katsura,School Days,common,1.02,51.00
5318,NS-10-M01,011,NTR,Setsuna Ogiso,White Album 2,common,1.00,50.00
5319,NS-10-M01,012,NTR,Ichigo,Darling in the Franxx,epic,4.42,221.00
5320,NS-10-M01,013,NTR,Yuno Gasai,Future Diary,common,1.05,52.50
5321,NS-10-M01,014,NTR,Artoria Pendragon (Saber),Fate Series,common,1.05,52.50
5322,NS-10-M01,015,NTR,Yuzu Aihara,Citrus,common,1.01,50.50
5323,NS-10-M01,016,NTR,Emilia,Re:Zero,epic,4.93,246.50
5324,NS-10-M01,017,NTR,Sakura Haruno,Naruto Series,epic,3.79,189.50
5325,NS-10-M01,018,NTR,Asuna Yuuki,Sword Art Online,legendary,14.94,747.00
5326,NS-10-M01,019,MR,Mashu Kyrielight,Fate Series,common,1.03,15.45
5327,NS-10-M01,020,MR,Echidna,Re:Zero,epic,3.24,48.60
5328,NS-10-M01,021,MR,Shino Asada,Sword Art Online,rare,1.54,23.10
5329,NS-10-M01,022,MR,C.C.,Code Geass,common,1.02,15.30
5330,NS-10-M01,023,MR,Nefertari Vivi,One Piece,epic,3.33,49.95
5331,NS-10-M01,024,MR,Makima,Chainsaw Man,epic,3.81,57.15
5332,NS-10-M01,025,MR,Kaoru Kamiya,Rurouni Kenshin,common,1.05,15.75
5333,NS-10-M01,026,MR,Mitsuha Miyamizu,Your Name,common,1.04,15.60
5334,NS-10-M01,027,MR,Mai Sakurajima,Rascal Does Not Dream Of Bunny Girl Senpai,common,1.05,15.75
5335,NS-10-M01,028,MR,Asuka Shikinami Langley,Evangelion,common,1.01,15.15
5336,NS-10-M01,029,MR,Mejiro McQueen,Uma Musume Pretty Derby,common,1.03,15.45
5337,NS-10-M01,030,MR,Suigintou,Rozen Maiden,common,1.04,15.60
5338,NS-10-M01,031,MR,Kaguya Shinomiya,Kaguya-sama: Love is War,epic,3.39,50.85
5339,NS-10-M01,032,MR,Kyoko Kirigiri,Danganronpa,common,1.04,15.60
5340,NS-10-M01,033,MR,Akemi Homura,Puella Magi Madoka Magica,common,1.01,15.15
5341,NS-10-M01,034,MR,Shuna,That Time I Got Reincarnated as a Slime,epic,3.66,54.90
5342,NS-10-M01,035,MR,Yukino Yukinoshita,My Youth Romantic Comedy Is Wrong As I Expected,common,1.04,15.60
5343,NS-10-M01,036,MR,Yui Yuigahama,My Youth Romantic Comedy Is Wrong As I Expected,common,1.05,15.75
5344,NS-10-M01,037,FR,HK416,Girls' Frontline,common,1.03,0.36
5345,NS-10-M01,038,FR,OTs-14,Girls' Frontline,common,1.03,0.36
5346,NS-10-M01,039,FR,Type 95,Girls' Frontline,common,1.03,0.36
5347,NS-10-M01,040,FR,Tine,Red:Pride of Eden,common,1.01,0.35
5348,NS-10-M01,041,FR,Mio Takamiya,Date A Live,common,1.02,0.36
5349,NS-10-M01,042,FR,Kei Shirogane,Kaguya-sama: Love is War,epic,3.65,1.28
5350,NS-10-M01,043,FR,Ganyu,Genshin Impact,common,1.01,0.35
5351,NS-10-M01,044,FR,Keqing,Genshin Impact,common,1.04,0.36
5352,NS-10-M01,045,FR,Rita Rossweisse,Honkai Impact,common,1.05,0.37
5353,NS-10-M01,046,FR,Reimu Hakurei,Touhou Project,common,1.02,0.36
5354,NS-10-M01,047,FR,Yuyuko Saigyouji,Touhou Project,common,1.01,0.35
5355,NS-10-M01,048,FR,Youmu Konpaku,Touhou Project,common,1.03,0.36
5356,NS-10-M01,049,FR,Hong Meiling,Touhou Project,common,1.00,0.35
5357,NS-10-M01,050,FR,Sakuya Izayoi,Touhou Project,common,1.05,0.37
5358,NS-10-M01,051,FR,Flandre Scarlet,Touhou Project,common,1.05,0.37
5359,NS-10-M01,052,FR,Remilia Scarlet,Touhou Project,common,1.04,0.36
5360,NS-10-M01,053,FR,Patchouli Knowledge,Touhou Project,common,1.04,0.36
5361,NS-10-M01,054,FR,Koukuma,Touhou Project,common,1.03,0.36
5362,NS-10-M01,055,FR,Rikka Takarada,SSSS.GRIDMAN,common,1.03,0.36
5363,NS-10-M01,056,FR,Akane Shinjo,SSSS.GRIDMAN,common,1.05,0.37
5364,NS-10-M01,057,FR,Erio Touwa,Ground Control to Psychoelectric Girl,common,1.05,0.37
5365,NS-10-M01,058,FR,Taiga Aisaka,Toradora,common,1.02,0.36
5366,NS-10-M01,059,FR,Princess Charlotte,Princess Principal,common,1.04,0.36
5367,NS-10-M01,060,FR,Cinnabar,Land of the Lustrous,common,1.04,0.36
5368,NS-10-M01,061,FR,Phosphophyllite,Land of the Lustrous,common,1.02,0.36
5369,NS-10-M01,062,FR,Diamond,Land of the Lustrous,common,1.01,0.35
5370,NS-10-M01,063,FR,Rutile,Land of the Lustrous,common,1.03,0.36
5371,NS-10-M01,064,FR,Sakura Matou,Fate Series,common,1.04,0.36
5372,NS-10-M01,065,FR,Shalltear,Overlord,common,1.05,0.37
5373,NS-10-M01,066,FR,Elaina,The Journey of Elaina,common,1.05,0.37
5374,NS-10-M01,067,FR,Djeeta,Granblue Fantasy,common,1.02,0.36
5375,NS-10-M01,068,FR,Jeanne d'Arc,Granblue Fantasy,common,1.03,0.36
5376,NS-10-M01,069,FR,Vera,Punishing: Gray Raven,common,1.02,0.36
5377,NS-10-M01,070,FR,Forte,Granblue Fantasy,common,1.04,0.36
5378,NS-10-M01,071,FR,Ferry,Granblue Fantasy,common,1.02,0.36
5379,NS-10-M01,072,FR,Filene,Granblue Fantasy,common,1.05,0.37
5380,NS-10-M01,073,SSR,Esdeath,Akame Ga Kill!,epic,4.61,11.53
5381,NS-10-M01,074,SSR,Nao Tomori,Charlotte,common,1.01,2.53
5382,NS-10-M01,075,SSR,Kuroyukihime,Accel World,common,1.05,2.63
5383,NS-10-M01,076,SSR,Meiko Honma,The Flower We Saw That Day,common,1.05,2.63
5384,NS-10-M01,077,SSR,Rinne Ohara,Island,common,1.00,2.50
5385,NS-10-M01,078,SSR,Skadi the Corrupting Heart,Arknights,common,1.05,2.63
5386,NS-10-M01,079,SSR,Yuezheng Ling,VSinger,common,1.05,2.63
5387,NS-10-M01,080,SSR,Tsubasa Hanekawa,Monogatari Series,common,1.03,2.58
5388,NS-10-M01,081,SSR,Konno Yuuki,Sword Art Online,rare,1.67,4.18
5389,NS-10-M01,082,SSR,Susu Tushan,Fox Spirit Matchmaker,common,1.04,2.60
5390,NS-10-M01,083,SSR,Yaya  Tushan,Fox Spirit Matchmaker,common,1.00,2.50
5391,NS-10-M01,084,SSR,Hina Amano,Weathering with You,common,1.00,2.50
5392,NS-10-M01,085,SSR,Aki Adagaki,Masamune-kun's Revenge,common,1.02,2.55
5393,NS-10-M01,086,SSR,Schwi Dola,No Game No Life,rare,1.64,4.10
5394,NS-10-M01,087,SSR,Tohka Yatogami,Date A Live,common,1.02,2.55
5395,NS-10-M01,088,SSR,Miku Izayoi,Date A Live,common,1.00,2.50
5396,NS-10-M01,089,SSR,Chloe von Einzbern,Fate Series,common,1.02,2.55
5397,NS-10-M01,090,SSR,Illyasviel von Einzbern,Fate Series,common,1.00,2.50
5398,NS-10-M01,091,SSR,Mayuri Shiina,Steins; Gate,rare,1.76,4.40
5399,NS-10-M01,092,SSR,Nadeshiko Kagamihara,Laid-Back Camp,common,1.01,2.53
5400,NS-10-M01,093,SSR,Index Librorum Prohibitorum,A Certain Magical Index (Toaru Kagaku no Railgun),common,1.03,2.58
5401,NS-10-M01,094,SSR,Sylphiette,Mushoku Tensei: Jobless Reincarnation,rare,1.56,3.90
5402,NS-10-M01,095,SSR,Eris Boreas Greyrat,Mushoku Tensei: Jobless Reincarnation,rare,1.62,4.05
5403,NS-10-M01,096,SSR,Roxy Migurdia,Mushoku Tensei: Jobless Reincarnation,rare,1.78,4.45
5404,NS-10-M01,097,SSR,Artoria Pendragon (Saber) Alter,Fate Series,common,1.02,2.55
5405,NS-10-M01,098,SSR,Vladilena Milize,86 (Eighty Six),common,1.01,2.53
5406,NS-10-M01,099,SSR,Aliceliese Lou Nebulis IX,Our Last Crusade or the Rise of a New World,common,1.00,2.50
5407,NS-10-M01,100,SSR,Ai Hinatsuru,The Ryuo's Work is Never Done,common,1.04,2.60
5408,NS-10-M01,101,SSR,Noa Himesaka,WATATEN!: An Angel Flow Down to Me,common,1.03,2.58
5409,NS-10-M01,102,SSR,Chino Kafuu,Is the Order a Rabbit?,common,1.00,2.50
5410,NS-10-M01,103,SSR,Hina Satou,The Day I Became a God,common,1.00,2.50
5411,NS-10-M01,104,SSR,Yui Hirasawa,K-On!,common,1.02,2.55
5412,NS-10-M01,105,SSR,Mio Akiyama,K-On!,common,1.00,2.50
5413,NS-10-M01,106,SSR,Ritsu Tainaka,K-On!,common,1.01,2.53
5414,NS-10-M01,107,SSR,Tsumugi Kotobuki,K-On!,common,1.02,2.55
5415,NS-10-M01,108,SSR,Azusa Nakano,K-On!,common,1.02,2.55
5416,NS-10-M01,109,SR,Blake Belladonna,RWBY,common,1.01,0.10
5417,NS-10-M01,110,SR,Ruby Rose,RWBY,common,1.03,0.10
5418,NS-10-M01,111,SR,Weiss Schnee,RWBY,common,1.01,0.10
5419,NS-10-M01,112,SR,Chtholly Nota Seniorious,WorldEnd: What do you do at the end of the world? Are you busy? Will you save us?,common,1.00,0.10
5420,NS-10-M01,113,SR,Junko Enoshima,Danganronpa,common,1.01,0.10
5421,NS-10-M01,114,SR,Mirai Kuriyama,Beyond the Boundary,common,1.00,0.10
5422,NS-10-M01,115,SR,Rio Futaba,Rascal Does Not Dream Of Bunny Girl Senpai,common,1.01,0.10
5423,NS-10-M01,116,SR,Tatsumaki,One Punch Man,epic,4.13,0.41
5424,NS-10-M01,117,SR,Fubuki,One Punch Man,epic,4.02,0.40
5425,NS-10-M01,118,SR,Jeanne d'Arc (Alter),Fate Series,common,1.04,0.10
5426,NS-10-M01,119,SR,Ai Enma,Hell Girl,common,1.00,0.10
5427,NS-10-M01,120,SR,Nadeko Sengoku,Monogatari Series,common,1.01,0.10
5428,NS-10-M01,121,SR,Hanabi Hyuga,Naruto Series,epic,4.15,0.42
5429,NS-10-M01,122,SR,Yuki Nagato,The Melancholy of Haruhi Suzumiya,common,1.03,0.10
5430,NS-10-M01,123,SR,Shiki Ryougi,Kara no Kyoukai,common,1.02,0.10
5431,NS-10-M01,124,SR,Milim Nava,That Time I Got Reincarnated as a Slime,epic,4.70,0.47
5432,NS-10-M01,125,SR,Nyaruko,Nyaruko: Crawling with Love!,common,1.05,0.11
5433,NS-10-M01,126,SR,Kyouko Izanami,The Day I Became a God,common,1.02,0.10
5434,NS-10-M01,127,SR,Kanade Hisaishi,Sound! Euphonium,common,1.01,0.10
5435,NS-10-M01,128,SR,Kumiko Oumae,Sound! Euphonium,common,1.03,0.10
5436,NS-10-M01,129,SR,Reina Kousaka,Sound! Euphonium,common,1.02,0.10
5437,NS-10-M01,130,SR,Sapphire Kawashima,Sound! Euphonium,common,1.05,0.11
5438,NS-10-M01,131,SR,Yuuko Yoshikawa,Sound! Euphonium,common,1.02,0.10
5439,NS-10-M01,132,SR,Natsuki Nakagawa,Sound! Euphonium,common,1.03,0.10
5440,NS-10-M01,133,SR,Hazuki Katou,Sound! Euphonium,common,1.03,0.10
5441,NS-10-M01,134,SR,Mizore Yoroizuka,Sound! Euphonium,common,1.03,0.10
5442,NS-10-M01,135,SR,Nozomi Kasaki,Sound! Euphonium,common,1.03,0.10
5443,NS-10-M01,136,SR,Rin Hoshizora,Love Live!,common,1.05,0.11
5444,NS-10-M01,137,SR,Riko Sakurauchi,Love Live!,common,1.04,0.10
5445,NS-10-M01,138,SR,Kanan Matsuura,Love Live!,common,1.01,0.10
5446,NS-10-M01,139,SR,Dia Kurosawa,Love Live!,common,1.03,0.10
5447,NS-10-M01,140,SR,You Watanabe,Love Live!,common,1.01,0.10
5448,NS-10-M01,141,SR,Yoshiko Tsushima,Love Live!,common,1.00,0.10
5449,NS-10-M01,142,SR,Hanamaru Kunikida,Love Live!,common,1.05,0.11
5450,NS-10-M01,143,SR,Mari Ohara,Love Live!,common,1.04,0.10
5451,NS-10-M01,144,SR,Ruby Kurosawa,Love Live!,common,1.00,0.10
5452,NS-10-M01,001,PR,Hatsune Miku,Vocaloid,common,1.01,12.12
5453,NS-10-M01,002,PR,Megurine Luka,Vocaloid,common,1.03,12.36
5454,NS-10-M01,003,PR,Zero Two,Darling in the Franxx,epic,3.27,39.24
5455,NS-10-M01,004,PR,Artoria Pendragon (Saber),Fate Series,common,1.02,12.24
5456,NS-10-M01,005,PR,Jeanne d'Arc,Fate Series,common,1.01,12.12
5457,NS-10-M01,006,PR,Okita Souji,Fate Series,common,1.03,12.36
5458,NS-10-M01,007,PR,Misaka Mikoto,A Certain Magical Index (Toaru Kagaku no Railgun),common,1.02,12.24
5459,NS-10-M01,008,PR,G36,Girls' Frontline,common,1.01,12.12
5460,NS-10-M01,009,PR,1WS2000,Girls' Frontline,common,1.03,12.36
5461,NS-10-M01,010,PR,Shoko Makinohara,Rascal Does Not Dream Of Bunny Girl Senpai,common,1.03,12.36
5462,NS-10-M01,011,PR,Rin Shibuya,The Idolm@ster,common,1.05,12.60
5463,NS-10-M01,012,PR,Kaede Takagaki,The Idolm@ster,common,1.01,12.12
5464,NS-10-M01,013,PR,Yukihana Lamy,Hololive,common,1.03,12.36
5465,NS-10-M01,014,PR,Rice Shower,Uma Musume Pretty Derby,common,1.01,12.12
5466,NS-10-M01,015,PR,Lexington,Warship Girls R,common,1.04,12.48
5467,NS-10-M01,016,PR,Laffey,Azur Lane,common,1.02,12.24
5468,NS-10-M01,017,PR,Atago,Azur Lane,common,1.05,12.60
5469,NS-10-M01,018,PR,Yat Sen,Azur Lane,common,1.02,12.24
5641,NS-10-M03,001,SP,Mejiro McQueen,Uma Musume Pretty Derby,common,1.00,25.00
5642,NS-10-M03,002,SP,Mayano Top Gun,Uma Musume Pretty Derby,common,1.05,26.25
5643,NS-10-M03,003,SP,Curren Chan,Uma Musume Pretty Derby,common,1.04,26.00
5644,NS-10-M03,004,SP,Mejiro Ardan,Uma Musume Pretty Derby,common,1.02,25.50
5645,NS-10-M03,005,SP,Tokai Teio,Uma Musume Pretty Derby,common,1.02,25.50
5646,NS-10-M03,006,SP,Mihono Bourbon,Uma Musume Pretty Derby,common,1.05,26.25
5647,NS-10-M03,007,SP,Seiun Sky,Uma Musume Pretty Derby,common,1.05,26.25
5648,NS-10-M03,008,SP,Manhattan Cafe,Uma Musume Pretty Derby,common,1.04,26.00
5649,NS-10-M03,009,SP,Rice Shower,Uma Musume Pretty Derby,common,1.04,26.00
5650,NS-10-M03,010,DSR,Meiko Honma,The Flower We Saw That Day,common,1.05,78.75
5651,NS-10-M03,011,DSR,Isla,Plastic Memories,common,1.00,75.00
5652,NS-10-M03,012,DSR,Nia Teppelin,Gurren Lagann,common,1.05,78.75
5653,NS-10-M03,013,DSR,Kaori Miyazono,Your Lie in April,common,1.05,78.75
5654,NS-10-M03,014,DSR,Mami Tomoe,Puella Magi Madoka Magica,common,1.00,75.00
5655,NS-10-M03,015,DSR,Chiaki Nanami,Danganronpa,common,1.01,75.75
5656,NS-10-M03,016,DSR,Kiana Kaslana,Honkai Impact,common,1.05,78.75
5657,NS-10-M03,017,DSR,Violet Evergarden,Violet Evergarden,common,1.04,78.00
5658,NS-10-M03,018,DSR,FrostNova,Arknights,common,1.02,76.50
5659,NS-10-M03,019,MR,Tomoyo Daidouji,Cardcaptor Sakura,common,1.01,15.15
5660,NS-10-M03,020,MR,Dark Magician Girl,Yu-Gi-Oh!,rare,1.61,24.15
5661,NS-10-M03,021,MR,Asuna Yuuki,Sword Art Online,legendary,15.35,230.25
5662,NS-10-M03,022,MR,Akagi,Azur Lane,common,1.02,15.30
5663,NS-10-M03,023,MR,Kaga,Azur Lane,common,1.03,15.45
5664,NS-10-M03,024,MR,Ai Hayasaka,Kaguya-sama: Love is War,epic,3.23,48.45
5665,NS-10-M03,025,MR,Asuka Shikinami Langley,Evangelion,common,1.01,15.15
5666,NS-10-M03,026,MR,Arisu Sakayanagi,Classroom of the Elite,rare,1.52,22.80
5667,NS-10-M03,027,MR,Makima,Chainsaw Man,epic,4.19,62.85
5668,NS-10-M03,028,MR,Hu Tao,Genshin Impact,common,1.00,15.00
5669,NS-10-M03,029,MR,Ningguang,Genshin Impact,common,1.02,15.30
5670,NS-10-M03,030,MR,Shouko Komi,Komi Can't Communicate,epic,4.83,72.45
5671,NS-10-M03,031,MR,Mihono Bourbon,Uma Musume Pretty Derby,common,1.02,15.30
5672,NS-10-M03,032,MR,Mio Akiyama,K-On!,common,1.00,15.00
5673,NS-10-M03,033,MR,Yui Hirasawa,K-On!,common,1.02,15.30
5674,NS-10-M03,034,MR,Madoka Higuchi,The Idolm@ster,common,1.01,15.15
5675,NS-10-M03,035,MR,Tatsumaki,One Punch Man,epic,4.46,66.90
5676,NS-10-M03,036,MR,Shiro,No Game No Life,rare,1.77,26.55
5677,NS-10-M03,037,FR,Kotori Itsuka,Date A Live,common,1.04,0.36
5678,NS-10-M03,038,FR,Miku Izayoi,Date A Live,common,1.04,0.36
5679,NS-10-M03,039,FR,Yoshino Himekawa,Date A Live,common,1.05,0.37
5680,NS-10-M03,040,FR,Cheshire,Azur Lane,common,1.02,0.36
5681,NS-10-M03,041,FR,Hiei,Azur Lane,common,1.05,0.37
5682,NS-10-M03,042,FR,Elbe,Azur Lane,common,1.00,0.35
5683,NS-10-M03,043,FR,Eldridge,Azur Lane,common,1.01,0.35
5684,NS-10-M03,044,FR,Ishtar,Fate Series,common,1.00,0.35
5685,NS-10-M03,045,FR,Ereshkigal,Fate Series,common,1.00,0.35
5686,NS-10-M03,046,FR,Alice Zuberg,Sword Art Online,rare,1.77,0.62
5687,NS-10-M03,047,FR,Bluet,Flower Knight Girl,common,1.04,0.36
5688,NS-10-M03,048,FR,Vikala,Granblue Fantasy,common,1.04,0.36
5689,NS-10-M03,049,FR,Asuna Ichinose,Blue Archive,common,1.05,0.37
5690,NS-10-M03,050,FR,Karin Kakudate,Blue Archive,common,1.02,0.36
5691,NS-10-M03,051,FR,Akari Wanibuchi,Blue Archive,common,1.02,0.36
5692,NS-10-M03,052,FR,Shiroha Narusa,Summer Pockets,common,1.04,0.36
5693,NS-10-M03,053,FR,Satori Komeiji,Touhou Project,common,1.03,0.36
5694,NS-10-M03,054,FR,Sakuya Izayoi,Touhou Project,common,1.01,0.35
5695,NS-10-M03,055,FR,Momiji Inubashiri,Touhou Project,common,1.00,0.35
5696,NS-10-M03,056,FR,Akane Shinjo,SSSS.GRIDMAN,common,1.04,0.36
5697,NS-10-M03,057,FR,Mai Futakotama,Alice Gear Aegis,common,1.00,0.35
5698,NS-10-M03,058,FR,Satono Diamond,Uma Musume Pretty Derby,common,1.05,0.37
5699,NS-10-M03,059,FR,Eishin Flash,Uma Musume Pretty Derby,common,1.02,0.36
5700,NS-10-M03,060,FR,Seiun Sky,Uma Musume Pretty Derby,common,1.02,0.36
5701,NS-10-M03,061,FR,Suzakuin Tsubaki,Mekuiro,common,1.04,0.36
5702,NS-10-M03,062,FR,Eula,Genshin Impact,common,1.02,0.36
5703,NS-10-M03,063,FR,Yae Miko,Genshin Impact,common,1.02,0.36
5704,NS-10-M03,064,FR,Klee,Genshin Impact,common,1.05,0.37
5705,NS-10-M03,065,FR,Paimon,Genshin Impact,common,1.03,0.36
5706,NS-10-M03,066,FR,Qiqi,Genshin Impact,common,1.05,0.37
5707,NS-10-M03,067,FR,Marnie,Pokemon,common,1.00,0.35
5708,NS-10-M03,068,FR,Yuuko Yoshida,The Demon Girl Next Door,common,1.04,0.36
5709,NS-10-M03,069,FR,Sky Striker Ace - Roze,Yu-Gi-Oh!,rare,1.58,0.55
5710,NS-10-M03,070,FR,Kokoro Natsume (Kokkoro),Princess Connect Re:Dive,common,1.01,0.35
5711,NS-10-M03,071,FR,Ram,Re:Zero,epic,3.00,1.05
5712,NS-10-M03,072,FR,Rem,Re:Zero,epic,3.45,1.21
5713,NS-10-M03,073,SSR,Yukiho Hagiwara,The Idolm@ster,common,1.00,2.50
5714,NS-10-M03,074,SSR,Haruka Amami,The Idolm@ster,common,1.03,2.58
5715,NS-10-M03,075,SSR,Vignette April Tsukinose,Gabriel DropOut,common,1.03,2.58
5716,NS-10-M03,076,SSR,Gabriel Tenma White,Gabriel DropOut,common,1.00,2.50
5717,NS-10-M03,077,SSR,Zero Two,Darling in the Franxx,epic,3.66,9.15
5718,NS-10-M03,078,SSR,Inori Yuzuriha,Guilty Crown,common,1.02,2.55
5719,NS-10-M03,079,SSR,Raiden Shogun,Genshin Impact,common,1.00,2.50
5720,NS-10-M03,080,SSR,Keqing,Genshin Impact,common,1.00,2.50
5721,NS-10-M03,081,SSR,Shenhe,Genshin Impact,common,1.00,2.50
5722,NS-10-M03,082,SSR,Hu Tao,Genshin Impact,common,1.03,2.58
5723,NS-10-M03,083,SSR,Ruri Gokou,OreImo,common,1.04,2.60
5724,NS-10-M03,084,SSR,Hiyoribou,Onmyoji,common,1.02,2.55
5725,NS-10-M03,085,SSR,Suzuka Gozen,Onmyoji,common,1.02,2.55
5726,NS-10-M03,086,SSR,Kagura,Onmyoji,common,1.01,2.53
5727,NS-10-M03,087,SSR,Shiranui,Onmyoji,common,1.05,2.63
5728,NS-10-M03,088,SSR,Exusiai,Arknights,common,1.01,2.53
5729,NS-10-M03,089,SSR,Ch'en,Arknights,common,1.05,2.63
5730,NS-10-M03,090,SSR,Theresa Apocalypse,Honkai Impact,common,1.05,2.63
5731,NS-10-M03,091,SSR,Yae Sakura,Honkai Impact,common,1.01,2.53
5732,NS-10-M03,092,SSR,Herrscher of Sentience,Honkai Impact,common,1.00,2.50
5733,NS-10-M03,093,SSR,Herrscher of Reason,Honkai Impact,common,1.03,2.58
5734,NS-10-M03,094,SSR,Raiden Mei,Honkai Impact,common,1.01,2.53
5735,NS-10-M03,095,SSR,Kiana Kaslana,Honkai Impact,common,1.03,2.58
5736,NS-10-M03,096,SSR,Beatrice,Re:Zero,epic,4.74,11.85
5737,NS-10-M03,097,SSR,Echidna,Re:Zero,epic,4.21,10.53
5738,NS-10-M03,098,SSR,Emilia,Re:Zero,epic,3.02,7.55
5739,NS-10-M03,099,SSR,Kanae Kochou,Demon Slayer (Kimetsu no Yaiba),epic,3.63,9.07
5740,NS-10-M03,100,SR,Yayoi Takatsuki,The Idolm@ster,common,1.01,0.10
5741,NS-10-M03,101,SR,Tsumugi Kotobuki,K-On!,common,1.01,0.10
5742,NS-10-M03,102,SR,Ritsu Tainaka,K-On!,common,1.05,0.11
5743,NS-10-M03,103,SR,Azusa Nakano,K-On!,common,1.04,0.10
5744,NS-10-M03,104,SR,Noa Himesaka,WATATEN!: An Angel Flow Down to Me,common,1.00,0.10
5745,NS-10-M03,105,SR,Hinata Oshino,WATATEN!: An Angel Flow Down to Me,common,1.00,0.10
5746,NS-10-M03,106,SR,Hana Shirosaki,WATATEN!: An Angel Flow Down to Me,common,1.01,0.10
5747,NS-10-M03,107,SR,Miyako Hoshino,WATATEN!: An Angel Flow Down to Me,common,1.04,0.10
5748,NS-10-M03,108,SR,Ai Yashajin,The Ryuo's Work is Never Done,common,1.01,0.10
5749,NS-10-M03,109,SR,Ginko Sora,The Ryuo's Work is Never Done,common,1.02,0.10
5750,NS-10-M03,110,SR,Ai Hinatsuru,The Ryuo's Work is Never Done,common,1.02,0.10
5751,NS-10-M03,111,SR,Utaha Kasumigaoka,Saekano: How to Raise a Boring Girlfriend,common,1.00,0.10
5752,NS-10-M03,112,SR,Eriri Spencer Sawamura,Saekano: How to Raise a Boring Girlfriend,common,1.03,0.10
5753,NS-10-M03,113,SR,Megumi Kato,Saekano: How to Raise a Boring Girlfriend,common,1.05,0.11
5754,NS-10-M03,114,SR,Ristarte,The Hero is Overpowered but Overly Cautious,epic,4.35,0.44
5755,NS-10-M03,115,SR,Airi Sakura,Classroom of the Elite,rare,1.98,0.20
5756,NS-10-M03,116,SR,Kikyou Kushida,Classroom of the Elite,rare,1.56,0.16
5757,NS-10-M03,117,SR,Kei Karuizawa,Classroom of the Elite,rare,1.56,0.16
5758,NS-10-M03,118,SR,Eru Chitanda,Hyouka,common,1.02,0.10
5759,NS-10-M03,119,SR,Yui Yuigahama,My Youth Romantic Comedy Is Wrong As I Expected,common,1.00,0.10
5760,NS-10-M03,120,SR,Yukino Yukinoshita,My Youth Romantic Comedy Is Wrong As I Expected,common,1.00,0.10
5761,NS-10-M03,121,SR,Anko Kitashirakawa,Tamako Market,common,1.03,0.10
5762,NS-10-M03,122,SR,Kyouko Hori,Horimiya,common,1.02,0.10
5763,NS-10-M03,123,SR,Uiharu Kazari,A Certain Magical Index (Toaru Kagaku no Railgun),common,1.04,0.10
5764,NS-10-M03,124,SR,Shokuhou Misaki,A Certain Magical Index (Toaru Kagaku no Railgun),common,1.02,0.10
5765,NS-10-M03,125,SR,Mitsuha Miyamizu,Your Name,common,1.05,0.11
5766,NS-10-M03,126,SR,Sanae Dekomori,"Love, Chunibyo & Other Delusions!",common,1.01,0.10
5767,NS-10-M03,127,SR,Shinka Nibutani,"Love, Chunibyo & Other Delusions!",common,1.03,0.10
5768,NS-10-M03,128,SR,Satone Shichimiya,"Love, Chunibyo & Other Delusions!",common,1.04,0.10
5769,NS-10-M03,129,SR,Aoandon,Onmyoji,common,1.02,0.10
5770,NS-10-M03,130,SR,Hotarugusa,Onmyoji,common,1.04,0.10
5771,NS-10-M03,131,SR,Itsumade,Onmyoji,common,1.03,0.10
5772,NS-10-M03,132,SR,Sakura,Onmyoji,common,1.02,0.10
5773,NS-10-M03,133,SR,Momo No Sei,Onmyoji,common,1.02,0.10
5774,NS-10-M03,134,SR,Macrophage,Cells at Work!,common,1.04,0.10
5775,NS-10-M03,135,SR,Red Blood Cell,Cells at Work!,common,1.04,0.10
5776,NS-10-M03,001,PR,Haruhi Suzumiya,The Melancholy of Haruhi Suzumiya,common,1.00,12.00
5777,NS-10-M03,002,PR,Akane Shinjo,SSSS.GRIDMAN,common,1.05,12.60
5778,NS-10-M03,003,PR,Manaka Mukaido,Nagi-Asu: A Lull in the Sea,common,1.01,12.12
5779,NS-10-M03,004,PR,Ai Enma,Hell Girl,common,1.01,12.12
5780,NS-10-M03,005,PR,Yukino Yukinoshita,My Youth Romantic Comedy Is Wrong As I Expected,common,1.01,12.12
5781,NS-10-M03,006,PR,Yui Yuigahama,My Youth Romantic Comedy Is Wrong As I Expected,common,1.04,12.48
5782,NS-10-M03,007,PR,Lumine,Genshin Impact,common,1.02,12.24
5783,NS-10-M03,008,PR,Kamisato Ayaka,Genshin Impact,common,1.03,12.36
5784,NS-10-M03,009,PR,Hu Tao,Genshin Impact,common,1.01,12.12
5785,NS-10-M03,010,PR,Mahiru Shiina,The Angel Next Door Spoils Me Rotten,common,1.05,12.60
5786,NS-10-M03,011,PR,Chiyo Sakura,Monthly Girl's Nozaki-kun,common,1.04,12.48
5787,NS-10-M03,012,PR,Noshiro,Azur Lane,common,1.04,12.48
5788,NS-10-M03,013,PR,Angelina,Arknights,common,1.02,12.24
5789,NS-10-M03,014,PR,Skadi,Arknights,common,1.05,12.60
5790,NS-10-M03,015,PR,Misato Kurihara,Didn't I Say to Make My Abilities Average in the Next Life?!,common,1.04,12.48
5791,NS-10-M03,016,PR,Rinze Morino,The Idolm@ster,common,1.03,12.36
5792,NS-10-M03,017,PR,Rin Shibuya,The Idolm@ster,common,1.00,12.00
5793,NS-10-M03,018,PR,Tenka Osaki,The Idolm@ster,common,1.00,12.00
5794,NS-10-M03,001,BW,Utaha Kasumigaoka,Saekano: How to Raise a Boring Girlfriend,common,1.00,25.00
5795,NS-10-M03,002,BW,Megumin,God's Blessing on this Wonderful World! (KonoSuba),epic,3.45,86.25
5796,NS-10-M03,003,BW,Kaguya Shinomiya,Kaguya-sama: Love is War,epic,4.89,122.25
5797,NS-10-M03,004,BW,Chika Fujiwara,Kaguya-sama: Love is War,epic,3.58,89.50
5798,NS-10-M03,005,BW,Kizuna AI,VTuber,common,1.05,26.25
5799,NS-10-M03,006,BW,Mashiro Shiina,The Pet Girl of Sakurasou,common,1.00,25.00
5800,NS-10-M03,007,BW,Asuna Yuuki,Sword Art Online,legendary,19.45,486.25
5801,NS-10-M03,008,BW,Elaina,The Journey of Elaina,common,1.02,25.50
5802,NS-10-M03,009,BW,Keke Tang,Love Live!,common,1.01,25.25
5969,NS-08,001,SSR,Ushio Kofune,Summer Time Rendering,common,1.02,2.55
5970,NS-08,002,SSR,Type 95,Girls' Frontline,common,1.00,2.50
5971,NS-08,003,SSR,Madoka Higuchi,The Idolm@ster,common,1.01,2.53
5972,NS-08,004,SSR,Hatsune Miku,Vocaloid,common,1.01,2.53
5973,NS-08,005,SSR,Luo Tianyi,Vocaloid,common,1.04,2.60
5974,NS-08,006,SSR,Takina Inoue,Lycoris Recoil,common,1.05,2.63
5975,NS-08,007,SSR,Chisato Nishikigi,Lycoris Recoil,common,1.01,2.53
5976,NS-08,008,SSR,Kurumi,Lycoris Recoil,common,1.02,2.55
5977,NS-08,009,SSR,Kisara,Engage Kiss,common,1.03,2.58
5978,NS-08,010,SSR,Tsundere Elf,Uncle from Another World,common,1.05,2.63
5979,NS-08,011,SSR,Roxy Migurdia,Mushoku Tensei: Jobless Reincarnation,rare,1.51,3.78
5980,NS-08,012,SSR,Collei,Genshin Impact,common,1.02,2.55
5981,NS-08,013,SSR,Raiden Shogun,Genshin Impact,common,1.05,2.63
5982,NS-08,014,SSR,Tokai Teio,Uma Musume Pretty Derby,common,1.01,2.53
5983,NS-08,015,SSR,Hina Amano,Weathering with You,common,1.05,2.63
5984,NS-08,016,SSR,Rei Ayanami,Evangelion,common,1.01,2.53
5985,NS-08,017,SSR,Mitsuri Kanroji,Demon Slayer (Kimetsu no Yaiba),epic,4.19,10.48
5986,NS-08,018,SSR,Nezuko Kamado,Demon Slayer (Kimetsu no Yaiba),epic,3.70,9.25
5987,NS-08,001,SR,Kar98k,Girls' Frontline,common,1.05,0.11
5988,NS-08,002,SR,AK-12,Girls' Frontline,common,1.05,0.11
5989,NS-08,003,SR,Renge,Bishoujo Mangekyou,common,1.00,0.10
5990,NS-08,004,SR,Ichigo,Darling in the Franxx,epic,3.27,0.33
5991,NS-08,005,SR,Emilia,Re:Zero,epic,3.26,0.33
5992,NS-08,006,SR,Ram,Re:Zero,epic,3.73,0.37
5993,NS-08,007,SR,Megumi Kato,Saekano: How to Raise a Boring Girlfriend,common,1.04,0.10
5994,NS-08,008,SR,Eriri Spencer Sawamura,Saekano: How to Raise a Boring Girlfriend,common,1.00,0.10
5995,NS-08,009,SR,Iroha Isshiki,My Youth Romantic Comedy Is Wrong As I Expected,common,1.05,0.11
5996,NS-08,010,SR,Ninym Ralei,The Genius Prince's Guide to Raising a Nation Out of Debt,common,1.00,0.10
5997,NS-08,011,SR,Suigintou,Rozen Maiden,common,1.00,0.10
5998,NS-08,012,SR,Siesta,The Detective is Already Dead,common,1.03,0.10
5999,NS-08,013,SR,Baobhan Sith,Fate Series,common,1.03,0.10
6000,NS-08,014,SR,Izumo no Okuni,Fate Series,common,1.02,0.10
6001,NS-08,015,SR,Kanao Tsuyuri,Demon Slayer (Kimetsu no Yaiba),epic,3.64,0.36
6002,NS-08,016,SR,Howe,Azur Lane,common,1.02,0.10
6003,NS-08,017,SR,Myrtle,Arknights,common,1.05,0.11
6004,NS-08,018,SR,Nian,Arknights,common,1.05,0.11
6005,NS-08,019,SR,Sylphiette,Mushoku Tensei: Jobless Reincarnation,rare,1.88,0.19
6006,NS-08,020,SR,Murakumo,Kantai Collection,common,1.02,0.10
6007,NS-08,021,SR,Ruri Gokou,OreImo,common,1.05,0.11
6008,NS-08,022,SR,Rikka Takanashi,"Love, Chunibyo & Other Delusions!",common,1.01,0.10
6009,NS-08,023,SR,Kyouko Sakura,Puella Magi Madoka Magica,common,1.02,0.10
6010,NS-08,024,SR,Mai Yanase,Katana Maidens: Toji no Miko,common,1.05,0.11
6011,NS-08,025,SR,Musse Egret,The Legend of Heroes: Trails of Cold Steel,common,1.01,0.10
6012,NS-08,026,SR,Yae Sakura,Honkai Impact,common,1.05,0.11
6013,NS-08,027,SR,Kokomi Sangonomiya,Genshin Impact,common,1.05,0.11
6014,NS-08,028,SR,Shenhe,Genshin Impact,common,1.01,0.10
6015,NS-08,029,SR,Yanhe,VSinger,common,1.02,0.10
6016,NS-08,030,SR,Nico Yazawa,Love Live!,common,1.01,0.10
6017,NS-08,031,SR,Kotori Minami,Love Live!,common,1.01,0.10
6018,NS-08,032,SR,Eli Ayase,Love Live!,common,1.00,0.10
6019,NS-08,033,SR,Ai Miyashita,Love Live!,common,1.01,0.10
6020,NS-08,034,SR,Rina Tennouji,Love Live!,common,1.03,0.10
6021,NS-08,035,SR,Yukiho Hagiwara,The Idolm@ster,common,1.05,0.11
6022,NS-08,036,SR,Kei Karuizawa,Classroom of the Elite,rare,1.93,0.19
6023,NS-08,001,R,IWS 2000,Girls' Frontline,common,1.05,0.01
6024,NS-08,002,R,Yuno Gasai,Future Diary,common,1.01,0.01
6025,NS-08,003,R,Ai Hinatsuru,The Ryuo's Work is Never Done,common,1.00,0.01
6026,NS-08,004,R,Taiga Aisaka,Toradora,common,1.05,0.01
6027,NS-08,005,R,Tatsumaki,One Punch Man,epic,4.38,0.04
6028,NS-08,006,R,Nagisa Natsunagi,The Detective is Already Dead,common,1.05,0.01
6029,NS-08,007,R,Umi Sonoda,Love Live!,common,1.00,0.01
6030,NS-08,008,R,Nagao Kagetora,Fate Series,common,1.03,0.01
6031,NS-08,009,R,Flandre Scarlet,Touhou Project,common,1.02,0.01
6032,NS-08,010,R,Nyaruko,Nyaruko: Crawling with Love!,common,1.00,0.01
6033,NS-08,011,R,Shiroko Sunaookami,Blue Archive,common,1.04,0.01
6034,NS-08,012,R,Mobius,Honkai Impact,common,1.03,0.01
6035,NS-08,013,R,Seele Vollerei,Honkai Impact,common,1.04,0.01
6036,NS-08,014,R,Lisa,Genshin Impact,common,1.00,0.01
6037,NS-08,015,R,Diona,Genshin Impact,common,1.00,0.01
6038,NS-08,016,R,Cheshire,Azur Lane,common,1.02,0.01
6039,NS-08,017,R,Akagi,Azur Lane,common,1.05,0.01
6040,NS-08,018,R,Eunectes,Arknights,common,1.00,0.01
6041,NS-02-M08,001,PTR,Tsundere Elf,Uncle from Another World,common,1.04,6.24
6042,NS-02-M08,002,PTR,Takina Inoue,Lycoris Recoil,common,1.00,6.00
6043,NS-02-M08,003,PTR,Chisato Nishikigi,Lycoris Recoil,common,1.00,6.00
6044,NS-02-M08,004,PTR,Kurumi,Lycoris Recoil,common,1.01,6.06
6045,NS-02-M08,005,PTR,Elysia,Honkai Impact,common,1.05,6.30
6046,NS-02-M08,006,PTR,Ushio Kofune,Summer Time Rendering,common,1.05,6.30
6047,NS-02-M08,007,PTR,Eiko Tsukimi,Ya Boy Kongming!,common,1.04,6.24
6048,NS-02-M08,008,PTR,Merlin,Fate Series,common,1.00,6.00
6049,NS-02-M08,009,PTR,Lucia,Punishing: Gray Raven,common,1.03,6.18
6050,NS-02-M08,001,SSR,Albedo,Overlord,common,1.01,2.53
6051,NS-02-M08,002,SSR,Hizuru Minakata,Summer Time Rendering,common,1.05,2.63
6052,NS-02-M08,003,SSR,C.C.,Code Geass,common,1.03,2.58
6053,NS-02-M08,004,SSR,Esdeath,Akame Ga Kill!,epic,3.71,9.28
6054,NS-02-M08,005,SSR,Nahida,Genshin Impact,common,1.02,2.55
6055,NS-02-M08,006,SSR,Nilou,Genshin Impact,common,1.03,2.58
6056,NS-02-M08,007,SSR,Kamisato Ayaka,Genshin Impact,common,1.03,2.58
6057,NS-02-M08,008,SSR,Lumine,Genshin Impact,common,1.05,2.63
6058,NS-02-M08,009,SSR,Fischl,Genshin Impact,common,1.03,2.58
6059,NS-02-M08,010,SSR,Fu Hua,Honkai Impact,common,1.03,2.58
6060,NS-02-M08,011,SSR,Tosa,Azur Lane,common,1.00,2.50
6061,NS-02-M08,012,SSR,Unicorn,Azur Lane,common,1.02,2.55
6062,NS-02-M08,013,SSR,Kasumizawa Miyu,Blue Archive,common,1.02,2.55
6063,NS-02-M08,014,SSR,Laffey,Azur Lane,common,1.00,2.50
6064,NS-02-M08,015,SSR,Ayanami,Azur Lane,common,1.00,2.50
6065,NS-02-M08,016,SSR,Shimakaze,Kantai Collection,common,1.02,2.55
6066,NS-02-M08,017,SSR,Satono Diamond,Uma Musume Pretty Derby,common,1.05,2.63
6067,NS-02-M08,018,SSR,Rice Shower,Uma Musume Pretty Derby,common,1.04,2.60
6068,NS-02-M08,019,SSR,Pozyomka,Arknights,common,1.05,2.63
6069,NS-02-M08,020,SSR,Rosmontis,Arknights,common,1.00,2.50
6070,NS-02-M08,021,SSR,Surtr,Arknights,common,1.00,2.50
6071,NS-02-M08,022,SSR,Skadi the Corrupting Heart,Arknights,common,1.03,2.58
6072,NS-02-M08,023,SSR,Sayu Ogiwara,"Higehiro: After Being Rejected, I Shaved and Took in a High School Runaway",common,1.01,2.53
6073,NS-02-M08,024,SSR,Maha,The World's Finest Assassin,common,1.01,2.53
6074,NS-02-M08,025,SSR,Sayaka Miki,Puella Magi Madoka Magica,common,1.02,2.55
6075,NS-02-M08,026,SSR,Rin Shibuya,The Idolm@ster,common,1.00,2.50
6076,NS-02-M08,027,SSR,Sharon Holygrail,Engage Kiss,common,1.00,2.50
6077,NS-02-M08,001,SR,Emilia,Re:Zero,epic,3.34,0.33
6078,NS-02-M08,002,SR,Hestia,Is It Wrong to Try to Pick Up Girls in a Dungeon?,common,1.01,0.10
6079,NS-02-M08,003,SR,Miyako Shikimori,Shikimori's Not Just a Cutie,common,1.04,0.10
6080,NS-02-M08,004,SR,Kotori Itsuka,Date A Live,common,1.01,0.10
6081,NS-02-M08,005,SR,Megumin,God's Blessing on this Wonderful World! (KonoSuba),epic,4.83,0.48
6082,NS-02-M08,006,SR,Cirno,Touhou Project,common,1.03,0.10
6083,NS-02-M08,007,SR,Syaro Kirima,Is the Order a Rabbit?,common,1.02,0.10
6084,NS-02-M08,008,SR,Akabane,Vocaloid,common,1.01,0.10
6085,NS-02-M08,009,SR,Renne Bright,The Legend of Heroes: Kuro no Kiseki,common,1.05,0.11
6086,NS-02-M08,010,SR,Amiya,Arknights,common,1.02,0.10
6087,NS-02-M08,011,SR,FEater,Arknights,common,1.00,0.10
6088,NS-02-M08,012,SR,Mudrock,Arknights,common,1.02,0.10
6089,NS-02-M08,013,SR,Yelan,Genshin Impact,common,1.02,0.10
6090,NS-02-M08,014,SR,Kanan Matsuura,Love Live!,common,1.02,0.10
6091,NS-02-M08,015,SR,Umi Sonoda,Love Live!,common,1.02,0.10
6092,NS-02-M08,016,SR,Mihono Bourbon,Uma Musume Pretty Derby,common,1.02,0.10
6093,NS-02-M08,017,SR,Oguri Cap,Uma Musume Pretty Derby,common,1.04,0.10
6094,NS-02-M08,018,SR,Nice Nature,Uma Musume Pretty Derby,common,1.01,0.10
6095,NS-02-M08,001,R,Yumeko Jabami,Kakegurui,epic,4.60,0.05
6096,NS-02-M08,002,R,Ai Mizuno,Zombieland Saga,common,1.02,0.01
6097,NS-02-M08,003,R,Hong Meiling,Touhou Project,common,1.00,0.01
6098,NS-02-M08,004,R,Akemi Homura,Puella Magi Madoka Magica,common,1.05,0.01
6099,NS-02-M08,005,R,Akane Shinjo,SSSS.GRIDMAN,common,1.03,0.01
6100,NS-02-M08,006,R,Rikka Takarada,SSSS.GRIDMAN,common,1.02,0.01
6101,NS-02-M08,007,R,Yume Minami,SSSS.DYNAZENON,common,1.01,0.01
6102,NS-02-M08,008,R,Yukino Yukinoshita,My Youth Romantic Comedy Is Wrong As I Expected,common,1.04,0.01
6103,NS-02-M08,009,R,Origami Tobiichi,Date A Live,common,1.05,0.01
6104,NS-02-M08,010,R,Yami,To LOVE-Ru,common,1.05,0.01
6105,NS-02-M08,011,R,Yayoi Takatsuki,The Idolm@ster,common,1.02,0.01
6106,NS-02-M08,012,R,Yukiho Hagiwara,The Idolm@ster,common,1.03,0.01
6107,NS-02-M08,013,R,Haruka Amami,The Idolm@ster,common,1.01,0.01
6108,NS-02-M08,014,R,Chihaya Kisaragi,The Idolm@ster,common,1.02,0.01
6109,NS-02-M08,015,R,Makoto Kikuchi,The Idolm@ster,common,1.00,0.01
6110,NS-02-M08,016,R,Eyjafjalla,Arknights,common,1.00,0.01
6111,NS-02-M08,017,R,Exusiai,Arknights,common,1.04,0.01
6112,NS-02-M08,018,R,Kal'tsit,Arknights,common,1.05,0.01
6113,NS-02-M08,001,PR,Hatsune Miku,Vocaloid,common,1.03,12.36
6114,NS-02-M08,002,PR,Rem,Re:Zero,epic,3.49,41.88
6115,NS-02-M08,003,PR,Flandre Scarlet,Touhou Project,common,1.00,12.00
6116,NS-02-M08,004,PR,Alisa Mikhailovna Kujou,"Alya, Who Sits Next to Me, Sometimes Whispers Sweet Nothings in Russian",common,1.01,12.12
6117,NS-02-M08,005,PR,Marie Antoinette,Fate Series,common,1.03,12.36
6118,NS-02-M08,006,PR,Chiyoko Sonoda,The Idolm@ster,common,1.03,12.36
6119,NS-02-M08,007,PR,Shiki Ichinose,The Idolm@ster,common,1.00,12.00
6120,NS-02-M08,008,PR,Umi Sonoda,Love Live!,common,1.05,12.60
6121,NS-02-M08,009,PR,Yoshiko Tsushima,Love Live!,common,1.05,12.60
6122,NS-02-M08,010,PR,Ganyu,Genshin Impact,common,1.05,12.60
6123,NS-02-M08,011,PR,Hu Tao,Genshin Impact,common,1.02,12.24
6124,NS-02-M08,012,PR,Rice Shower,Uma Musume Pretty Derby,common,1.05,12.60
6125,NS-10-M04,001,LP/99,Nilou,Genshin Impact,common,1.03,77.25
6126,NS-10-M04,002,LP/99,Eula,Genshin Impact,common,1.03,77.25
6127,NS-10-M04,003,LP/99,Mona,Genshin Impact,common,1.05,78.75
6128,NS-10-M04,004,LP/99,Hu Tao,Genshin Impact,common,1.04,78.00
6129,NS-10-M04,005,LP/99,Ganyu,Genshin Impact,common,1.05,78.75
6130,NS-10-M04,006,LP/99,Keqing,Genshin Impact,common,1.05,78.75
6131,NS-10-M04,007,LP/99,Kamisato Ayaka,Genshin Impact,common,1.04,78.00
6132,NS-10-M04,008,LP/99,Raiden Shogun,Genshin Impact,common,1.03,77.25
6133,NS-10-M04,009,LP/99,Yae Miko,Genshin Impact,common,1.04,78.00
6134,NS-10-M04,001,LP,Nilou,Genshin Impact,common,1.04,52.00
6135,NS-10-M04,002,LP,Eula,Genshin Impact,common,1.02,51.00
6136,NS-10-M04,003,LP,Mona,Genshin Impact,common,1.03,51.50
6137,NS-10-M04,004,LP,Hu Tao,Genshin Impact,common,1.03,51.50
6138,NS-10-M04,005,LP,Ganyu,Genshin Impact,common,1.05,52.50
6139,NS-10-M04,006,LP,Keqing,Genshin Impact,common,1.02,51.00
6140,NS-10-M04,007,LP,Kamisato Ayaka,Genshin Impact,common,1.03,51.50
6141,NS-10-M04,008,LP,Raiden Shogun,Genshin Impact,common,1.01,50.50
6142,NS-10-M04,009,LP,Yae Miko,Genshin Impact,common,1.04,52.00
6143,NS-10-M04,001,SP,Rosmontis,Arknights,common,1.02,25.50
6144,NS-10-M04,002,SP,Nearl,Arknights,common,1.05,26.25
6145,NS-10-M04,003,SP,Projekt Red,Arknights,common,1.05,26.25
6146,NS-10-M04,004,SP,Weedy,Arknights,common,1.04,26.00
6147,NS-10-M04,005,SP,Amiya,Arknights,common,1.05,26.25
6148,NS-10-M04,006,SP,Kal'tsit,Arknights,common,1.02,25.50
6149,NS-10-M04,007,SP,Dobermann,Arknights,common,1.04,26.00
6150,NS-10-M04,008,SP,Blaze,Arknights,common,1.05,26.25
6151,NS-10-M04,009,SP,Warfarin,Arknights,common,1.05,26.25
6152,NS-10-M04,001,MR/199,Misa Amane,Death Note,epic,4.41,330.75
6153,NS-10-M04,002,MR/199,Amu Hinamori,Shugo Chara!,common,1.03,77.25
6154,NS-10-M04,003,MR/199,Asuna Ichinose,Blue Archive,common,1.05,78.75
6155,NS-10-M04,004,MR/199,Kokomi Sangonomiya,Genshin Impact,common,1.01,75.75
6156,NS-10-M04,005,MR/199,Sora Kasugano,Yosuga no Sora,common,1.05,78.75
6157,NS-10-M04,006,MR/199,Sajuna Inui,My Dress-Up Darling,rare,1.84,138.00
6158,NS-10-M04,007,MR/199,Marin Kitagawa,My Dress-Up Darling,epic,3.20,240.00
6159,NS-10-M04,008,MR/199,Tamako Kitashirakawa,Tamako Market,common,1.01,75.75
6160,NS-10-M04,009,MR/199,Komichi Akebi,Akebi's Sailor Uniform,common,1.02,76.50
6161,NS-10-M04,001,MR,Misa Amane,Death Note,epic,4.41,66.15
6162,NS-10-M04,002,MR,Amu Hinamori,Shugo Chara!,common,1.00,15.00
6163,NS-10-M04,003,MR,Asuna Ichinose,Blue Archive,common,1.03,15.45
6164,NS-10-M04,004,MR,Kokomi Sangonomiya,Genshin Impact,common,1.02,15.30
6165,NS-10-M04,005,MR,Sora Kasugano,Yosuga no Sora,common,1.04,15.60
6166,NS-10-M04,006,MR,Sajuna Inui,My Dress-Up Darling,rare,1.88,28.20
6167,NS-10-M04,007,MR,Marin Kitagawa,My Dress-Up Darling,epic,3.15,47.25
6168,NS-10-M04,008,MR,Tamako Kitashirakawa,Tamako Market,common,1.00,15.00
6169,NS-10-M04,009,MR,Komichi Akebi,Akebi's Sailor Uniform,common,1.01,15.15
6170,NS-10-M04,001,CP,Akemi Homura,Puella Magi Madoka Magica,common,1.04,52.00
6171,NS-10-M04,002,CP,Madoka Kaname,Puella Magi Madoka Magica,common,1.05,52.50
6172,NS-10-M04,003,CP,Misaka Mikoto,A Certain Magical Index (Toaru Kagaku no Railgun),common,1.03,51.50
6173,NS-10-M04,004,CP,Kuroko Shirai,A Certain Magical Index (Toaru Kagaku no Railgun),common,1.05,52.50
6174,NS-10-M04,005,CP,Raiden Shogun,Genshin Impact,common,1.00,50.00
6175,NS-10-M04,006,CP,Yae Miko,Genshin Impact,common,1.01,50.50
6176,NS-10-M04,007,CP,Klee,Genshin Impact,common,1.03,51.50
6177,NS-10-M04,008,CP,Qiqi,Genshin Impact,common,1.03,51.50
6178,NS-10-M04,009,CP,Sakura Kinomoto,Cardcaptor Sakura,common,1.00,50.00
6179,NS-10-M04,010,CP,Tomoyo Daidouji,Cardcaptor Sakura,common,1.03,51.50
6180,NS-10-M04,011,CP,Kaguya Shinomiya,Kaguya-sama: Love is War,epic,3.51,175.50
6181,NS-10-M04,012,CP,Chika Fujiwara,Kaguya-sama: Love is War,epic,4.36,218.00
6182,NS-10-M04,013,CP,Yukino Yukinoshita,My Youth Romantic Comedy Is Wrong As I Expected,common,1.03,51.50
6183,NS-10-M04,014,CP,Yui Yuigahama,My Youth Romantic Comedy Is Wrong As I Expected,common,1.03,51.50
6184,NS-10-M04,015,CP,Akane Shinjo,SSSS.GRIDMAN,common,1.00,50.00
6185,NS-10-M04,016,CP,Rikka Takarada,SSSS.GRIDMAN,common,1.00,50.00
6186,NS-10-M04,017,CP,Rem,Re:Zero,epic,4.40,220.00
6187,NS-10-M04,018,CP,Ram,Re:Zero,epic,3.88,194.00
6188,NS-10-M04,001,FR,Marnie,Pokemon,common,1.04,0.36
6189,NS-10-M04,002,FR,Eriri Spencer Sawamura,Saekano: How to Raise a Boring Girlfriend,common,1.03,0.36
6190,NS-10-M04,003,FR,Ai Hinatsuru,The Ryuo's Work is Never Done,common,1.03,0.36
6191,NS-10-M04,004,FR,Chika Fujiwara,Kaguya-sama: Love is War,epic,3.46,1.21
6192,NS-10-M04,005,FR,Miko Iino,Kaguya-sama: Love is War,epic,3.69,1.29
6193,NS-10-M04,006,FR,Ai Hayasaka,Kaguya-sama: Love is War,epic,4.39,1.54
6194,NS-10-M04,007,FR,Chitoge Kirisaki,Nisekoi,common,1.04,0.36
6195,NS-10-M04,008,FR,Madoka Higuchi,The Idolm@ster,common,1.03,0.36
6196,NS-10-M04,009,FR,Satori Komeiji,Touhou Project,common,1.01,0.35
6197,NS-10-M04,010,FR,Haruhi Suzumiya,The Melancholy of Haruhi Suzumiya,common,1.01,0.35
6198,NS-10-M04,011,FR,Ruri Gokou,OreImo,common,1.04,0.36
6199,NS-10-M04,012,FR,Akane Shinjo,SSSS.GRIDMAN,common,1.00,0.35
6200,NS-10-M04,013,FR,Yae Sakura,Honkai Impact,common,1.05,0.37
6201,NS-10-M04,014,FR,Barbara,Genshin Impact,common,1.00,0.35
6202,NS-10-M04,015,FR,Yae Miko,Genshin Impact,common,1.05,0.37
6203,NS-10-M04,016,FR,Yuyuko Saigyouji,Touhou Project,common,1.01,0.35
6204,NS-10-M04,017,FR,Special Week,Uma Musume Pretty Derby,common,1.05,0.37
6205,NS-10-M04,018,FR,Chiyuki Kuwayama,The Idolm@ster,common,1.02,0.36
6206,NS-10-M04,001,SSR,Natsuha Arisugawa,The Idolm@ster,common,1.03,2.58
6207,NS-10-M04,002,SSR,Nana Abe,The Idolm@ster,common,1.03,2.58
6208,NS-10-M04,003,SSR,Asuka Shikinami Langley,Evangelion,common,1.03,2.58
6209,NS-10-M04,004,SSR,Nami,One Piece,mythic,87.61,219.03
6210,NS-10-M04,005,SSR,Honoka Kousaka,Love Live!,common,1.04,2.60
6211,NS-10-M04,006,SSR,Rin Hoshizora,Love Live!,common,1.01,2.53
6212,NS-10-M04,007,SSR,Kanon Shibuya,Love Live!,common,1.01,2.53
6213,NS-10-M04,008,SSR,Suika Ibuki,Touhou Project,common,1.00,2.50
6214,NS-10-M04,009,SSR,Motoori Kosuzu,Touhou Project,common,1.05,2.63
6215,NS-10-M04,010,SSR,Hong Meiling,Touhou Project,common,1.02,2.55
6216,NS-10-M04,011,SSR,Shana,Shakugan no Shana,common,1.02,2.55
6217,NS-10-M04,012,SSR,Kurisu Makise,Steins; Gate,epic,4.38,10.95
6218,NS-10-M04,013,SSR,Kyouko Sakura,Puella Magi Madoka Magica,common,1.00,2.50
6219,NS-10-M04,014,SSR,Kotori Itsuka,Date A Live,common,1.01,2.53
6220,NS-10-M04,015,SSR,Murata Himeko,Honkai Impact,common,1.02,2.55
6221,NS-10-M04,016,SSR,Maki Nishikino,Love Live!,common,1.04,2.60
6222,NS-10-M04,017,SSR,Ruby Kurosawa,Love Live!,common,1.00,2.50
6223,NS-10-M04,018,SSR,Riko Sakurauchi,Love Live!,common,1.00,2.50
6224,NS-10-M04,019,SSR,Ganyu,Genshin Impact,common,1.00,2.50
6225,NS-10-M04,020,SSR,Rei Ayanami,Evangelion,common,1.03,2.58
6226,NS-10-M04,021,SSR,Cirno,Touhou Project,common,1.04,2.60
6227,NS-10-M04,022,SSR,Ami Mizuno (Sailor Mercury),Sailor Moon,common,1.04,2.60
6228,NS-10-M04,023,SSR,Chino Kafuu,Is the Order a Rabbit?,common,1.04,2.60
6229,NS-10-M04,024,SSR,Aqua,God's Blessing on this Wonderful World! (KonoSuba),epic,3.65,9.13
6230,NS-10-M04,025,SSR,St. Louis,Azur Lane,common,1.03,2.58
6231,NS-10-M04,026,SSR,Umi Sonoda,Love Live!,common,1.04,2.60
6232,NS-10-M04,027,SSR,Kanan Matsuura,Love Live!,common,1.00,2.50
6233,NS-10-M04,001,SR,Junko Konno,Zombieland Saga,common,1.02,0.10
6234,NS-10-M04,002,SR,Keke Tang,Love Live!,common,1.02,0.10
6235,NS-10-M04,003,SR,Shinka Nibutani,"Love, Chunibyo & Other Delusions!",common,1.04,0.10
6236,NS-10-M04,004,SR,Sanae Dekomori,"Love, Chunibyo & Other Delusions!",common,1.01,0.10
6237,NS-10-M04,005,SR,Red Blood Cell,Cells at Work!,common,1.04,0.10
6238,NS-10-M04,006,SR,Kagura,Onmyoji,common,1.00,0.10
6239,NS-10-M04,007,SR,Maki Harukawa,Danganronpa,common,1.05,0.11
6240,NS-10-M04,008,SR,Shiori Kashiwazaki,Princess Connect Re:Dive,common,1.01,0.10
6241,NS-10-M04,009,SR,Shinku,Rozen Maiden,common,1.04,0.10
6242,NS-10-M04,010,SR,Roxy Migurdia,Mushoku Tensei: Jobless Reincarnation,rare,2.00,0.20
6243,NS-10-M04,011,SR,Eris Boreas Greyrat,Mushoku Tensei: Jobless Reincarnation,rare,1.78,0.18
6244,NS-10-M04,012,SR,Iroha Tamaki,Puella Magi Madoka Magica,common,1.02,0.10
6245,NS-10-M04,013,SR,Mitama Yakumo,Puella Magi Madoka Magica,common,1.04,0.10
6246,NS-10-M04,014,SR,Yachiyo Nanami,Puella Magi Madoka Magica,common,1.05,0.11
6247,NS-10-M04,015,SR,Kuki Shinobu,Genshin Impact,common,1.02,0.10
6248,NS-10-M04,016,SR,Elf Yamada,Eromanga Sensei,common,1.02,0.10
6249,NS-10-M04,017,SR,Kyouka Izumi,Bungo Stray Dogs,common,1.04,0.10
6250,NS-10-M04,018,SR,Kirino Kousaka,OreImo,common,1.03,0.10
6251,NS-10-M04,019,SR,Black Rock Shooter,Black Rock Shooter,common,1.02,0.10
6252,NS-10-M04,020,SR,Tohka Yatogami,Date A Live,common,1.03,0.10
6253,NS-10-M04,021,SR,Nene Yashiro,Toilet-bound Hanako-kun,common,1.04,0.10
6254,NS-10-M04,022,SR,Kuroko Shirai,A Certain Magical Index (Toaru Kagaku no Railgun),common,1.04,0.10
6255,NS-10-M04,023,SR,Mafuyu Kirisu,We Never Learn!: Bokuben,common,1.02,0.10
6256,NS-10-M04,024,SR,Rin Shima,Laid-Back Camp,common,1.05,0.11
6257,NS-10-M04,025,SR,Inori Yuzuriha,Guilty Crown,common,1.03,0.10
6258,NS-10-M04,026,SR,Mirai Kuriyama,Beyond the Boundary,common,1.04,0.10
6259,NS-10-M04,027,SR,Touko Nanami,Bloom Into You,common,1.01,0.10
6260,NS-10-M04,028,SR,Megumi Tadokoro,Food Wars! Shokugeki no Soma,common,1.05,0.11
6261,NS-10-M04,029,SR,Erina Nakiri,Food Wars! Shokugeki no Soma,common,1.01,0.10
6262,NS-10-M04,030,SR,Phosphophyllite,Land of the Lustrous,common,1.03,0.10
6263,NS-10-M04,031,SR,Chiya,Urara Meirochou,common,1.03,0.10
6264,NS-10-M04,032,SR,Momoka Sakurai,The Idolm@ster,common,1.03,0.10
6265,NS-10-M04,033,SR,Riamu Yumemi,The Idolm@ster,common,1.01,0.10
6266,NS-10-M04,034,SR,Shiki Ichinose,The Idolm@ster,common,1.01,0.10
6267,NS-10-M04,035,SR,Bremerton,Azur Lane,common,1.01,0.10
6268,NS-10-M04,036,SR,Noshiro,Azur Lane,common,1.00,0.10
6269,NS-10-M04,001,PR,Kaguya Shinomiya,Kaguya-sama: Love is War,epic,3.95,47.40
6270,NS-10-M04,002,PR,Ai Hayasaka,Kaguya-sama: Love is War,epic,3.38,40.56
6271,NS-10-M04,003,PR,Chika Fujiwara,Kaguya-sama: Love is War,epic,4.84,58.08
6272,NS-10-M04,004,PR,Kaguya Shinomiya,Kaguya-sama: Love is War,epic,3.50,42.00
6273,NS-10-M04,005,PR,Chika Fujiwara,Kaguya-sama: Love is War,epic,3.98,47.76
6274,NS-10-M04,006,PR,Kaguya Shinomiya,Kaguya-sama: Love is War,epic,4.48,53.76
6275,NS-10-M04,007,PR,Chika Fujiwara,Kaguya-sama: Love is War,epic,4.23,50.76
6276,NS-10-M04,008,PR,Kaguya Shinomiya,Kaguya-sama: Love is War,epic,3.54,42.48
6277,NS-10-M04,009,PR,Kaguya Shinomiya,Kaguya-sama: Love is War,epic,4.37,52.44
6278,NS-10-M04,010,PR,Tsubame Koyasu,Kaguya-sama: Love is War,epic,4.81,57.72
6279,NS-10-M04,011,PR,Kaguya Shinomiya,Kaguya-sama: Love is War,epic,3.42,41.04
6280,NS-10-M04,012,PR,Kaguya Shinomiya,Kaguya-sama: Love is War,epic,3.04,36.48
6281,NS-10-M04,013,PR,Miko Iino,Kaguya-sama: Love is War,epic,3.08,36.96
6282,NS-10-M04,001,NNS,Rem,Re:Zero,epic,4.61,345.75
6283,NS-10-M04,002,NNS,Emilia,Re:Zero,epic,3.33,249.75
6284,NS-10-M04,003,NNS,Violet Evergarden,Violet Evergarden,common,1.01,75.75
6285,NS-10-M04,004,NNS,Misaka Mikoto,A Certain Magical Index (Toaru Kagaku no Railgun),common,1.00,75.00
6286,NS-10-M04,005,NNS,Asuna Yuuki,Sword Art Online,legendary,17.51,1313.25
6287,NS-10-M04,006,NNS,Kaori Miyazono,Your Lie in April,common,1.05,78.75
6288,NS-10-M04,007,NNS,Hatsune Miku,Vocaloid,common,1.00,75.00
6289,NS-10-M04,008,NNS,Athena,Seint Seiya,common,1.05,78.75
6290,NS-10-M04,009,NNS,Boa Hancock,One Piece,epic,4.26,319.50
6291,NS-10-M04,001,BW,Yor Forger,Spy X Family,epic,3.19,79.75
6292,NS-10-M04,002,BW,Anya Forger,Spy X Family,rare,1.56,39.00
6293,NS-10-M04,003,BW,Marin Kitagawa,My Dress-Up Darling,epic,4.61,115.25
6295,NS-10-M04,005,BW,Nezuko Kamado,Demon Slayer (Kimetsu no Yaiba),epic,4.01,100.25
6296,NS-10-M04,006,BW,Hatsune Miku,Vocaloid,common,1.00,25.00
6297,NS-10-M04,007,BW,Mai Sakurajima,Rascal Does Not Dream Of Bunny Girl Senpai,common,1.04,26.00
6298,NS-10-M04,008,BW,Madoka Kaname,Puella Magi Madoka Magica,common,1.00,25.00
6299,NS-10-M04,009,BW,Kugisaki Nobara,Jujutsu Kaisen,epic,3.72,93.00
6300,NNS-01,001,XNR,Misaka Mikoto,A Certain Magical Index (Toaru Kagaku no Railgun),common,1.00,75.00
6301,NNS-01,002,XNR,Zero Two,Darling in the Franxx,epic,4.42,331.50
6302,NNS-01,003,XNR,Rem,Re:Zero,epic,4.69,351.75
6303,NNS-01,004,XNR,Rice Shower,Uma Musume Pretty Derby,common,1.01,75.75
6304,NNS-01,005,XNR,Mashu Kyrielight,Fate Series,common,1.05,78.75
6305,NNS-01,006,XNR,Yor Forger,Spy X Family,epic,4.88,366.00
6306,NNS-01,001,SSP,Zero Two,Darling in the Franxx,epic,3.40,119.00
6307,NNS-01,002,SSP,Ichigo,Darling in the Franxx,epic,3.30,115.50
6308,NNS-01,003,SSP,Miku,Darling in the Franxx,epic,4.04,141.40
6309,NNS-01,004,SSP,Kokoro,Darling in the Franxx,epic,4.32,151.20
6310,NNS-01,005,SSP,Ikuno,Darling in the Franxx,epic,4.92,172.20
6311,NNS-01,006,SSP,Reimu Hakurei,Touhou Project,common,1.04,36.40
6312,NNS-01,007,SSP,Marisa Kirisame,Touhou Project,common,1.03,36.05
6313,NNS-01,008,SSP,Sanae Kochiya,Touhou Project,common,1.00,35.00
6314,NNS-01,009,SSP,Cirno,Touhou Project,common,1.01,35.35
6315,NNS-01,001,UTR,Ichika Nakano,The Quintessential Quintuplets,common,1.04,52.00
6316,NNS-01,002,UTR,Nino Nakano,The Quintessential Quintuplets,common,1.03,51.50
6317,NNS-01,003,UTR,Miku Nakano,The Quintessential Quintuplets,common,1.01,50.50
6318,NNS-01,004,UTR,Yotsuba Nakano,The Quintessential Quintuplets,common,1.02,51.00
6319,NNS-01,005,UTR,Itsuki Nakano,The Quintessential Quintuplets,common,1.00,50.00
6320,NNS-01,006,UTR,Kanae Kochou,Demon Slayer (Kimetsu no Yaiba),epic,4.38,219.00
6321,NNS-01,007,UTR,Shinobu Kochou,Demon Slayer (Kimetsu no Yaiba),epic,4.75,237.50
6322,NNS-01,008,UTR,Kanao Tsuyuri,Demon Slayer (Kimetsu no Yaiba),epic,3.60,180.00
6323,NNS-01,009,UTR,Kanzaki Aoi,Demon Slayer (Kimetsu no Yaiba),epic,4.69,234.50
6324,NNS-01,001,MR,Makima,Chainsaw Man,epic,4.85,72.75
6325,NNS-01,002,MR,Marin Kitagawa,My Dress-Up Darling,epic,3.21,48.15
6326,NNS-01,003,MR,Anya Forger,Spy X Family,rare,1.50,22.50
6327,NNS-01,004,MR,Nezuko Kamado,Demon Slayer (Kimetsu no Yaiba),epic,3.51,52.65
6328,NNS-01,005,MR,Kugisaki Nobara,Jujutsu Kaisen,epic,3.45,51.75
6329,NNS-01,006,MR,Tatsumaki,One Punch Man,epic,4.16,62.40
6330,NNS-01,007,MR,Tohru,Miss Kobayashi's Dragon Maid,epic,3.41,51.15
6331,NNS-01,008,MR,Mikasa Ackerman,Attack on Titan,epic,4.91,73.65
6332,NNS-01,009,MR,Boa Hancock,One Piece,epic,3.00,45.00
6333,NNS-01,001,MP,Kaguya Shinomiya,Kaguya-sama: Love is War,epic,4.26,319.50
6334,NNS-01,002,MP,Chika Fujiwara,Kaguya-sama: Love is War,epic,3.57,267.75
6335,NNS-01,003,MP,Kei Shirogane,Kaguya-sama: Love is War,epic,4.93,369.75
6336,NNS-01,004,MP,Ai Hayasaka,Kaguya-sama: Love is War,epic,4.43,332.25
6337,NNS-01,005,MP,Miko Iino,Kaguya-sama: Love is War,epic,4.25,318.75
6338,NNS-01,006,MP,Tsubame Koyasu,Kaguya-sama: Love is War,epic,4.51,338.25
6339,NNS-01,007,MP,Sagiri Izumi,Eromanga Sensei,common,1.03,77.25
6340,NNS-01,008,MP,Tomoe Takasago,Eromanga Sensei,common,1.02,76.50
6341,NNS-01,009,MP,Muramasa Senju,Eromanga Sensei,common,1.05,78.75
6342,NNS-01,001,FSR,Hatsune Miku,Vocaloid,common,1.03,51.50
6343,NNS-01,002,FSR,Boa Hancock,One Piece,epic,3.93,196.50
6344,NNS-01,003,FSR,Kurumi Tokisaki,Date A Live,common,1.04,52.00
6345,NNS-01,004,FSR,Artoria Pendragon (Saber),Fate Series,common,1.05,52.50
6346,NNS-01,005,FSR,Inori Yuzuriha,Guilty Crown,common,1.02,51.00
6347,NNS-01,006,FSR,Luo Tianyi,Vocaloid,common,1.02,51.00
6348,NNS-01,007,FSR,Asuka Shikinami Langley,Evangelion,common,1.04,52.00
6349,NNS-01,008,FSR,Kaguya Shinomiya,Kaguya-sama: Love is War,epic,4.03,201.50
6350,NNS-01,009,FSR,Asuna Yuuki,Sword Art Online,legendary,12.32,616.00
6351,NNS-01,001,ZR,Asuna Yuuki,Sword Art Online,legendary,13.26,265.20
6352,NNS-01,002,ZR,Shino Asada,Sword Art Online,rare,1.67,33.40
6353,NNS-01,003,ZR,Alice Zuberg,Sword Art Online,rare,1.57,31.40
6354,NNS-01,004,ZR,Asuka Shikinami Langley,Evangelion,common,1.04,20.80
6355,NNS-01,005,ZR,Rei Ayanami,Evangelion,common,1.01,20.20
6356,NNS-01,006,ZR,Mari Makinami Illustrious,Evangelion,common,1.00,20.00
6357,NNS-01,007,ZR,Yor Forger,Spy X Family,epic,4.99,99.80
6358,NNS-01,008,ZR,Mai Sakurajima,Rascal Does Not Dream Of Bunny Girl Senpai,common,1.03,20.60
6359,NNS-01,009,ZR,Utaha Kasumigaoka,Saekano: How to Raise a Boring Girlfriend,common,1.02,20.40
6360,NNS-01,010,ZR,Cinnabar,Land of the Lustrous,common,1.04,20.80
6361,NNS-01,011,ZR,Phosphophyllite,Land of the Lustrous,common,1.05,21.00
6362,NNS-01,012,ZR,Diamond,Land of the Lustrous,common,1.04,20.80
6363,NNS-01,013,ZR,Hatsune Miku,Vocaloid,common,1.05,21.00
6364,NNS-01,014,ZR,Kurumi Tokisaki,Date A Live,common,1.00,20.00
6365,NNS-01,015,ZR,Haruhi Suzumiya,The Melancholy of Haruhi Suzumiya,common,1.02,20.40
6366,NNS-01,016,ZR,Akane Shinjo,SSSS.GRIDMAN,common,1.00,20.00
6367,NNS-01,017,ZR,Reze,Chainsaw Man,epic,3.43,68.60
6368,NNS-01,018,ZR,Mejiro McQueen,Uma Musume Pretty Derby,common,1.05,21.00
6369,NNS-01,001,UR,Emilia,Re:Zero,epic,4.38,26.28
6370,NNS-01,002,UR,Yukino Yukinoshita,My Youth Romantic Comedy Is Wrong As I Expected,common,1.04,6.24
6371,NNS-01,003,UR,Yui Yuigahama,My Youth Romantic Comedy Is Wrong As I Expected,common,1.03,6.18
6372,NNS-01,004,UR,Meiko Honma,The Flower We Saw That Day,common,1.04,6.24
6373,NNS-01,005,UR,Madoka Kaname,Puella Magi Madoka Magica,common,1.00,6.00
6374,NNS-01,006,UR,Sayaka Miki,Puella Magi Madoka Magica,common,1.05,6.30
6375,NNS-01,007,UR,Mami Tomoe,Puella Magi Madoka Magica,common,1.03,6.18
6376,NNS-01,008,UR,Kyouko Sakura,Puella Magi Madoka Magica,common,1.00,6.00
6377,NNS-01,009,UR,Akemi Homura,Puella Magi Madoka Magica,common,1.04,6.24
6378,NNS-01,010,UR,Umi Sonoda,Love Live!,common,1.03,6.18
6379,NNS-01,011,UR,Nico Yazawa,Love Live!,common,1.02,6.12
6380,NNS-01,012,UR,Nozomi Tojo,Love Live!,common,1.00,6.00
6381,NNS-01,013,UR,Kotori Minami,Love Live!,common,1.03,6.18
6382,NNS-01,014,UR,Honoka Kousaka,Love Live!,common,1.00,6.00
6383,NNS-01,015,UR,Eli Ayase,Love Live!,common,1.03,6.18
6384,NNS-01,016,UR,Rin Hoshizora,Love Live!,common,1.05,6.30
6385,NNS-01,017,UR,Hanayo Koizumi,Love Live!,common,1.05,6.30
6386,NNS-01,018,UR,Maki Nishikino,Love Live!,common,1.02,6.12
6387,NNS-01,019,UR,Fujiwara no Mokou,Touhou Project,common,1.05,6.30
6388,NNS-01,020,UR,Kaguya Houraisan,Touhou Project,common,1.00,6.00
6389,NNS-01,021,UR,Alice Zuberg,Sword Art Online,rare,1.58,9.48
6390,NNS-01,022,UR,Shino Asada,Sword Art Online,rare,1.74,10.44
6391,NNS-01,023,UR,Konno Yuuki,Sword Art Online,rare,1.71,10.26
6392,NNS-01,024,UR,Asuna Yuuki,Sword Art Online,legendary,16.49,98.94
6393,NNS-01,025,UR,Kurisu Makise,Steins; Gate,epic,3.76,22.56
6394,NNS-01,026,UR,Chino Kafuu,Is the Order a Rabbit?,common,1.05,6.30
6395,NNS-01,027,UR,Tohka Yatogami,Date A Live,common,1.01,6.06
6396,NNS-01,001,SSR,Chika Takami,Love Live!,common,1.05,2.63
6397,NNS-01,002,SSR,You Watanabe,Love Live!,common,1.03,2.58
6398,NNS-01,003,SSR,Hanamaru Kunikida,Love Live!,common,1.01,2.53
6399,NNS-01,004,SSR,Dia Kurosawa,Love Live!,common,1.03,2.58
6400,NNS-01,005,SSR,Ruby Kurosawa,Love Live!,common,1.02,2.55
6401,NNS-01,006,SSR,Yoshiko Tsushima,Love Live!,common,1.00,2.50
6402,NNS-01,007,SSR,Kanan Matsuura,Love Live!,common,1.02,2.55
6403,NNS-01,008,SSR,Mari Ohara,Love Live!,common,1.02,2.55
6404,NNS-01,009,SSR,Riko Sakurauchi,Love Live!,common,1.04,2.60
6405,NNS-01,010,SSR,Nico Robin,One Piece,legendary,13.82,34.55
6406,NNS-01,011,SSR,Megumi Kato,Saekano: How to Raise a Boring Girlfriend,common,1.01,2.53
6407,NNS-01,012,SSR,Eriri Spencer Sawamura,Saekano: How to Raise a Boring Girlfriend,common,1.02,2.55
6408,NNS-01,013,SSR,Utaha Kasumigaoka,Saekano: How to Raise a Boring Girlfriend,common,1.02,2.55
6409,NNS-01,014,SSR,Yoshino Himekawa,Date A Live,common,1.05,2.63
6410,NNS-01,015,SSR,Kurumi Tokisaki,Date A Live,common,1.03,2.58
6411,NNS-01,016,SSR,Mio Takamiya,Date A Live,common,1.03,2.58
6412,NNS-01,017,SSR,Origami Tobiichi,Date A Live,common,1.04,2.60
6413,NNS-01,018,SSR,Mio Akiyama,K-On!,common,1.03,2.58
6414,NNS-01,019,SSR,Azusa Nakano,K-On!,common,1.04,2.60
6415,NNS-01,020,SSR,Yui Hirasawa,K-On!,common,1.05,2.63
6416,NNS-01,021,SSR,Ritsu Tainaka,K-On!,common,1.01,2.53
6417,NNS-01,022,SSR,Tsumugi Kotobuki,K-On!,common,1.05,2.63
6418,NNS-01,023,SSR,Sakura Haruno,Naruto Series,epic,3.18,7.95
6419,NNS-01,024,SSR,Kaori Miyazono,Your Lie in April,common,1.03,2.58
6420,NNS-01,025,SSR,Sanae Kochiya,Touhou Project,common,1.02,2.55
6421,NNS-01,026,SSR,Youmu Konpaku,Touhou Project,common,1.05,2.63
6422,NNS-01,027,SSR,Reisen Udongein Inaba,Touhou Project,common,1.00,2.50
6423,NNS-01,028,SSR,Cirno,Touhou Project,common,1.04,2.60
6424,NNS-01,029,SSR,Aya Shameimaru,Touhou Project,common,1.03,2.58
6425,NNS-01,030,SSR,Sakuya Izayoi,Touhou Project,common,1.02,2.55
6426,NNS-01,031,SSR,Cocoa Hoto,Is the Order a Rabbit?,common,1.00,2.50
6427,NNS-01,032,SSR,Rize Tedeza,Is the Order a Rabbit?,common,1.05,2.63
6428,NNS-01,033,SSR,Sylphynford Tachibana,Himouto! Umaru-chan,common,1.02,2.55
6429,NNS-01,034,SSR,Lala Satalin Deviluke,To LOVE-Ru,common,1.02,2.55
6430,NNS-01,035,SSR,Nao Tomori,Charlotte,common,1.03,2.58
6431,NNS-01,036,SSR,Chiyo Sakura,Monthly Girl's Nozaki-kun,common,1.00,2.50
6432,NNS-01,001,AR,Misaka Mikoto,A Certain Magical Index (Toaru Kagaku no Railgun),common,1.00,20.00
6433,NNS-01,002,AR,Misaka Mikoto,A Certain Magical Index (Toaru Kagaku no Railgun),common,1.01,20.20
6434,NNS-01,003,AR,Misaka Mikoto,A Certain Magical Index (Toaru Kagaku no Railgun),common,1.01,20.20
6435,NNS-01,004,AR,Asuna Yuuki,Sword Art Online,legendary,16.83,336.60
6436,NNS-01,005,AR,Asuna Yuuki,Sword Art Online,legendary,15.38,307.60
6437,NNS-01,006,AR,Shino Asada,Sword Art Online,rare,1.97,39.40
6438,NNS-01,007,AR,Alice Zuberg,Sword Art Online,rare,1.55,31.00
6439,NNS-01,008,AR,Artoria Pendragon (Saber),Fate Series,common,1.01,20.20
6440,NNS-01,009,AR,Shiro,No Game No Life,rare,1.65,33.00
6441,NNS-01,010,AR,Honoka Kousaka,Love Live!,common,1.05,21.00
6442,NNS-01,011,AR,Chika Takami,Love Live!,common,1.04,20.80
6443,NNS-01,012,AR,Yuu Takasaki,Love Live!,common,1.00,20.00
6444,NNS-01,013,AR,Meiko Honma,The Flower We Saw That Day,common,1.02,20.40
6445,NNS-01,014,AR,Cocoa Hoto,Is the Order a Rabbit?,common,1.03,20.60
6446,NNS-01,015,AR,Kaori Miyazono,Your Lie in April,common,1.00,20.00
6447,NNS-01,016,AR,Megumi Kato,Saekano: How to Raise a Boring Girlfriend,common,1.00,20.00
6448,NNS-01,017,AR,Kurisu Makise,Steins; Gate,epic,4.07,81.40
6449,NNS-01,018,AR,Yui Hirasawa,K-On!,common,1.02,20.40
6450,NNS-01,019,AR,Mitsuha Miyamizu,Your Name,common,1.01,20.20
6451,NNS-01,020,AR,Hina Amano,Weathering with You,common,1.05,21.00
6452,NNS-01,021,AR,Iwato Suzume,Suzume No Tojimari,common,1.00,20.00
6453,NNS-01,022,AR,Emilia,Re:Zero,epic,4.69,93.80
6454,NNS-01,023,AR,Nao Tomori,Charlotte,common,1.04,20.80
6455,NNS-01,024,AR,Sagiri Izumi,Eromanga Sensei,common,1.00,20.00
6456,NNS-01,025,AR,Ginko Sora,The Ryuo's Work is Never Done,common,1.01,20.20
6457,NNS-01,026,AR,Zero Two,Darling in the Franxx,epic,3.69,73.80
6458,NNS-01,027,AR,Mai Sakurajima,Rascal Does Not Dream Of Bunny Girl Senpai,common,1.05,21.00
6459,NNS-01,028,AR,Nezuko Kamado,Demon Slayer (Kimetsu no Yaiba),epic,4.07,81.40
6460,NNS-01,029,AR,Kugisaki Nobara,Jujutsu Kaisen,epic,4.00,80.00
6461,NNS-01,030,AR,Rimuru Tempest,That Time I Got Reincarnated as a Slime,epic,4.72,94.40
6462,NNS-01,031,AR,Shouko Komi,Komi Can't Communicate,epic,3.74,74.80
6463,NNS-01,032,AR,Marin Kitagawa,My Dress-Up Darling,epic,3.71,74.20
6464,NNS-01,033,AR,Lucy,Cyberpunk Edgerunners,epic,3.04,60.80
6465,NNS-01,034,AR,Mercury Suletta,Mobile Suit Gundam: The Witch from Mercury,common,1.00,20.00
6466,NNS-01,035,AR,Kanade,The Beast Tamer Who Got Kicked Out From His Party Meets a Cat Girl From the Superior Race,common,1.05,21.00
6467,NNS-01,036,AR,Anya Forger,Spy X Family,rare,1.87,37.40
6468,NNS-01,001,MC,Rem,Re:Zero,epic,3.10,155.00
6469,NNS-01,002,MC,Kurumi Tokisaki,Date A Live,common,1.01,50.50
6470,NNS-01,003,MC,Sakura Haruno,Naruto Series,epic,3.46,173.00
6471,NNS-01,004,MC,Isuzu Sento,Amagi Brilliant Park,common,1.00,50.00
6472,NNS-01,005,MC,Nezuko Kamado,Demon Slayer (Kimetsu no Yaiba),epic,3.50,175.00
6473,NNS-01,006,MC,Shana,Shakugan no Shana,common,1.01,50.50
6474,NNS-01,007,MC,Chiyo Sakura,Monthly Girl's Nozaki-kun,common,1.05,52.50
6475,NNS-01,008,MC,Kotori Minami,Love Live!,common,1.04,52.00
6476,NNS-01,009,MC,Nozomi Tojo,Love Live!,common,1.03,51.50
6477,NNS-01,010,MC,Kizuna AI,VTuber,common,1.04,52.00
6478,NNS-01,011,MC,Hatsune Miku,Vocaloid,common,1.02,51.00
6479,NNS-01,012,MC,Kagamine Rin,Vocaloid,common,1.00,50.00
6480,NNS-01,013,MC,Mona,Genshin Impact,common,1.04,52.00
6481,NNS-01,014,MC,Lumine,Genshin Impact,common,1.05,52.50
6482,NNS-01,015,MC,Dark Magician Girl,Yu-Gi-Oh!,rare,1.88,94.00
6483,NNS-01,016,MC,Cocoa Hoto,Is the Order a Rabbit?,common,1.00,50.00
6484,NNS-01,017,MC,Chino Kafuu,Is the Order a Rabbit?,common,1.03,51.50
6485,NNS-01,018,MC,Lewis Gun,Girls' Frontline,common,1.01,50.50
6486,NNS-02,001,LSP,Kafka,Honkai: Star Rail,common,1.02,51.00
6487,NNS-02,002,LSP,Zero Two,Darling in the Franxx,epic,3.31,165.50
6488,NNS-02,003,LSP,Kurumi Tokisaki,Date A Live,common,1.05,52.50
6489,NNS-02,004,LSP,Emilia,Re:Zero,epic,3.37,168.50
6490,NNS-02,005,LSP,Rem,Re:Zero,epic,4.97,248.50
6491,NNS-02,006,LSP,Isuzu Sento,Amagi Brilliant Park,common,1.04,52.00
6492,NNS-02,007,LSP,Shino Asada,Sword Art Online,rare,1.90,95.00
6493,NNS-02,008,LSP,Asuna Yuuki,Sword Art Online,legendary,18.41,920.50
6494,NNS-02,009,LSP,Konno Yuuki,Sword Art Online,rare,1.52,76.00
6495,NNS-02,010,LSP,Scathach,Fate Series,common,1.01,50.50
6496,NNS-02,011,LSP,Ishtar,Fate Series,common,1.03,51.50
6497,NNS-02,012,LSP,Ereshkigal,Fate Series,common,1.01,50.50
6498,NNS-02,013,LSP,Mashu Kyrielight,Fate Series,common,1.02,51.00
6499,NNS-02,014,LSP,Durin,Arknights,common,1.02,51.00
6500,NNS-02,015,LSP,Skyfire,Arknights,common,1.01,50.50
6501,NNS-02,016,LSP,Lumine,Genshin Impact,common,1.01,50.50
6502,NNS-02,017,LSP,Keqing,Genshin Impact,common,1.01,50.50
6503,NNS-02,018,LSP,Barbara,Genshin Impact,common,1.04,52.00
6504,NNS-02,019,LSP,Eula,Genshin Impact,common,1.05,52.50
6505,NNS-02,020,LSP,Formidable,Azur Lane,common,1.00,50.00
6506,NNS-02,021,LSP,Belfast,Azur Lane,common,1.05,52.50
6507,NNS-02,022,LSP,Noshiro,Azur Lane,common,1.05,52.50
6508,NNS-02,023,LSP,Prinz Eugen,Azur Lane,common,1.02,51.00
6509,NNS-02,024,LSP,Bremerton,Azur Lane,common,1.04,52.00
6510,NNS-02,025,LSP,St. Louis,Azur Lane,common,1.05,52.50
6511,NNS-02,026,LSP,Le Malin,Azur Lane,common,1.03,51.50
6512,NNS-02,027,LSP,HMS Perseus,Azur Lane,common,1.05,52.50
6513,NNS-02,028,LSP,Chen Hai,Azur Lane,common,1.02,51.00
6514,NNS-02,029,LSP,Indomitable,Azur Lane,common,1.03,51.50
6515,NNS-02,030,LSP,Aegir,Azur Lane,common,1.03,51.50
6516,NNS-02,031,LSP,Cheshire,Azur Lane,common,1.03,51.50
6517,NNS-02,032,LSP,Sirius,Azur Lane,common,1.00,50.00
6518,NNS-02,033,LSP,Taihou,Azur Lane,common,1.03,51.50
6519,NNS-02,034,LSP,Atago,Azur Lane,common,1.05,52.50
6520,NNS-02,035,LSP,Takao,Azur Lane,common,1.02,51.00
6521,NNS-02,036,LSP,August von Parseval,Azur Lane,common,1.03,51.50
6522,NNS-02,001,PTR,Asuna Yuuki,Sword Art Online,legendary,17.79,106.74
6523,NNS-02,002,PTR,Alice Zuberg,Sword Art Online,rare,1.59,9.54
6524,NNS-02,003,PTR,Mai Sakurajima,Rascal Does Not Dream Of Bunny Girl Senpai,common,1.01,6.06
6525,NNS-02,004,PTR,Madoka Higuchi,The Idolm@ster,common,1.04,6.24
6526,NNS-02,005,PTR,Mashu Kyrielight,Fate Series,common,1.04,6.24
6527,NNS-02,006,PTR,Raiden Mei,Honkai Impact,common,1.02,6.12
6528,NNS-02,007,PTR,Scathach,Fate Series,common,1.05,6.30
6529,NNS-02,008,PTR,Kaguya Shinomiya,Kaguya-sama: Love is War,epic,3.55,21.30
6530,NNS-02,009,PTR,Marin Kitagawa,My Dress-Up Darling,epic,3.36,20.16
6531,NNS-02,010,PTR,Asuna Ichinose,Blue Archive,common,1.03,6.18
6532,NNS-02,011,PTR,Karin Kakudate,Blue Archive,common,1.05,6.30
6533,NNS-02,012,PTR,Mona,Genshin Impact,common,1.00,6.00
6534,NNS-02,013,PTR,Yelan,Genshin Impact,common,1.02,6.12
6535,NNS-02,014,PTR,TAR-21,Girls' Frontline,common,1.03,6.18
6536,NNS-02,015,PTR,Miku Nakano,The Quintessential Quintuplets,common,1.03,6.18
6537,NNS-02,016,PTR,North Carolina,Azur Lane,common,1.05,6.30
6538,NNS-02,017,PTR,Reno,Azur Lane,common,1.02,6.12
6539,NNS-02,018,PTR,New Jersey,Azur Lane,common,1.01,6.06
6540,NNS-02,001,GP,Rem,Re:Zero,epic,3.10,155.00
6541,NNS-02,002,GP,Kama,Fate Series,common,1.01,50.50
6542,NNS-02,003,GP,Yoimiya,Genshin Impact,common,1.00,50.00
6543,NNS-02,004,GP,Yae Miko,Genshin Impact,common,1.04,52.00
6544,NNS-02,005,GP,Kamisato Ayaka,Genshin Impact,common,1.04,52.00
6545,NNS-02,006,GP,Raiden Shogun,Genshin Impact,common,1.02,51.00
6546,NNS-02,007,GP,Daiwa Scarlet,Uma Musume Pretty Derby,common,1.03,51.50
6547,NNS-02,008,GP,Nakiri Ayame,Hololive,common,1.00,50.00
6548,NNS-02,009,GP,Hoshimachi Suisei,Hololive,common,1.03,51.50
6549,NNS-02,001,SD,Honoka Kousaka,Love Live!,common,1.05,36.75
6550,NNS-02,002,SD,Kotori Minami,Love Live!,common,1.05,36.75
6551,NNS-02,003,SD,Umi Sonoda,Love Live!,common,1.04,36.40
6552,NNS-02,004,SD,Hanayo Koizumi,Love Live!,common,1.03,36.05
6553,NNS-02,005,SD,Rin Hoshizora,Love Live!,common,1.00,35.00
6554,NNS-02,006,SD,Maki Nishikino,Love Live!,common,1.01,35.35
6555,NNS-02,007,SD,Nico Yazawa,Love Live!,common,1.03,36.05
6556,NNS-02,008,SD,Eli Ayase,Love Live!,common,1.02,35.70
6557,NNS-02,009,SD,Nozomi Tojo,Love Live!,common,1.04,36.40
6558,NNS-02,010,SD,Honoka Kousaka,Love Live!,common,1.02,35.70
6559,NNS-02,011,SD,Kotori Minami,Love Live!,common,1.01,35.35
6560,NNS-02,012,SD,Umi Sonoda,Love Live!,common,1.03,36.05
6561,NNS-02,013,SD,Hanayo Koizumi,Love Live!,common,1.03,36.05
6562,NNS-02,014,SD,Rin Hoshizora,Love Live!,common,1.03,36.05
6563,NNS-02,015,SD,Maki Nishikino,Love Live!,common,1.01,35.35
6564,NNS-02,016,SD,Nico Yazawa,Love Live!,common,1.01,35.35
6565,NNS-02,017,SD,Eli Ayase,Love Live!,common,1.02,35.70
6566,NNS-02,018,SD,Nozomi Tojo,Love Live!,common,1.04,36.40
6567,NNS-02,001,JNH,Ereshkigal,Fate Series,common,1.04,52.00
6568,NNS-02,002,JNH,Ishtar,Fate Series,common,1.05,52.50
6569,NNS-02,003,JNH,Madoka Kaname,Puella Magi Madoka Magica,common,1.04,52.00
6570,NNS-02,004,JNH,Akemi Homura,Puella Magi Madoka Magica,common,1.05,52.50
6571,NNS-02,005,JNH,Lumine,Genshin Impact,common,1.02,51.00
6572,NNS-02,006,JNH,Keqing,Genshin Impact,common,1.00,50.00
6573,NNS-02,007,JNH,Cidala,Granblue Fantasy,common,1.05,52.50
6574,NNS-02,008,JNH,Cidala,Granblue Fantasy,common,1.02,51.00
6575,NNS-02,009,JNH,Musashi,Kantai Collection,common,1.00,50.00
6576,NNS-02,010,JNH,Yamato,Kantai Collection,common,1.04,52.00
6577,NNS-02,011,JNH,Yuudachi,Kantai Collection,common,1.03,51.50
6578,NNS-02,012,JNH,Shigure,Kantai Collection,common,1.02,51.00
6579,NNS-02,001,MR,Uzuki Shimamura,The Idolm@ster,common,1.00,15.00
6580,NNS-02,002,MR,Yuka Nakano,The Idolm@ster,common,1.04,15.60
6581,NNS-02,003,MR,Yukari Mizumoto,The Idolm@ster,common,1.03,15.45
6582,NNS-02,004,MR,Kanako Mimura,The Idolm@ster,common,1.04,15.60
6583,NNS-02,005,MR,Miho Kohinata,The Idolm@ster,common,1.03,15.45
6584,NNS-02,006,MR,Momoka Sakurai,The Idolm@ster,common,1.01,15.15
6585,NNS-02,007,MR,Kyoko Igarashi,The Idolm@ster,common,1.03,15.45
6586,NNS-02,008,MR,Shiki Ichinose,The Idolm@ster,common,1.01,15.15
6587,NNS-02,009,MR,Chiyo Shirayuki,The Idolm@ster,common,1.00,15.00
6588,NNS-02,010,MR,Mirei Hayasaka,The Idolm@ster,common,1.01,15.15
6589,NNS-02,011,MR,Sae Kobayakawa,The Idolm@ster,common,1.00,15.00
6590,NNS-02,012,MR,Hotaru Shiragiku,The Idolm@ster,common,1.02,15.30
6591,NNS-02,013,MR,Rin Shibuya,The Idolm@ster,common,1.03,15.45
6592,NNS-02,014,MR,Chiaki Kurokawa,The Idolm@ster,common,1.01,15.15
6593,NNS-02,015,MR,Mizuki Kawasima,The Idolm@ster,common,1.02,15.30
6594,NNS-02,016,MR,Nao Kamiya,The Idolm@ster,common,1.03,15.45
6595,NNS-02,017,MR,Seira Mizuki,The Idolm@ster,common,1.04,15.60
6596,NNS-02,018,MR,Miyu Mifune,The Idolm@ster,common,1.02,15.30
6597,NNS-02,019,MR,Minami Nitta,The Idolm@ster,common,1.00,15.00
6598,NNS-02,020,MR,Hayate Hisakawa,The Idolm@ster,common,1.04,15.60
6599,NNS-02,021,MR,Asuka Ninomiya,The Idolm@ster,common,1.05,15.75
6600,NNS-02,022,MR,Ranko Kanzaki,The Idolm@ster,common,1.05,15.75
6601,NNS-02,023,MR,Anastasia,The Idolm@ster,common,1.03,15.45
6602,NNS-02,024,MR,Hajime Fujiwara,The Idolm@ster,common,1.01,15.15
6603,NNS-02,025,MR,Mio Honda,The Idolm@ster,common,1.03,15.45
6604,NNS-02,026,MR,Aiko Takamori,The Idolm@ster,common,1.04,15.60
6605,NNS-02,027,MR,Miria Akagi,The Idolm@ster,common,1.04,15.60
6606,NNS-02,028,MR,Nagi Hisakawa,The Idolm@ster,common,1.04,15.60
6607,NNS-02,029,MR,Riamu Yumemi,The Idolm@ster,common,1.05,15.75
6608,NNS-02,030,MR,Hinako Kita,The Idolm@ster,common,1.05,15.75
6609,NNS-02,031,MR,Shizuku Oikawa,The Idolm@ster,common,1.03,15.45
6610,NNS-02,032,MR,Mika Jougasaki,The Idolm@ster,common,1.05,15.75
6611,NNS-02,033,MR,Yoshino Yorita,The Idolm@ster,common,1.02,15.30
6612,NNS-02,034,MR,Tomoe Murakami,The Idolm@ster,common,1.02,15.30
6613,NNS-02,035,MR,Misaki Etou,The Idolm@ster,common,1.05,15.75
6614,NNS-02,036,MR,Shin Sato,The Idolm@ster,common,1.03,15.45
6615,NNS-02,001,SER,Sakura Kinomoto,Cardcaptor Sakura,common,1.03,5.15
6616,NNS-02,002,SER,Meimi Haneoka,Saint Tail,common,1.01,5.05
6617,NNS-02,003,SER,Nagisa Furukawa,Clannad,common,1.02,5.10
6618,NNS-02,004,SER,Leticia Draculea,"Problem Children Are Coming from Another World, Aren't They?",common,1.05,5.25
6619,NNS-02,005,SER,Shiraori,"So I'm a Spider, So What?",common,1.04,5.20
6620,NNS-02,006,SER,Mamako Oosuki,Do You Love Your Mom and Her Two-Hit Multi-Target Attacks?,common,1.05,5.25
6621,NNS-02,007,SER,Jean,Genshin Impact,common,1.01,5.05
6622,NNS-02,008,SER,Barbara,Genshin Impact,common,1.02,5.10
6623,NNS-02,009,SER,Reze,Chainsaw Man,epic,3.54,17.70
6624,NNS-02,010,SER,Tosa,Azur Lane,common,1.03,5.15
6625,NNS-02,011,SER,Albedo,Overlord,common,1.00,5.00
6626,NNS-02,012,SER,Neptune,Hyperdimension Neptunia,common,1.04,5.20
6627,NNS-02,013,SER,Shokuhou Misaki,A Certain Magical Index (Toaru Kagaku no Railgun),common,1.00,5.00
6628,NNS-02,014,SER,Yue,Arifureta: From Commonplace to World's Strongest,common,1.03,5.15
6629,NNS-02,015,SER,Rin Shibuya,The Idolm@ster,common,1.01,5.05
6630,NNS-02,016,SER,Melusine,Fate Series,common,1.03,5.15
6631,NNS-02,017,SER,Abigail Williams,Fate Series,common,1.01,5.05
6632,NNS-02,018,SER,Okita Souji,Fate Series,common,1.00,5.00
6633,NNS-02,019,SER,Filo,The Rising of the Shield Hero,rare,1.99,9.95
6634,NNS-02,020,SER,W,Arknights,common,1.05,5.25
6635,NNS-02,021,SER,Whisperain,Arknights,common,1.03,5.15
6636,NNS-02,022,SER,Super Creek,Uma Musume Pretty Derby,common,1.04,5.20
6637,NNS-02,023,SER,Manhattan Cafe,Uma Musume Pretty Derby,common,1.01,5.05
6638,NNS-02,024,SER,Veronica,Flower Knight Girl,common,1.03,5.15
6639,NNS-02,025,SER,Twinspur,Flower Knight Girl,common,1.04,5.20
6640,NNS-02,026,SER,Blushing Bride,Flower Knight Girl,common,1.05,5.25
6641,NNS-02,027,SER,Shiroko Sunaookami,Blue Archive,common,1.00,5.00
6642,NNS-02,028,SER,Asuka Ninomiya,The Idolm@ster,common,1.04,5.20
6643,NNS-02,029,SER,Yae Miko,Genshin Impact,common,1.03,5.15
6644,NNS-02,030,SER,Rosa,Pokemon,common,1.01,5.05
6645,NNS-02,031,SER,Kyoko Kirigiri,Danganronpa,common,1.03,5.15
6646,NNS-02,032,SER,Vivy,Vivy -Fluorite Eye's Song-,epic,4.62,23.10
6647,NNS-02,033,SER,Kukuru Misakino,The Aquatope on White Sand,common,1.05,5.25
6648,NNS-02,034,SER,Shouko Komi,Komi Can't Communicate,epic,3.08,15.40
6649,NNS-02,035,SER,Azusa,I've Been Killing Slimes for 300 Years and Maxed Out My Level,common,1.01,5.05
6650,NNS-02,036,SER,Megumin,God's Blessing on this Wonderful World! (KonoSuba),epic,4.97,24.85
6651,NNS-02,037,SER,Megumi Kato,Saekano: How to Raise a Boring Girlfriend,common,1.01,5.05
6652,NNS-02,038,SER,Shinobu Kochou,Demon Slayer (Kimetsu no Yaiba),epic,3.53,17.65
6653,NNS-02,039,SER,Alice Zuberg,Sword Art Online,rare,1.52,7.60
6654,NNS-02,040,SER,Mashu Kyrielight,Fate Series,common,1.03,5.15
6655,NNS-02,041,SER,Asuka Shikinami Langley,Evangelion,common,1.01,5.05
6656,NNS-02,042,SER,Megurine Luka,Vocaloid,common,1.00,5.00
6657,NNS-02,043,SER,Violet Evergarden,Violet Evergarden,common,1.05,5.25
6658,NNS-02,044,SER,Akemi Homura,Puella Magi Madoka Magica,common,1.02,5.10
6659,NNS-02,045,SER,Mumei,Kabaneri of the Iron Fortress,epic,3.57,17.85
6660,NNS-02,046,SER,Nezuko Kamado,Demon Slayer (Kimetsu no Yaiba),epic,3.27,16.35
6661,NNS-02,047,SER,Rikka Takanashi,"Love, Chunibyo & Other Delusions!",common,1.05,5.25
6662,NNS-02,048,SER,Reimu Hakurei,Touhou Project,common,1.01,5.05
6663,NNS-02,049,SER,Cocoa Hoto,Is the Order a Rabbit?,common,1.04,5.20
6664,NNS-02,050,SER,Kizuna AI,VTuber,common,1.03,5.15
6665,NNS-02,051,SER,Keke Tang,Love Live!,common,1.01,5.05
6666,NNS-02,052,SER,Kanon Shibuya,Love Live!,common,1.01,5.05
6667,NNS-02,053,SER,Mafuyu Kirisu,We Never Learn!: Bokuben,common,1.03,5.15
6668,NNS-02,054,SER,Yuri Nakamura,Angel Beats!,common,1.03,5.15
6669,NNS-02,055,SER,Kazusa Touma,White Album 2,common,1.01,5.05
6670,NNS-02,056,SER,Qiqi,Genshin Impact,common,1.03,5.15
6671,NNS-02,057,SER,Ako Udagawa,BanG Dream!,common,1.03,5.15
6672,NNS-02,058,SER,Chiyomi Anzai,Girls Und Panzer,common,1.04,5.20
6673,NNS-02,059,SER,Ginko Sora,The Ryuo's Work is Never Done,common,1.02,5.10
6674,NNS-02,060,SER,Kasumi Nakasu,Love Live!,common,1.04,5.20
6675,NNS-02,061,SER,Chisato Arashi,Love Live!,common,1.03,5.15
6676,NNS-02,062,SER,Sumire Heanna,Love Live!,common,1.04,5.20
6677,NNS-02,063,SER,Ren Hazuki,Love Live!,common,1.04,5.20
6678,NNS-02,064,SER,Angelina,Arknights,common,1.03,5.15
6679,NNS-02,065,SER,Pallas,Arknights,common,1.00,5.00
6680,NNS-02,066,SER,Z23,Azur Lane,common,1.01,5.05
6681,NNS-02,067,SER,Elf Yamada,Eromanga Sensei,common,1.01,5.05
6682,NNS-02,068,SER,Baobhan Sith,Fate Series,common,1.03,5.15
6683,NNS-02,069,SER,Tomoe Gozen,Fate Series,common,1.02,5.10
6684,NNS-02,070,SER,Meltlilith,Fate Series,common,1.05,5.25
6685,NNS-02,071,SER,BB,Fate Series,common,1.04,5.20
6686,NNS-02,072,SER,Shiki Ryougi,Kara no Kyoukai,common,1.03,5.15
6687,NNS-02,073,SER,Honoka Kousaka,Love Live!,common,1.03,5.15
6688,NNS-02,074,SER,Kotori Minami,Love Live!,common,1.03,5.15
6689,NNS-02,075,SER,Umi Sonoda,Love Live!,common,1.05,5.25
6690,NNS-02,076,SER,Eli Ayase,Love Live!,common,1.02,5.10
6691,NNS-02,077,SER,Nozomi Tojo,Love Live!,common,1.05,5.25
6692,NNS-02,078,SER,Maki Nishikino,Love Live!,common,1.05,5.25
6693,NNS-02,079,SER,Rin Hoshizora,Love Live!,common,1.00,5.00
6694,NNS-02,080,SER,Hanayo Koizumi,Love Live!,common,1.04,5.20
6695,NNS-02,081,SER,Nico Yazawa,Love Live!,common,1.04,5.20
6696,NNS-02,082,SER,Echidna,Re:Zero,epic,4.28,21.40
6697,NNS-02,083,SER,Marin Kitagawa,My Dress-Up Darling,epic,4.25,21.25
6698,NNS-02,084,SER,Marnie,Pokemon,common,1.01,5.05
6699,NNS-02,085,SER,Haruka Ogasawara,Sound! Euphonium,common,1.05,5.25
6700,NNS-02,086,SER,Asuka Tanaka,Sound! Euphonium,common,1.03,5.15
6701,NNS-02,087,SER,Kaori Nakaseko,Sound! Euphonium,common,1.00,5.00
6702,NNS-02,088,SER,Sapphire Kawashima,Sound! Euphonium,common,1.02,5.10
6703,NNS-02,089,SER,Nozomi Kasaki,Sound! Euphonium,common,1.05,5.25
6704,NNS-02,090,SER,Mizore Yoroizuka,Sound! Euphonium,common,1.04,5.20
6705,NNS-02,091,SER,Hazuki Katou,Sound! Euphonium,common,1.03,5.15
6706,NNS-02,092,SER,Natsuki Nakagawa,Sound! Euphonium,common,1.05,5.25
6707,NNS-02,093,SER,Yuuko Yoshikawa,Sound! Euphonium,common,1.01,5.05
6708,NNS-02,094,SER,Keqing,Genshin Impact,common,1.04,5.20
6709,NNS-02,095,SER,Kuroyukihime,Accel World,common,1.03,5.15
6710,NNS-02,096,SER,Rinne Ohara,Island,common,1.02,5.10
6711,NNS-02,097,SER,Yuezheng Ling,VSinger,common,1.05,5.25
6712,NNS-02,098,SER,Yui Hirasawa,K-On!,common,1.04,5.20
6713,NNS-02,099,SER,Mio Akiyama,K-On!,common,1.04,5.20
6714,NNS-02,100,SER,Ritsu Tainaka,K-On!,common,1.05,5.25
6715,NNS-02,101,SER,Tsumugi Kotobuki,K-On!,common,1.04,5.20
6716,NNS-02,102,SER,Azusa Nakano,K-On!,common,1.00,5.00
6717,NNS-02,103,SER,Junko Enoshima,Danganronpa,common,1.01,5.05
6718,NNS-02,104,SER,Magallan,Arknights,common,1.03,5.15
6719,NNS-02,105,SER,Mostima,Arknights,common,1.05,5.25
6720,NNS-02,106,SER,Ceobe,Arknights,common,1.05,5.25
6721,NNS-02,107,SER,Manticore,Arknights,common,1.02,5.10
6722,NNS-02,108,SER,Tomimi,Arknights,common,1.01,5.05
6723,NNS-02,109,SER,Frostleaf,Arknights,common,1.03,5.15
6724,NNS-02,110,SER,Anastasia,The Idolm@ster,common,1.01,5.05
6725,NNS-02,111,SER,Chiyo Shirayuki,The Idolm@ster,common,1.03,5.15
6726,NNS-02,112,SER,Riamu Yumemi,The Idolm@ster,common,1.05,5.25
6727,NNS-02,113,SER,Rinze Morino,The Idolm@ster,common,1.01,5.05
6728,NNS-02,114,SER,Fuyuko Mayuzumi,The Idolm@ster,common,1.00,5.00
6729,NNS-02,115,SER,Natsuha Arisugawa,The Idolm@ster,common,1.01,5.05
6730,NNS-02,116,SER,Noelle,Genshin Impact,common,1.01,5.05
6731,NNS-02,117,SER,Kamisato Ayaka,Genshin Impact,common,1.01,5.05
6732,NNS-02,118,SER,Sayu,Genshin Impact,common,1.01,5.05
6733,NNS-02,119,SER,Suzuna Minami,Princess Connect Re:Dive,common,1.04,5.20
6734,NNS-02,120,SER,Yori Kazemiya,Princess Connect Re:Dive,common,1.01,5.05
6735,NNS-02,121,SER,Maho Himemiya,Princess Connect Re:Dive,common,1.00,5.00
6736,NNS-02,122,SER,Shiori Kashiwazaki,Princess Connect Re:Dive,common,1.02,5.10
6737,NNS-02,123,SER,Yukina Minato,BanG Dream!,common,1.05,5.25
6738,NNS-02,124,SER,Ran Mitake,BanG Dream!,common,1.01,5.05
6739,NNS-02,125,SER,Kirari Momobami,Kakegurui,epic,3.54,17.70
6740,NNS-02,126,SER,Shinku,Rozen Maiden,common,1.01,5.05
6741,NS-09,001,SER,Red Rose,Original,common,1.05,5.25
6742,NS-09,002,SER,Blue Rose,Original,common,1.03,5.15
6743,NS-09,003,SER,Purple Rose,Original,common,1.03,5.15
6744,NS-09,001,SSR,Makima,Chainsaw Man,epic,3.65,9.13
6745,NS-09,002,SSR,Specter the Unchained,Arknights,common,1.04,2.60
6746,NS-09,003,SSR,Skadi the Corrupting Heart,Arknights,common,1.04,2.60
6747,NS-09,004,SSR,Qiubai,Arknights,common,1.02,2.55
6748,NS-09,005,SSR,Kisaki,Blue Archive,common,1.01,2.53
6749,NS-09,006,SSR,Aru Rikuhachima,Blue Archive,common,1.02,2.55
6750,NS-09,007,SSR,Hina,Blue Archive,common,1.05,2.63
6751,NS-09,008,SSR,Maki,Blue Archive,common,1.03,2.58
6752,NS-09,009,SSR,Lisa,Genshin Impact,common,1.01,2.53
6753,NS-09,010,SSR,Nilou,Genshin Impact,common,1.05,2.63
6754,NS-09,011,SSR,Kamisato Ayaka,Genshin Impact,common,1.03,2.58
6755,NS-09,012,SSR,Hitori Gotou,Bocchi the Rock!,common,1.04,2.60
6756,NS-09,013,SSR,Nijika Ijichi,Bocchi the Rock!,common,1.05,2.63
6757,NS-09,014,SSR,Ryou Yamada,Bocchi the Rock!,common,1.00,2.50
6758,NS-09,015,SSR,Ikuyo Kita,Bocchi the Rock!,common,1.02,2.55
6759,NS-09,016,SSR,Altina Orion,The Legend of Heroes: Trails of Cold Steel,common,1.03,2.58
6760,NS-09,017,SSR,Gawr Gura,Hololive,common,1.04,2.60
6761,NS-09,018,SSR,March 7th,Honkai: Star Rail,common,1.01,2.53
6762,NS-09,001,SCR,Youmu Konpaku,Touhou Project,common,1.00,1.25
6763,NS-09,002,SCR,Nahida,Genshin Impact,common,1.00,1.25
6764,NS-09,003,SCR,Noelle,Genshin Impact,common,1.01,1.26
6765,NS-09,004,SCR,Elysia,Honkai Impact,common,1.00,1.25
6766,NS-09,005,SCR,Megumi Kato,Saekano: How to Raise a Boring Girlfriend,common,1.02,1.27
6767,NS-09,006,SCR,Ai Yashajin,The Ryuo's Work is Never Done,common,1.04,1.30
6768,NS-09,007,SCR,Mai Sakurajima,Rascal Does Not Dream Of Bunny Girl Senpai,common,1.05,1.31
6769,NS-09,008,SCR,Kaori Miyazono,Your Lie in April,common,1.03,1.29
6770,NS-09,009,SCR,Sakura Kinomoto,Cardcaptor Sakura,common,1.00,1.25
6771,NS-09,010,SCR,Chisato Nishikigi,Lycoris Recoil,common,1.05,1.31
6772,NS-09,011,SCR,Takina Inoue,Lycoris Recoil,common,1.03,1.29
6773,NS-09,012,SCR,Kurumi,Lycoris Recoil,common,1.00,1.25
6774,NS-09,013,SCR,Yui Kotegawa,To LOVE-Ru,common,1.04,1.30
6775,NS-09,014,SCR,Toko Kenmochi,VTuber,common,1.04,1.30
6776,NS-09,015,SCR,Uruha Rushia,Hololive,common,1.02,1.27
6777,NS-09,016,SCR,Hoshimachi Suisei,Hololive,common,1.02,1.27
6778,NS-09,017,SCR,Mito Tsukino,VTuber,common,1.03,1.29
6779,NS-09,018,SCR,Tendou Alice,Blue Archive,common,1.01,1.26
6780,NS-09,001,SR,Hatsune Miku,Vocaloid,common,1.04,0.10
6781,NS-09,002,SR,Chino Kafuu,Is the Order a Rabbit?,common,1.03,0.10
6782,NS-09,003,SR,Karen Asakura,Heaven Burns Red,common,1.01,0.10
6783,NS-09,004,SR,P90,Girls' Frontline,common,1.04,0.10
6784,NS-09,005,SR,Nanami Hiromachi,BanG Dream!,common,1.00,0.10
6785,NS-09,006,SR,Miko Iino,Kaguya-sama: Love is War,epic,4.97,0.50
6786,NS-09,007,SR,Elysia,Honkai Impact,common,1.04,0.10
6787,NS-09,008,SR,Pozyomka,Arknights,common,1.00,0.10
6788,NS-09,009,SR,La Pluma,Arknights,common,1.00,0.10
6789,NS-09,010,SR,Surtr,Arknights,common,1.01,0.10
6790,NS-09,011,SR,Lin,Arknights,common,1.02,0.10
6791,NS-09,012,SR,Bailu,Honkai: Star Rail,common,1.05,0.11
6792,NS-09,013,SR,Qingque,Honkai: Star Rail,common,1.03,0.10
6793,NS-09,014,SR,Guizhong,Genshin Impact,common,1.03,0.10
6794,NS-09,015,SR,Keqing,Genshin Impact,common,1.04,0.10
6795,NS-09,016,SR,Hu Tao,Genshin Impact,common,1.02,0.10
6796,NS-09,017,SR,Kotoko Iwanaga,In/Spectre,common,1.02,0.10
6797,NS-09,018,SR,Sumi Serina,Blue Archive,common,1.03,0.10
6798,NS-09,019,SR,Mika Misono,Blue Archive,common,1.00,0.10
6799,NS-09,020,SR,Shimoe Koharu,Blue Archive,common,1.05,0.11
6800,NS-09,021,SR,Kasumizawa Miyu,Blue Archive,common,1.04,0.10
6801,NS-09,022,SR,Rinze Morino,The Idolm@ster,common,1.02,0.10
6802,NS-09,023,SR,Oguri Cap,Uma Musume Pretty Derby,common,1.04,0.10
6803,NS-09,024,SR,Flandre Scarlet,Touhou Project,common,1.03,0.10
6804,NS-09,025,SR,Ibaraki Kasen,Touhou Project,common,1.02,0.10
6805,NS-09,026,SR,Nitori Kawashiro,Touhou Project,common,1.00,0.10
6806,NS-09,027,SR,Yuyuko Saigyouji,Touhou Project,common,1.05,0.11
6807,NS-09,028,SR,Remilia Scarlet,Touhou Project,common,1.01,0.10
6808,NS-09,029,SR,Hoshimachi Suisei,Hololive,common,1.02,0.10
6809,NS-09,030,SR,Minato Aqua,Hololive,common,1.03,0.10
6810,NS-09,031,SR,Amane Kanata,Hololive,common,1.02,0.10
6811,NS-09,032,SR,Yukihana Lamy,Hololive,common,1.04,0.10
6812,NS-09,033,SR,Tatsumaki,One Punch Man,epic,4.85,0.49
6813,NS-09,034,SR,Sakura Matou,Fate Series,common,1.02,0.10
6814,NS-09,035,SR,Artoria Pendragon (Saber),Fate Series,common,1.00,0.10
6815,NS-09,036,SR,Kanade Tachibana,Angel Beats!,common,1.00,0.10
6816,NS-09,001,CR,Usami Sumireko,Touhou Project,common,1.01,0.25
6817,NS-09,002,CR,Fuyuko Mayuzumi,The Idolm@ster,common,1.03,0.26
6818,NS-09,003,CR,Okita Souji,Fate Series,common,1.01,0.25
6819,NS-09,004,CR,Kurisu Makise,Steins; Gate,epic,4.46,1.12
6820,NS-09,005,CR,Liko,Pokemon,common,1.02,0.26
6821,NS-09,006,CR,Hayase Yuuka,Blue Archive,common,1.04,0.26
6822,NS-09,007,CR,Plana,Blue Archive,common,1.03,0.26
6823,NS-09,008,CR,Urawa Hanako,Blue Archive,common,1.00,0.25
6824,NS-09,009,CR,Sunohara Kokona,Blue Archive,common,1.05,0.26
6825,NS-09,010,CR,Sakamata Chloe,Hololive,common,1.05,0.26
6826,NS-09,011,CR,Nekomata Okayu,Hololive,common,1.02,0.26
6827,NS-09,012,CR,Tokoyami Towa,Hololive,common,1.05,0.26
6828,NS-09,013,CR,Bochi Mumumu,VTuber,common,1.05,0.26
6829,NS-09,014,CR,Komori Met,VTuber,common,1.02,0.26
6830,NS-09,015,CR,Shirakami Fubuki,Hololive,common,1.05,0.26
6831,NS-09,016,CR,Aoandon,Onmyoji,common,1.01,0.25
6832,NS-09,017,CR,Semigoori Yuki Onna,Onmyoji,common,1.01,0.25
6833,NS-09,018,CR,Kachou Fuugetsu,Onmyoji,common,1.00,0.25
6834,NS-09,001,R,Mudrock,Arknights,common,1.03,0.01
6835,NS-09,002,R,Ling,Arknights,common,1.01,0.01
6836,NS-09,003,R,Hoshiguma,Arknights,common,1.00,0.01
6837,NS-09,004,R,Nene Kusanagi,Project SEKAI,common,1.02,0.01
6838,NS-09,005,R,Zenovia Marden,The Genius Prince's Guide to Raising a Nation Out of Debt,common,1.00,0.01
6839,NS-09,006,R,Haruhi Suzumiya,The Melancholy of Haruhi Suzumiya,common,1.04,0.01
6840,NS-09,007,R,Ninym Ralei,The Genius Prince's Guide to Raising a Nation Out of Debt,common,1.02,0.01
6841,NS-09,008,R,Rukkhadevata,Genshin Impact,common,1.05,0.01
6842,NS-09,009,R,Allen Poe,Honkai Impact,common,1.00,0.01
6843,NS-09,010,R,Shigure,Kantai Collection,common,1.04,0.01
6844,NS-09,011,R,Hayase Yuuka,Blue Archive,common,1.04,0.01
6845,NS-09,012,R,Hoshino Takanashi,Blue Archive,common,1.02,0.01
6846,NS-09,013,R,Asuna Ichinose,Blue Archive,common,1.05,0.01
6847,NS-09,014,R,Yaoyao,Genshin Impact,common,1.04,0.01
6848,NS-09,015,R,Yoisaki Kanade,Project SEKAI,common,1.05,0.01
6849,NS-09,016,R,Murasaki Shion,Hololive,common,1.01,0.01
6850,NS-09,017,R,Nakiri Ayame,Hololive,common,1.05,0.01
6851,NS-09,018,R,Misaka Mikoto,A Certain Magical Index (Toaru Kagaku no Railgun),common,1.05,0.01
6852,NS-02-M09,001,UR,Shiroko Sunaookami,Blue Archive,common,1.03,6.18
6853,NS-02-M09,002,UR,Aru Rikuhachima,Blue Archive,common,1.00,6.00
6854,NS-02-M09,003,UR,Hoshimachi Suisei,Hololive,common,1.00,6.00
6855,NS-02-M09,004,UR,Shirakami Fubuki,Hololive,common,1.01,6.06
6856,NS-02-M09,005,UR,Hitori Gotou,Bocchi the Rock!,common,1.00,6.00
6857,NS-02-M09,006,UR,Echidna,Re:Zero,epic,3.79,22.74
6858,NS-02-M09,001,PTR,Hitori Gotou,Bocchi the Rock!,common,1.05,6.30
6859,NS-02-M09,002,PTR,Nijika Ijichi,Bocchi the Rock!,common,1.05,6.30
6860,NS-02-M09,003,PTR,Ryou Yamada,Bocchi the Rock!,common,1.01,6.06
6861,NS-02-M09,004,PTR,Ikuyo Kita,Bocchi the Rock!,common,1.04,6.24
6862,NS-02-M09,005,PTR,Makima,Chainsaw Man,epic,3.98,23.88
6863,NS-02-M09,006,PTR,Kisaki,Blue Archive,common,1.04,6.24
6864,NS-02-M09,007,PTR,Dehya,Genshin Impact,common,1.00,6.00
6865,NS-02-M09,008,PTR,Mitsuri Kanroji,Demon Slayer (Kimetsu no Yaiba),epic,4.55,27.30
6866,NS-02-M09,009,PTR,Kiana Kaslana,Honkai Impact,common,1.01,6.06
6867,NS-02-M09,001,SER,Red Peony,Original,common,1.03,5.15
6868,NS-02-M09,002,SER,Purple Camellia,Original,common,1.04,5.20
6869,NS-02-M09,003,SER,Red Rose,Original,common,1.00,5.00
6870,NS-02-M09,004,SER,Purple Peony,Original,common,1.05,5.25
6871,NS-02-M09,005,SER,Red Camellia,Original,common,1.04,5.20
6872,NS-02-M09,006,SER,Rose Red Lily,Original,common,1.03,5.15
6873,NS-02-M09,001,SSR,Hatsune Miku,Vocaloid,common,1.00,2.50
6874,NS-02-M09,002,SSR,Takina Inoue,Lycoris Recoil,common,1.00,2.50
6875,NS-02-M09,003,SSR,Chisato Nishikigi,Lycoris Recoil,common,1.04,2.60
6876,NS-02-M09,004,SSR,Kokomi Sangonomiya,Genshin Impact,common,1.04,2.60
6877,NS-02-M09,005,SSR,Nilou,Genshin Impact,common,1.01,2.53
6878,NS-02-M09,006,SSR,Kamisato Ayaka,Genshin Impact,common,1.02,2.55
6879,NS-02-M09,007,SSR,Hu Tao,Genshin Impact,common,1.01,2.53
6880,NS-02-M09,008,SSR,Barbara,Genshin Impact,common,1.04,2.60
6881,NS-02-M09,009,SSR,Elysia,Honkai Impact,common,1.00,2.50
6882,NS-02-M09,010,SSR,Seele Vollerei,Honkai Impact,common,1.05,2.63
6883,NS-02-M09,011,SSR,Yor Forger,Spy X Family,epic,4.47,11.18
6884,NS-02-M09,012,SSR,Dusk,Arknights,common,1.01,2.53
6885,NS-02-M09,013,SSR,Hoshino Takanashi,Blue Archive,common,1.01,2.53
6886,NS-02-M09,014,SSR,Toki Asuma,Blue Archive,common,1.05,2.63
6887,NS-02-M09,015,SSR,Flandre Scarlet,Touhou Project,common,1.02,2.55
6888,NS-02-M09,016,SSR,Sakuya Izayoi,Touhou Project,common,1.00,2.50
6889,NS-02-M09,017,SSR,Lucy,Cyberpunk Edgerunners,epic,3.24,8.10
6890,NS-02-M09,018,SSR,Rem,Re:Zero,epic,4.61,11.53
6891,NS-02-M09,019,SSR,Morgan le Fay,Fate Series,common,1.05,2.63
6892,NS-02-M09,020,SSR,Asahina Mafuyu,Project SEKAI,common,1.02,2.55
6893,NS-02-M09,021,SSR,Megurine Luka,Vocaloid,common,1.00,2.50
6894,NS-02-M09,022,SSR,Merlin,Fate Series,common,1.03,2.58
6895,NS-02-M09,023,SSR,Minato Aqua,Hololive,common,1.01,2.53
6896,NS-02-M09,024,SSR,Gawr Gura,Hololive,common,1.00,2.50
6897,NS-02-M09,025,SSR,2B,NieR: Automata,epic,4.02,10.05
6898,NS-02-M09,026,SSR,Uta,One Piece,epic,4.10,10.25
6899,NS-02-M09,027,SSR,KAngel,Needy Streamer Overload,common,1.03,2.58
6900,NS-02-M09,001,SCR,Mika Misono,Blue Archive,common,1.03,1.29
6901,NS-02-M09,002,SCR,Shenhe,Genshin Impact,common,1.02,1.27
6902,NS-02-M09,003,SCR,Rei Ayanami,Evangelion,common,1.05,1.31
6903,NS-02-M09,004,SCR,Kikuri Hiroi,Bocchi the Rock!,common,1.03,1.29
6904,NS-02-M09,005,SCR,Dehya,Genshin Impact,common,1.04,1.30
6905,NS-02-M09,006,SCR,Houshou Marine,Hololive,common,1.04,1.30
6906,NS-02-M09,007,SCR,Toki Asuma,Blue Archive,common,1.05,1.31
6907,NS-02-M09,008,SCR,Fuyuko Mayuzumi,The Idolm@ster,common,1.01,1.26
6908,NS-02-M09,009,SCR,Madoka Higuchi,The Idolm@ster,common,1.00,1.25
6909,NS-02-M09,010,SCR,Yae Miko,Genshin Impact,common,1.02,1.27
6910,NS-02-M09,011,SCR,Flandre Scarlet,Touhou Project,common,1.05,1.31
6911,NS-02-M09,012,SCR,Kosaka Wakamo,Blue Archive,common,1.04,1.30
6912,NS-02-M09,013,SCR,Hayase Yuuka,Blue Archive,common,1.01,1.26
6913,NS-02-M09,014,SCR,Goldenglow,Arknights,common,1.05,1.31
6914,NS-02-M09,015,SCR,Raiden Shogun,Genshin Impact,common,1.04,1.30
6915,NS-02-M09,016,SCR,Kayoko Onikata,Blue Archive,common,1.01,1.26
6916,NS-02-M09,017,SCR,Sakamata Chloe,Hololive,common,1.02,1.27
6917,NS-02-M09,018,SCR,Misaka Mikoto,A Certain Magical Index (Toaru Kagaku no Railgun),common,1.01,1.26
6918,NS-02-M09,001,SR,Hina Amano,Weathering with You,common,1.02,0.10
6919,NS-02-M09,002,SR,Akane Shinjo,SSSS.GRIDMAN,common,1.00,0.10
6920,NS-02-M09,003,SR,Nanakusa Nazuna,Call of the Night,common,1.04,0.10
6921,NS-02-M09,004,SR,Misa Amane,Death Note,epic,4.27,0.43
6922,NS-02-M09,005,SR,Kanna Kamui,Miss Kobayashi's Dragon Maid,epic,3.38,0.34
6923,NS-02-M09,006,SR,Marin Kitagawa,My Dress-Up Darling,epic,3.20,0.32
6924,NS-02-M09,007,SR,Mirai Kuriyama,Beyond the Boundary,common,1.02,0.10
6925,NS-02-M09,008,SR,Reze,Chainsaw Man,epic,3.99,0.40
6926,NS-02-M09,009,SR,Rio Futaba,Rascal Does Not Dream Of Bunny Girl Senpai,common,1.02,0.10
6927,NS-02-M09,010,SR,Akiko Yosano,Bungo Stray Dogs,common,1.02,0.10
6928,NS-02-M09,011,SR,Mr. C.B.,Uma Musume Pretty Derby,common,1.02,0.10
6929,NS-02-M09,012,SR,Rosaria,Genshin Impact,common,1.01,0.10
6930,NS-02-M09,013,SR,Madame Ping,Genshin Impact,common,1.05,0.11
6931,NS-02-M09,014,SR,Ganyu,Genshin Impact,common,1.02,0.10
6932,NS-02-M09,015,SR,Raiden Shogun,Genshin Impact,common,1.02,0.10
6933,NS-02-M09,016,SR,Amiya,Arknights,common,1.03,0.10
6934,NS-02-M09,017,SR,Ibaraki Kasen,Touhou Project,common,1.01,0.10
6935,NS-02-M09,018,SR,Shirakami Fubuki,Hololive,common,1.04,0.10
6936,NS-02-M09,001,CR,Hibiki Nekozuka,Blue Archive,common,1.04,0.26
6937,NS-02-M09,002,CR,Kizuna AI,VTuber,common,1.02,0.26
6938,NS-02-M09,003,CR,Tachibana Hinano,Hololive,common,1.00,0.25
6939,NS-02-M09,004,CR,Megumin,God's Blessing on this Wonderful World! (KonoSuba),epic,3.81,0.95
6940,NS-02-M09,005,CR,Sakura Matou,Fate Series,common,1.05,0.26
6941,NS-02-M09,006,CR,Eunectes,Arknights,common,1.05,0.26
6942,NS-02-M09,007,CR,Reisalin Stout,Atelier Series,common,1.05,0.26
6943,NS-02-M09,008,CR,Marnie,Pokemon,common,1.03,0.26
6944,NS-02-M09,009,CR,Satanichia Kurumizawa Mcdowell,Gabriel DropOut,common,1.02,0.26
6945,NS-02-M09,010,CR,Gabriel Tenma White,Gabriel DropOut,common,1.04,0.26
6946,NS-02-M09,011,CR,Tenshi Hinanawi,Touhou Project,common,1.03,0.26
6947,NS-02-M09,012,CR,Youmu Konpaku,Touhou Project,common,1.04,0.26
6948,NS-02-M09,013,CR,Yaoyao,Genshin Impact,common,1.02,0.26
6949,NS-02-M09,014,CR,Marisa Kirisame,Touhou Project,common,1.03,0.26
6950,NS-02-M09,015,CR,Hokko Tarumae,Uma Musume Pretty Derby,common,1.00,0.25
6951,NS-02-M09,016,CR,Lumine,Genshin Impact,common,1.02,0.26
6952,NS-02-M09,017,CR,Amamya,VTuber,common,1.02,0.26
6953,NS-02-M09,018,CR,Sayu Ogiwara,"Higehiro: After Being Rejected, I Shaved and Took in a High School Runaway",common,1.05,0.26
6954,NS-02-M09,001,R,Hina,Blue Archive,common,1.02,0.01
6955,NS-02-M09,002,R,Sakura Matou,Fate Series,common,1.00,0.01
6956,NS-02-M09,003,R,Chino Kafuu,Is the Order a Rabbit?,common,1.05,0.01
6957,NS-02-M09,004,R,Seele Vollerei,Honkai Impact,common,1.04,0.01
6958,NS-02-M09,005,R,Collei,Genshin Impact,common,1.04,0.01
6959,NS-02-M09,006,R,Beidou,Genshin Impact,common,1.01,0.01
6960,NS-02-M09,007,R,Fischl,Genshin Impact,common,1.03,0.01
6961,NS-02-M09,008,R,Rikka Takarada,SSSS.GRIDMAN,common,1.02,0.01
6962,NS-02-M09,009,R,Satori Komeiji,Touhou Project,common,1.03,0.01
6963,NS-02-M09,010,R,Mikasa Ackerman,Attack on Titan,epic,3.13,0.03
6964,NS-02-M09,011,R,Sayaka Miki,Puella Magi Madoka Magica,common,1.05,0.01
6965,NS-02-M09,012,R,Miyako Shikimori,Shikimori's Not Just a Cutie,common,1.00,0.01
6966,NS-02-M09,013,R,Asuka Shikinami Langley,Evangelion,common,1.00,0.01
6967,NS-02-M09,014,R,Mercury Suletta,Mobile Suit Gundam: The Witch from Mercury,common,1.02,0.01
6968,NS-02-M09,015,R,Kotori Minami,Love Live!,common,1.01,0.01
6969,NS-02-M09,016,R,Yat Sen,Azur Lane,common,1.04,0.01
6970,NS-02-M09,017,R,Kurumi,Lycoris Recoil,common,1.04,0.01
6971,NS-02-M09,018,R,Eiko Tsukimi,Ya Boy Kongming!,common,1.00,0.01
6972,NS-02-M09,001,PR,Yukihana Lamy,Hololive,common,1.03,12.36
6973,NS-02-M09,002,PR,Morgan le Fay,Fate Series,common,1.05,12.60
6974,NS-02-M09,003,PR,Leonardo Da Vinci,Fate Series,common,1.05,12.60
6975,NS-02-M09,004,PR,Ishtar,Fate Series,common,1.00,12.00
6976,NS-02-M09,005,PR,Rikka Takarada,SSSS.GRIDMAN,common,1.01,12.12
6977,NS-02-M09,006,PR,Miku Nakano,The Quintessential Quintuplets,common,1.05,12.60
6978,NS-02-M09,007,PR,Kamisato Ayaka,Genshin Impact,common,1.03,12.36
6979,NS-02-M09,008,PR,Atago,Azur Lane,common,1.01,12.12
6980,NS-02-M09,009,PR,Unicorn,Azur Lane,common,1.03,12.36
6981,NS-02-M09,010,PR,Laffey,Azur Lane,common,1.01,12.12
6982,NS-02-M09,011,PR,Hermione,Azur Lane,common,1.03,12.36
6983,NS-02-M09,012,PR,Rice Shower,Uma Musume Pretty Derby,common,1.02,12.24
6984,NS-05-M07,001,SZR,Rem,Re:Zero,epic,4.50,112.50
6985,NS-05-M07,002,SZR,Asuna Yuuki,Sword Art Online,legendary,18.34,458.50
6986,NS-05-M07,003,SZR,Rei Ayanami,Evangelion,common,1.02,25.50
6987,NS-05-M07,004,SZR,Eula,Genshin Impact,common,1.05,26.25
6988,NS-05-M07,005,SZR,Hatsune Miku,Vocaloid,common,1.05,26.25
6989,NS-05-M07,006,SZR,St. Louis,Azur Lane,common,1.05,26.25
6990,NS-05-M07,007,SZR,Lucy,Cyberpunk Edgerunners,epic,3.88,97.00
6991,NS-05-M07,008,SZR,Mejiro Ardan,Uma Musume Pretty Derby,common,1.05,26.25
6992,NS-05-M07,009,SZR,Marisa Kirisame,Touhou Project,common,1.00,25.00
6993,NS-05-M07,001,ZR,Takina Inoue,Lycoris Recoil,common,1.00,20.00
6994,NS-05-M07,002,ZR,Chisato Nishikigi,Lycoris Recoil,common,1.02,20.40
6995,NS-05-M07,003,ZR,Ushio Kofune,Summer Time Rendering,common,1.04,20.80
6996,NS-05-M07,004,ZR,Nahida,Genshin Impact,common,1.05,21.00
6997,NS-05-M07,005,ZR,Keke Tang,Love Live!,common,1.05,21.00
6998,NS-05-M07,006,ZR,Anya Forger,Spy X Family,rare,1.81,36.20
6999,NS-05-M07,007,ZR,Yor Forger,Spy X Family,epic,3.87,77.40
7000,NS-05-M07,008,ZR,Ginko Sora,The Ryuo's Work is Never Done,common,1.01,20.20
7001,NS-05-M07,009,ZR,Albedo,Overlord,common,1.01,20.20
7002,NS-05-M07,001,MR,Chisato Nishikigi,Lycoris Recoil,common,1.05,15.75
7003,NS-05-M07,002,MR,Takina Inoue,Lycoris Recoil,common,1.02,15.30
7004,NS-05-M07,003,MR,Kurumi,Lycoris Recoil,common,1.02,15.30
7005,NS-05-M07,004,MR,Tokime,Fuuto Tantei,common,1.05,15.75
7006,NS-05-M07,005,MR,Ushio Kofune,Summer Time Rendering,common,1.00,15.00
7007,NS-05-M07,006,MR,Eiko Tsukimi,Ya Boy Kongming!,common,1.05,15.75
7008,NS-05-M07,007,MR,Hestia,Is It Wrong to Try to Pick Up Girls in a Dungeon?,common,1.04,15.60
7009,NS-05-M07,008,MR,Ryuu Lion,Is It Wrong to Try to Pick Up Girls in a Dungeon?,common,1.02,15.30
7010,NS-05-M07,009,MR,Kei Karuizawa,Classroom of the Elite,rare,1.84,27.60
7011,NS-05-M07,010,MR,Shalltear,Overlord,common,1.02,15.30
7012,NS-05-M07,011,MR,Elaina,The Journey of Elaina,common,1.01,15.15
7013,NS-05-M07,012,MR,Saya,The Journey of Elaina,common,1.04,15.60
7014,NS-05-M07,013,MR,Nilou,Genshin Impact,common,1.02,15.30
7015,NS-05-M07,014,MR,Keqing,Genshin Impact,common,1.05,15.75
7016,NS-05-M07,015,MR,Nicole Demara,ZZZ: Zenless Zone Zero,common,1.00,15.00
7017,NS-05-M07,016,MR,Melusine,Fate Series,common,1.02,15.30
7018,NS-05-M07,017,MR,Azusa Nakano,K-On!,common,1.04,15.60
7019,NS-05-M07,018,MR,Kyoko Kirigiri,Danganronpa,common,1.03,15.45
7020,NS-05-M07,001,INS,Baltimore,Azur Lane,common,1.01,8.08
7021,NS-05-M07,002,INS,Biloxi,Azur Lane,common,1.05,8.40
7022,NS-05-M07,003,INS,Bolzano,Azur Lane,common,1.02,8.16
7023,NS-05-M07,004,INS,Dido,Azur Lane,common,1.00,8.00
7024,NS-05-M07,005,INS,Neptune,Azur Lane,common,1.00,8.00
7025,NS-05-M07,006,INS,Charybdis,Azur Lane,common,1.02,8.16
7026,NS-05-M07,007,INS,Ikazuchi,Azur Lane,common,1.01,8.08
7027,NS-05-M07,008,INS,Ayanami,Azur Lane,common,1.01,8.08
7028,NS-05-M07,009,INS,Roma,Azur Lane,common,1.03,8.24
7029,NS-05-M07,010,INS,Fortune,Azur Lane,common,1.05,8.40
7030,NS-05-M07,011,INS,Chapayev,Azur Lane,common,1.05,8.40
7031,NS-05-M07,012,INS,Jean Bart,Azur Lane,common,1.02,8.16
7032,NS-05-M07,013,INS,Seydlitz,Azur Lane,common,1.00,8.00
7033,NS-05-M07,014,INS,Sirius,Azur Lane,common,1.02,8.16
7034,NS-05-M07,015,INS,Aquila,Azur Lane,common,1.05,8.40
7035,NS-05-M07,016,INS,Eagle,Azur Lane,common,1.02,8.16
7036,NS-05-M07,017,INS,Haruna,Azur Lane,common,1.00,8.00
7037,NS-05-M07,018,INS,Monarch,Azur Lane,common,1.03,8.24
7038,NS-05-M07,001,SSR,Shokuhou Misaki,A Certain Magical Index (Toaru Kagaku no Railgun),common,1.00,2.50
7039,NS-05-M07,002,SSR,Power,Chainsaw Man,epic,3.93,9.83
7040,NS-05-M07,003,SSR,Elysia,Honkai Impact,common,1.00,2.50
7041,NS-05-M07,004,SSR,Herrscher of Flamescion,Honkai Impact,common,1.04,2.60
7042,NS-05-M07,005,SSR,Kuki Shinobu,Genshin Impact,common,1.00,2.50
7043,NS-05-M07,006,SSR,Paimon,Genshin Impact,common,1.01,2.53
7044,NS-05-M07,007,SSR,Amber,Genshin Impact,common,1.01,2.53
7045,NS-05-M07,008,SSR,Shiranui,Onmyoji,common,1.00,2.50
7046,NS-05-M07,009,SSR,Hermione,Azur Lane,common,1.01,2.53
7047,NS-05-M07,010,SSR,Ling,Arknights,common,1.05,2.63
7048,NS-05-M07,011,SSR,Nian,Arknights,common,1.05,2.63
7049,NS-05-M07,012,SSR,Dusk,Arknights,common,1.00,2.50
7050,NS-05-M07,013,SSR,Heidi,Arknights,common,1.01,2.53
7051,NS-05-M07,014,SSR,Astesia,Arknights,common,1.02,2.55
7052,NS-05-M07,015,SSR,Celestia Ludenberg,Danganronpa,common,1.05,2.63
7053,NS-05-M07,016,SSR,Chiaki Nanami,Danganronpa,common,1.01,2.53
7054,NS-05-M07,017,SSR,Shinobu Oshino,Monogatari Series,common,1.02,2.55
7055,NS-05-M07,018,SSR,Yotsugi Ononoki,Monogatari Series,common,1.01,2.53
7056,NS-05-M07,019,SSR,Karen Aijou,Revue Starlight,common,1.02,2.55
7057,NS-05-M07,020,SSR,Hikari Kagura,Revue Starlight,common,1.05,2.63
7058,NS-05-M07,021,SSR,Mei Yoneme,Love Live!,common,1.00,2.50
7059,NS-05-M07,022,SSR,Chisato Arashi,Love Live!,common,1.03,2.58
7060,NS-05-M07,023,SSR,Rina Tennouji,Love Live!,common,1.03,2.58
7061,NS-05-M07,024,SSR,Takane Shijou,The Idolm@ster,common,1.03,2.58
7062,NS-05-M07,025,SSR,Chiyuki Kuwayama,The Idolm@ster,common,1.01,2.53
7063,NS-05-M07,026,SSR,Tenka Osaki,The Idolm@ster,common,1.03,2.58
7064,NS-05-M07,027,SSR,Ranko Kanzaki,The Idolm@ster,common,1.03,2.58
7065,NS-05-M07,001,SR,Vigna,Arknights,common,1.04,0.10
7066,NS-05-M07,002,SR,Tomoyo Daidouji,Cardcaptor Sakura,common,1.00,0.10
7067,NS-05-M07,003,SR,Cirno,Touhou Project,common,1.00,0.10
7068,NS-05-M07,004,SR,Akari Tamba,Assault Lily: Bouquet,common,1.03,0.10
7069,NS-05-M07,005,SR,Kusumi Egawa,Assault Lily: Bouquet,common,1.01,0.10
7070,NS-05-M07,006,SR,Hanabi Yasuraoka,Scum's Wish,common,1.01,0.10
7071,NS-05-M07,007,SR,Yae Miko,Genshin Impact,common,1.00,0.10
7072,NS-05-M07,008,SR,Shizuku Osaka,Love Live!,common,1.03,0.10
7073,NS-05-M07,009,SR,Yu Takasaki,Love Live!,common,1.02,0.10
7074,NS-05-M07,010,SR,Bache,Azur Lane,common,1.04,0.10
7075,NS-05-M07,011,SR,Kitasan Black,Uma Musume Pretty Derby,common,1.05,0.11
7076,NS-05-M07,012,SR,Eishin Flash,Uma Musume Pretty Derby,common,1.04,0.10
7077,NS-05-M07,013,SR,Erato,Arknights,common,1.02,0.10
7078,NS-05-M07,014,SR,Lappland,Arknights,common,1.00,0.10
7079,NS-05-M07,015,SR,Platinum,Arknights,common,1.04,0.10
7080,NS-05-M07,016,SR,Shamare,Arknights,common,1.03,0.10
7081,NS-05-M07,017,SR,Siege,Arknights,common,1.01,0.10
7082,NS-05-M07,018,SR,Saria,Arknights,common,1.03,0.10
7083,NS-05-M07,001,R,Shizu Delta,Overlord,common,1.04,0.01
7084,NS-05-M07,002,R,Alina Gray,Magia Record: Puella Magi Madoka Magica Side Story,common,1.04,0.01
7085,NS-05-M07,003,R,Shizuku Hozumi,Magia Record: Puella Magi Madoka Magica Side Story,common,1.04,0.01
7086,NS-05-M07,004,R,Aqua,God's Blessing on this Wonderful World! (KonoSuba),epic,4.79,0.05
7087,NS-05-M07,005,R,Alice Margatroid,Touhou Project,common,1.04,0.01
7088,NS-05-M07,006,R,Sanae Kochiya,Touhou Project,common,1.02,0.01
7089,NS-05-M07,007,R,Reimu Hakurei,Touhou Project,common,1.01,0.01
7090,NS-05-M07,008,R,Marisa Kirisame,Touhou Project,common,1.04,0.01
7091,NS-05-M07,009,R,Reina Kousaka,Sound! Euphonium,common,1.04,0.01
7092,NS-05-M07,010,R,Popura Taneshima,Working!!,common,1.01,0.01
7093,NS-05-M07,011,R,Rias Gremory,High School DxD,common,1.03,0.01
7094,NS-05-M07,012,R,Kosaki Onodera,Nisekoi,common,1.02,0.01
7095,NS-05-M07,013,R,Ami Mizuno (Sailor Mercury),Sailor Moon,common,1.00,0.01
7096,NS-05-M07,014,R,Rockrock,Arknights,common,1.05,0.01
7097,NS-05-M07,015,R,Meteorite,Arknights,common,1.04,0.01
7098,NS-05-M07,016,R,Ritsuko Akizuki,The Idolm@ster,common,1.01,0.01
7099,NS-05-M07,017,R,Makoto Kikuchi,The Idolm@ster,common,1.02,0.01
7100,NS-05-M07,018,R,Alisa Reinford,The Legend of Heroes: Trails of Cold Steel,common,1.03,0.01
7101,NS-05-M07,001,XR,Ningguang,Genshin Impact,common,1.00,20.00
7102,NS-05-M07,002,XR,Lumine,Genshin Impact,common,1.04,20.80
7103,NS-05-M07,003,XR,Nilou,Genshin Impact,common,1.04,20.80
7104,NS-05-M07,004,XR,Alice Zuberg,Sword Art Online,rare,1.66,33.20
7105,NS-05-M07,005,XR,Satono Diamond,Uma Musume Pretty Derby,common,1.02,20.40
7106,NS-05-M07,006,XR,Kama,Fate Series,common,1.02,20.40
7107,NS-05-M07,007,XR,Victorious,Azur Lane,common,1.04,20.80
7108,NS-05-M07,008,XR,Hatsune Miku,Vocaloid,common,1.02,20.40
7109,NS-05-M07,009,XR,Yae Sakura,Honkai Impact,common,1.05,21.00
7110,NS-05-M07,001,PR,Anya Forger,Spy X Family,rare,1.85,22.20
7111,NS-05-M07,002,PR,Anya Forger,Spy X Family,rare,1.85,22.20
7112,NS-05-M07,003,PR,Anya Forger,Spy X Family,rare,1.54,18.48
7113,NS-05-M07,004,PR,Anya Forger,Spy X Family,rare,1.64,19.68
7114,NS-05-M07,005,PR,Anya Forger,Spy X Family,rare,1.57,18.84
7115,NS-05-M07,006,PR,Anya Forger,Spy X Family,rare,1.54,18.48
7116,NS-05-M07,007,PR,Loid Forger,Spy X Family,rare,1.61,19.32
7117,NS-05-M07,008,PR,Yuri Briar,Spy X Family,rare,1.89,22.68
7118,NS-05-M07,009,PR,Anya Forger,Spy X Family,rare,1.99,23.88
7119,NS-05-M07,010,PR,Anya Forger,Spy X Family,rare,1.99,23.88
7120,NS-05-M07,011,PR,Anya Forger,Spy X Family,rare,1.65,19.80
7121,NS-05-M07,012,PR,Anya Forger,Spy X Family,rare,1.66,19.92
7161,NS-10-M02,001,SP,Eula,Genshin Impact,common,1.05,26.25
7162,NS-10-M02,002,SP,Klee,Genshin Impact,common,1.04,26.00
7163,NS-10-M02,003,SP,Jean,Genshin Impact,common,1.01,25.25
7164,NS-10-M02,004,SP,Yoimiya,Genshin Impact,common,1.01,25.25
7165,NS-10-M02,005,SP,Keqing,Genshin Impact,common,1.03,25.75
7166,NS-10-M02,006,SP,Ganyu,Genshin Impact,common,1.03,25.75
7167,NS-10-M02,007,SP,Kamisato Ayaka,Genshin Impact,common,1.01,25.25
7168,NS-10-M02,008,SP,Raiden Shogun,Genshin Impact,common,1.03,25.75
7169,NS-10-M02,009,SP,Hu Tao,Genshin Impact,common,1.04,26.00
7170,NS-10-M02,010,BGL,Kagome Higurashi,Inuyasha,common,1.01,75.75
7171,NS-10-M02,011,BGL,Taiga Aisaka,Toradora,common,1.02,76.50
7172,NS-10-M02,012,BGL,Chiyo Sakura,Monthly Girl's Nozaki-kun,common,1.05,78.75
7173,NS-10-M02,013,BGL,Boa Hancock,One Piece,epic,3.99,299.25
7174,NS-10-M02,014,BGL,Tohru,Miss Kobayashi's Dragon Maid,epic,4.62,346.50
7175,NS-10-M02,015,BGL,Zero Two,Darling in the Franxx,epic,4.60,345.00
7176,NS-10-M02,016,BGL,Hinata Hyuga,Naruto Series,epic,4.71,353.25
7177,NS-10-M02,017,BGL,Kyouko Hori,Horimiya,common,1.00,75.00
7178,NS-10-M02,018,BGL,Reze,Chainsaw Man,epic,4.22,316.50
7179,NS-10-M02,019,MR,Hatsune Miku,Vocaloid,common,1.00,15.00
7180,NS-10-M02,020,MR,Kizuna AI,VTuber,common,1.00,15.00
7181,NS-10-M02,021,MR,M4 SOPMOD II,Girls' Frontline,common,1.05,15.75
7182,NS-10-M02,022,MR,Rei Ayanami,Evangelion,common,1.03,15.45
7183,NS-10-M02,023,MR,Keqing,Genshin Impact,common,1.05,15.75
7184,NS-10-M02,024,MR,Mashu Kyrielight,Fate Series,common,1.00,15.00
7185,NS-10-M02,025,MR,Eustiana von Astraea (Pecorine),Princess Connect Re:Dive,common,1.04,15.60
7186,NS-10-M02,026,MR,Reimu Hakurei,Touhou Project,common,1.01,15.15
7187,NS-10-M02,027,MR,Shimakaze,Kantai Collection,common,1.04,15.60
7188,NS-10-M02,028,MR,Rem,Re:Zero,epic,4.25,63.75
7189,NS-10-M02,029,MR,Ram,Re:Zero,epic,4.16,62.40
7190,NS-10-M02,030,MR,Emilia,Re:Zero,epic,5.00,75.00
7191,NS-10-M02,031,MR,Ai Hinatsuru,The Ryuo's Work is Never Done,common,1.04,15.60
7192,NS-10-M02,032,MR,Dusk,Arknights,common,1.05,15.75
7193,NS-10-M02,033,MR,Takagi-san,Teasing Master Takagi-san,common,1.04,15.60
7194,NS-10-M02,034,MR,Hiei,Azur Lane,common,1.04,15.60
7195,NS-10-M02,035,MR,Aki Adagaki,Masamune-kun's Revenge,common,1.00,15.00
7196,NS-10-M02,036,MR,Seele Vollerei,Honkai Impact,common,1.04,15.60
7197,NS-10-M02,037,FR,Illustrious,Azur Lane,common,1.03,0.36
7198,NS-10-M02,038,FR,Sirius,Azur Lane,common,1.03,0.36
7199,NS-10-M02,039,FR,Aurora,Azur Lane,common,1.03,0.36
7200,NS-10-M02,040,FR,Belfast,Azur Lane,common,1.02,0.36
7201,NS-10-M02,041,FR,Swiftsure,Azur Lane,common,1.01,0.35
7202,NS-10-M02,042,FR,Unicorn,Azur Lane,common,1.04,0.36
7203,NS-10-M02,043,FR,Vampire,Azur Lane,common,1.02,0.36
7204,NS-10-M02,044,FR,Bremerton,Azur Lane,common,1.04,0.36
7205,NS-10-M02,045,FR,St. Louis,Azur Lane,common,1.02,0.36
7206,NS-10-M02,046,FR,Taihou,Azur Lane,common,1.05,0.37
7207,NS-10-M02,047,FR,Hanazuki,Azur Lane,common,1.03,0.36
7208,NS-10-M02,048,FR,Kashino,Azur Lane,common,1.04,0.36
7209,NS-10-M02,049,FR,Azuma,Azur Lane,common,1.05,0.37
7210,NS-10-M02,050,FR,Shinano,Azur Lane,common,1.04,0.36
7211,NS-10-M02,051,FR,Saint Louis,Azur Lane,common,1.04,0.36
7212,NS-10-M02,052,FR,OTs-14,Girls' Frontline,common,1.03,0.36
7213,NS-10-M02,053,FR,PA-15,Girls' Frontline,common,1.01,0.35
7214,NS-10-M02,054,FR,Type 95,Girls' Frontline,common,1.01,0.35
7215,NS-10-M02,055,FR,Type 97,Girls' Frontline,common,1.01,0.35
7216,NS-10-M02,056,FR,W,Arknights,common,1.02,0.36
7217,NS-10-M02,057,FR,Ch'en,Arknights,common,1.00,0.35
7218,NS-10-M02,058,FR,Willow,Girls' Frontline,common,1.04,0.36
7219,NS-10-M02,059,FR,Pyra,Xenoblade,common,1.05,0.37
7220,NS-10-M02,060,FR,Herrscher of Sentience,Honkai Impact,common,1.02,0.36
7221,NS-10-M02,061,FR,Yae Sakura,Honkai Impact,common,1.02,0.36
7222,NS-10-M02,062,FR,Yang Guifei,Fate Series,common,1.04,0.36
7223,NS-10-M02,063,FR,Scathach,Fate Series,common,1.01,0.35
7224,NS-10-M02,064,FR,Alice Margatroid,Touhou Project,common,1.00,0.35
7225,NS-10-M02,065,FR,Toyosatomimi no Miko,Touhou Project,common,1.03,0.36
7226,NS-10-M02,066,FR,Keine Kamishirasawa,Touhou Project,common,1.05,0.37
7227,NS-10-M02,067,FR,Hong Meiling,Touhou Project,common,1.03,0.36
7228,NS-10-M02,068,FR,Sakuya Izayoi,Touhou Project,common,1.01,0.35
7229,NS-10-M02,069,FR,Sanae Kochiya,Touhou Project,common,1.03,0.36
7230,NS-10-M02,070,FR,Luo Tianyi,Vocaloid,common,1.02,0.36
7231,NS-10-M02,071,FR,Ganyu,Genshin Impact,common,1.04,0.36
7232,NS-10-M02,072,FR,Ningguang,Genshin Impact,common,1.00,0.35
7233,NS-10-M02,073,SSR,Amiya,Arknights,common,1.01,2.53
7234,NS-10-M02,074,SSR,Blaze,Arknights,common,1.05,2.63
7235,NS-10-M02,075,SSR,Magallan,Arknights,common,1.02,2.55
7236,NS-10-M02,076,SSR,Mostima,Arknights,common,1.05,2.63
7237,NS-10-M02,077,SSR,Surtr,Arknights,common,1.05,2.63
7238,NS-10-M02,078,SSR,Ceobe,Arknights,common,1.04,2.60
7239,NS-10-M02,079,SSR,Manticore,Arknights,common,1.03,2.58
7240,NS-10-M02,080,SSR,Tomimi,Arknights,common,1.00,2.50
7241,NS-10-M02,081,SSR,Frostleaf,Arknights,common,1.02,2.55
7242,NS-10-M02,082,SSR,Anastasia,The Idolm@ster,common,1.01,2.53
7243,NS-10-M02,083,SSR,Chiyo Shirayuki,The Idolm@ster,common,1.00,2.50
7244,NS-10-M02,084,SSR,Riamu Yumemi,The Idolm@ster,common,1.05,2.63
7245,NS-10-M02,085,SSR,Rin Shibuya,The Idolm@ster,common,1.01,2.53
7246,NS-10-M02,086,SSR,Rinze Morino,The Idolm@ster,common,1.03,2.58
7247,NS-10-M02,087,SSR,Fuyuko Mayuzumi,The Idolm@ster,common,1.02,2.55
7248,NS-10-M02,088,SSR,Madoka Higuchi,The Idolm@ster,common,1.03,2.58
7249,NS-10-M02,089,SSR,Natsuha Arisugawa,The Idolm@ster,common,1.04,2.60
7250,NS-10-M02,090,SSR,Makoto Kikuchi,The Idolm@ster,common,1.04,2.60
7251,NS-10-M02,091,SSR,Amber,Genshin Impact,common,1.02,2.55
7252,NS-10-M02,092,SSR,Fischl,Genshin Impact,common,1.03,2.58
7253,NS-10-M02,093,SSR,Rosaria,Genshin Impact,common,1.00,2.50
7254,NS-10-M02,094,SSR,Noelle,Genshin Impact,common,1.02,2.55
7255,NS-10-M02,095,SSR,Eula,Genshin Impact,common,1.00,2.50
7256,NS-10-M02,096,SSR,Mona,Genshin Impact,common,1.04,2.60
7257,NS-10-M02,097,SSR,Yanfei,Genshin Impact,common,1.01,2.53
7258,NS-10-M02,098,SSR,Kamisato Ayaka,Genshin Impact,common,1.03,2.58
7259,NS-10-M02,099,SSR,Sayu,Genshin Impact,common,1.03,2.58
7260,NS-10-M02,100,SSR,Kiruya Momochi (Kyaru),Princess Connect Re:Dive,common,1.03,2.58
7261,NS-10-M02,101,SSR,Kokoro Natsume (Kokkoro),Princess Connect Re:Dive,common,1.03,2.58
7262,NS-10-M02,102,SSR,Suzuna Minami,Princess Connect Re:Dive,common,1.04,2.60
7263,NS-10-M02,103,SSR,Saren Sasaki,Princess Connect Re:Dive,common,1.00,2.50
7264,NS-10-M02,104,SSR,Yori Kazemiya,Princess Connect Re:Dive,common,1.05,2.63
7265,NS-10-M02,105,SSR,Makoto Aki,Princess Connect Re:Dive,common,1.02,2.55
7266,NS-10-M02,106,SSR,Yui Kusano,Princess Connect Re:Dive,common,1.02,2.55
7267,NS-10-M02,107,SSR,Maho Himemiya,Princess Connect Re:Dive,common,1.02,2.55
7268,NS-10-M02,108,SSR,Shiori Kashiwazaki,Princess Connect Re:Dive,common,1.05,2.63
7269,NS-10-M02,109,SR,Yukina Minato,BanG Dream!,common,1.03,0.10
7270,NS-10-M02,110,SR,Ran Mitake,BanG Dream!,common,1.03,0.10
7271,NS-10-M02,111,SR,Aya Maruyama,BanG Dream!,common,1.02,0.10
7272,NS-10-M02,112,SR,Ai Hayasaka,Kaguya-sama: Love is War,epic,3.96,0.40
7273,NS-10-M02,113,SR,Kei Shirogane,Kaguya-sama: Love is War,epic,4.65,0.47
7274,NS-10-M02,114,SR,Chika Fujiwara,Kaguya-sama: Love is War,epic,3.71,0.37
7275,NS-10-M02,115,SR,Atago,Azur Lane,common,1.00,0.10
7276,NS-10-M02,116,SR,Yukina Himeragi,Strike the Blood,common,1.00,0.10
7277,NS-10-M02,117,SR,Shokuhou Misaki,A Certain Magical Index (Toaru Kagaku no Railgun),common,1.00,0.10
7278,NS-10-M02,118,SR,Elf Yamada,Eromanga Sensei,common,1.00,0.10
7279,NS-10-M02,119,SR,Aegir,Azur Lane,common,1.05,0.11
7280,NS-10-M02,120,SR,Altina Orion,The Legend of Heroes: Trails of Cold Steel,common,1.02,0.10
7281,NS-10-M02,121,SR,Jibril,No Game No Life,epic,4.10,0.41
7282,NS-10-M02,122,SR,Kirari Momobami,Kakegurui,epic,4.96,0.50
7283,NS-10-M02,123,SR,Shinku,Rozen Maiden,common,1.05,0.11
7284,NS-10-M02,124,SR,Tokai Teio,Uma Musume Pretty Derby,common,1.03,0.10
7285,NS-10-M02,125,SR,Mihono Bourbon,Uma Musume Pretty Derby,common,1.01,0.10
7286,NS-10-M02,126,SR,Daiwa Scarlet,Uma Musume Pretty Derby,common,1.03,0.10
7287,NS-10-M02,127,SR,Mejiro McQueen,Uma Musume Pretty Derby,common,1.01,0.10
7288,NS-10-M02,128,SR,Meisho Doto,Uma Musume Pretty Derby,common,1.05,0.11
7289,NS-10-M02,129,SR,Mayano Top Gun,Uma Musume Pretty Derby,common,1.04,0.10
7290,NS-10-M02,130,SR,Meimi Haneoka,Saint Tail,common,1.01,0.10
7291,NS-10-M02,131,SR,Nozomi Kiriya,Mayoi Neko Overrun!,common,1.00,0.10
7292,NS-10-M02,132,SR,Zero,Grimoire of Zero,common,1.04,0.10
7293,NS-10-M02,133,SR,Ayla,,common,1.00,0.10
7294,NS-10-M02,134,SR,Lucia,Punishing: Gray Raven,common,1.00,0.10
7295,NS-10-M02,135,SR,Selena,Punishing: Gray Raven,common,1.02,0.10
7296,NS-10-M02,136,SR,MK23,Girls' Frontline,common,1.03,0.10
7297,NS-10-M02,137,SR,9A-91,Girls' Frontline,common,1.00,0.10
7298,NS-10-M02,138,SR,Suomi,Girls' Frontline,common,1.03,0.10
7299,NS-10-M02,139,SR,R0636,Girls' Frontline,common,1.01,0.10
7300,NS-10-M02,140,SR,Springfield,Girls' Frontline,common,1.04,0.10
7301,NS-10-M02,141,SR,Thunder,Girls' Frontline,common,1.03,0.10
7302,NS-10-M02,142,SR,Marnie,Pokemon,common,1.04,0.10
7303,NS-10-M02,143,SR,Haxxor Bunny Bronie,Honkai Impact,common,1.01,0.10
7304,NS-10-M02,144,SR,Merlin,Fate Series,common,1.03,0.10
7305,NS-10-M02,001,PR,Ereshkigal,Fate Series,common,1.01,12.12
7306,NS-10-M02,002,PR,Ishtar,Fate Series,common,1.05,12.60
7307,NS-10-M02,003,PR,Yui Hirasawa,K-On!,common,1.01,12.12
7308,NS-10-M02,004,PR,Madoka Kaname,Puella Magi Madoka Magica,common,1.05,12.60
7309,NS-10-M02,005,PR,Akemi Homura,Puella Magi Madoka Magica,common,1.03,12.36
7310,NS-10-M02,006,PR,Mio Akiyama,K-On!,common,1.02,12.24
7311,NS-10-M02,007,PR,Lumine,Genshin Impact,common,1.00,12.00
7312,NS-10-M02,008,PR,Keqing,Genshin Impact,common,1.03,12.36
7313,NS-10-M02,009,PR,Ui Hirasawa,K-On!,common,1.02,12.24
7314,NS-10-M02,010,PR,Cidala,Granblue Fantasy,common,1.05,12.60
7315,NS-10-M02,011,PR,Cidala,Granblue Fantasy,common,1.01,12.12
7316,NS-10-M02,012,PR,Tsumugi Kotobuki,K-On!,common,1.03,12.36
7317,NS-10-M02,013,PR,Musashi,Kantai Collection,common,1.05,12.60
7318,NS-10-M02,014,PR,Yamato,Kantai Collection,common,1.04,12.48
7319,NS-10-M02,015,PR,Ritsu Tainaka,K-On!,common,1.00,12.00
7320,NS-10-M02,016,PR,Yuudachi,Kantai Collection,common,1.03,12.36
7321,NS-10-M02,017,PR,Shigure,Kantai Collection,common,1.01,12.12
7322,NS-10-M02,018,PR,Azusa Nakano,K-On!,common,1.00,12.00
7323,NS-10-M02,001,BW,Misaka Mikoto,A Certain Magical Index (Toaru Kagaku no Railgun),common,1.00,25.00
7324,NS-10-M02,002,BW,Ruri Gokou,OreImo,common,1.01,25.25
7325,NS-10-M02,003,BW,Eru Chitanda,Hyouka,common,1.01,25.25
7326,NS-10-M02,004,BW,Shana,Shakugan no Shana,common,1.04,26.00
7327,NS-10-M02,005,BW,Sakura Kinomoto,Cardcaptor Sakura,common,1.03,25.75
7328,NS-10-M02,006,BW,Megumi Kato,Saekano: How to Raise a Boring Girlfriend,common,1.04,26.00
7329,NS-10-M02,007,BW,Rem,Re:Zero,epic,3.26,81.50
7330,NS-10-M02,008,BW,Violet Evergarden,Violet Evergarden,common,1.00,25.00
7331,NS-10-M02,009,BW,Yukino Yukinoshita,My Youth Romantic Comedy Is Wrong As I Expected,common,1.00,25.00
7332,NS-10,001,SER,Red Rose,Original,common,1.01,5.05
7333,NS-10,002,SER,Red Camellia,Original,common,1.03,5.15
7334,NS-10,003,SER,Pink Rose,Original,common,1.02,5.10
7335,NS-10,001,SSR,Artoria Pendragon (Saber),Fate Series,common,1.00,2.50
7336,NS-10,002,SSR,Ai Hoshino,Oshi No Ko (My idol's Child),common,1.00,2.50
7337,NS-10,003,SSR,Asuka Shikinami Langley,Evangelion,common,1.01,2.53
7338,NS-10,004,SSR,Eriri Spencer Sawamura,Saekano: How to Raise a Boring Girlfriend,common,1.02,2.55
7339,NS-10,005,SSR,Seele,Honkai: Star Rail,common,1.01,2.53
7340,NS-10,006,SSR,March 7th,Honkai: Star Rail,common,1.02,2.55
7341,NS-10,007,SSR,Silver Wolf,Honkai: Star Rail,common,1.03,2.58
7342,NS-10,008,SSR,Herta,Honkai: Star Rail,common,1.00,2.50
7343,NS-10,009,SSR,Clara,Honkai: Star Rail,common,1.01,2.53
7344,NS-10,010,SSR,Herrscher of Sentience,Honkai Impact,common,1.03,2.58
7345,NS-10,011,SSR,Kujou Sara,Genshin Impact,common,1.04,2.60
7346,NS-10,012,SSR,Yoimiya,Genshin Impact,common,1.04,2.60
7347,NS-10,013,SSR,Kirara,Genshin Impact,common,1.01,2.53
7348,NS-10,014,SSR,Yanfei,Genshin Impact,common,1.03,2.58
7349,NS-10,015,SSR,Baobhan Sith,Fate Series,common,1.01,2.53
7350,NS-10,016,SSR,Kisaki,Blue Archive,common,1.05,2.63
7351,NS-10,017,SSR,Irene,Arknights,common,1.02,2.55
7352,NS-10,018,SSR,Amiya,Arknights,common,1.04,2.60
7353,NS-10,001,SCR,Kokomi Sangonomiya,Genshin Impact,common,1.04,1.30
7354,NS-10,002,SCR,Lumine,Genshin Impact,common,1.03,1.29
7355,NS-10,003,SCR,Rem,Re:Zero,epic,4.81,6.01
7356,NS-10,004,SCR,Ahri,League of Legends,common,1.05,1.31
7357,NS-10,005,SCR,Sushang,Honkai: Star Rail,common,1.00,1.25
7358,NS-10,006,SCR,Arona,Blue Archive,common,1.04,1.30
7359,NS-10,007,SCR,Asta,Honkai: Star Rail,common,1.04,1.30
7360,NS-10,008,SCR,Kana Arima,Oshi No Ko (My idol's Child),common,1.04,1.30
7361,NS-10,009,SCR,Liko,Pokemon,common,1.01,1.26
7362,NS-10,010,SCR,Mika Misono,Blue Archive,common,1.03,1.29
7363,NS-10,011,SCR,Hayase Yuuka,Blue Archive,common,1.01,1.26
7364,NS-10,012,SCR,Kyoyama Kazusa,Blue Archive,common,1.00,1.25
7365,NS-10,013,SCR,Shirasu Azusa,Blue Archive,common,1.05,1.31
7366,NS-10,014,SCR,Cirno,Touhou Project,common,1.00,1.25
7367,NS-10,015,SCR,Tokoyami Towa,Hololive,common,1.03,1.29
7368,NS-10,016,SCR,Tomimi,Arknights,common,1.02,1.27
7369,NS-10,017,SCR,Hoshimachi Suisei,Hololive,common,1.00,1.25
7370,NS-10,018,SCR,Fu Xuan,Honkai: Star Rail,common,1.01,1.26
7371,NS-10,001,SR,Anya Forger,Spy X Family,rare,1.55,0.16
7372,NS-10,002,SR,Yor Forger,Spy X Family,epic,4.29,0.43
7373,NS-10,003,SR,Hitori Gotou,Bocchi the Rock!,common,1.04,0.10
7374,NS-10,004,SR,Nijika Ijichi,Bocchi the Rock!,common,1.03,0.10
7375,NS-10,005,SR,Ryou Yamada,Bocchi the Rock!,common,1.04,0.10
7376,NS-10,006,SR,Ikuyo Kita,Bocchi the Rock!,common,1.03,0.10
7377,NS-10,007,SR,Elysia,Honkai Impact,common,1.02,0.10
7378,NS-10,008,SR,Takina Inoue,Lycoris Recoil,common,1.05,0.11
7379,NS-10,009,SR,Chisato Nishikigi,Lycoris Recoil,common,1.01,0.10
7380,NS-10,010,SR,Surtr,Arknights,common,1.03,0.10
7381,NS-10,011,SR,Raiden Shogun,Genshin Impact,common,1.02,0.10
7382,NS-10,012,SR,Yae Miko,Genshin Impact,common,1.03,0.10
7383,NS-10,013,SR,Dehya,Genshin Impact,common,1.02,0.10
7384,NS-10,014,SR,Barbara,Genshin Impact,common,1.02,0.10
7385,NS-10,015,SR,Xiangling,Genshin Impact,common,1.03,0.10
7386,NS-10,016,SR,Mona,Genshin Impact,common,1.00,0.10
7387,NS-10,017,SR,Haine,Summer Time Rendering,common,1.04,0.10
7388,NS-10,018,SR,Rikka Takarada,SSSS.GRIDMAN,common,1.04,0.10
7389,NS-10,019,SR,Violet Evergarden,Violet Evergarden,common,1.05,0.11
7390,NS-10,020,SR,Haruhi Suzumiya,The Melancholy of Haruhi Suzumiya,common,1.02,0.10
7391,NS-10,021,SR,Power,Chainsaw Man,epic,4.86,0.49
7392,NS-10,022,SR,2B,NieR: Automata,epic,4.29,0.43
7393,NS-10,023,SR,Mercury Suletta,Mobile Suit Gundam: The Witch from Mercury,common,1.02,0.10
7394,NS-10,024,SR,Mitsuri Kanroji,Demon Slayer (Kimetsu no Yaiba),epic,3.64,0.36
7395,NS-10,025,SR,Shinonome Ena,Project SEKAI,common,1.02,0.10
7396,NS-10,026,SR,Yoisaki Kanade,Project SEKAI,common,1.03,0.10
7397,NS-10,027,SR,Yukari Yakumo,Touhou Project,common,1.02,0.10
7398,NS-10,028,SR,Fujiwara no Mokou,Touhou Project,common,1.02,0.10
7399,NS-10,029,SR,Ui,Blue Archive,common,1.02,0.10
7400,NS-10,030,SR,Iochi Mari,Blue Archive,common,1.01,0.10
7401,NS-10,031,SR,Kiyosumi Akira,Blue Archive,common,1.03,0.10
7402,NS-10,032,SR,Kyoko Kirigiri,Danganronpa,common,1.01,0.10
7403,NS-10,033,SR,Amane Kanata,Hololive,common,1.04,0.10
7404,NS-10,034,SR,Houshou Marine,Hololive,common,1.00,0.10
7405,NS-10,035,SR,Nanashi Mumei,Hololive,common,1.00,0.10
7406,NS-10,036,SR,Janus,Azur Lane,common,1.01,0.10
7407,NS-10,001,CR,Flandre Scarlet,Touhou Project,common,1.05,0.26
7408,NS-10,002,CR,Sakuya Izayoi,Touhou Project,common,1.01,0.25
7409,NS-10,003,CR,Nero Claudius,Fate Series,common,1.03,0.26
7410,NS-10,004,CR,Misa Amane,Death Note,epic,4.49,1.12
7411,NS-10,005,CR,Inori Yuzuriha,Guilty Crown,common,1.04,0.26
7412,NS-10,006,CR,Shana,Shakugan no Shana,common,1.02,0.26
7413,NS-10,007,CR,Violet Evergarden,Violet Evergarden,common,1.05,0.26
7414,NS-10,008,CR,Tamako Kitashirakawa,Tamako Market,common,1.00,0.25
7415,NS-10,009,CR,Umaru Doma,Himouto! Umaru-chan,common,1.04,0.26
7416,NS-10,010,CR,Taiga Aisaka,Toradora,common,1.01,0.25
7417,NS-10,011,CR,Kurumi Tokisaki,Date A Live,common,1.03,0.26
7418,NS-10,012,CR,Tohka Yatogami,Date A Live,common,1.03,0.26
7419,NS-10,013,CR,Madoka Kaname,Puella Magi Madoka Magica,common,1.05,0.26
7420,NS-10,014,CR,Sagiri Izumi,Eromanga Sensei,common,1.00,0.25
7421,NS-10,015,CR,Columbina,Genshin Impact,common,1.01,0.25
7422,NS-10,016,CR,Stella,Honkai: Star Rail,common,1.02,0.26
7423,NS-10,017,CR,Rinze Morino,The Idolm@ster,common,1.05,0.26
7424,NS-10,018,CR,Amau Ako,Blue Archive,common,1.01,0.25
7425,NS-10,001,R,Rikka Takanashi,"Love, Chunibyo & Other Delusions!",common,1.02,0.01
7426,NS-10,002,R,Zero Two,Darling in the Franxx,epic,4.74,0.05
7427,NS-10,003,R,Yume Minami,SSSS.DYNAZENON,common,1.05,0.01
7428,NS-10,004,R,Mai Sakurajima,Rascal Does Not Dream Of Bunny Girl Senpai,common,1.05,0.01
7429,NS-10,005,R,Akemi Homura,Puella Magi Madoka Magica,common,1.02,0.01
7430,NS-10,006,R,Miorine Rembran,Mobile Suit Gundam: The Witch from Mercury,common,1.05,0.01
7431,NS-10,007,R,Rimuru Tempest,That Time I Got Reincarnated as a Slime,epic,3.35,0.03
7432,NS-10,008,R,Elaina,The Journey of Elaina,common,1.03,0.01
7433,NS-10,009,R,Skadi the Corrupting Heart,Arknights,common,1.03,0.01
7434,NS-10,010,R,Sayu,Genshin Impact,common,1.02,0.01
7435,NS-10,011,R,Tokai Teio,Uma Musume Pretty Derby,common,1.02,0.01
7436,NS-10,012,R,Oguri Cap,Uma Musume Pretty Derby,common,1.00,0.01
7437,NS-10,013,R,Kayoko Onikata,Blue Archive,common,1.04,0.01
7438,NS-10,014,R,Yuzu Hanaoka,Blue Archive,common,1.00,0.01
7439,NS-10,015,R,Tenshi Hinanawi,Touhou Project,common,1.05,0.01
7440,NS-10,016,R,Gawr Gura,Hololive,common,1.05,0.01
7441,NS-10,017,R,KAngel,Needy Streamer Overload,common,1.00,0.01
7442,NS-10,018,R,Ame-chan ,Needy Streamer Overload,common,1.00,0.01
7563,NS-02-M10,001,R,C.C.,Code Geass,common,1.04,0.01
7564,NS-02-M10,002,R,Mashiro Shiina,The Pet Girl of Sakurasou,common,1.02,0.01
7565,NS-02-M10,003,R,Azusa Nakano,K-On!,common,1.01,0.01
7566,NS-02-M10,004,R,Sayu Ogiwara,"Higehiro: After Being Rejected, I Shaved and Took in a High School Runaway",common,1.05,0.01
7567,NS-02-M10,005,R,Aki Adagaki,Masamune-kun's Revenge,common,1.01,0.01
7568,NS-02-M10,006,R,Chtholly Nota Seniorious,WorldEnd: What do you do at the end of the world? Are you busy? Will you save us?,common,1.00,0.01
7569,NS-02-M10,007,R,Isla,Plastic Memories,common,1.00,0.01
7570,NS-02-M10,008,R,Misaka Mikoto,A Certain Magical Index (Toaru Kagaku no Railgun),common,1.05,0.01
7571,NS-02-M10,009,R,Kuroko Shirai,A Certain Magical Index (Toaru Kagaku no Railgun),common,1.04,0.01
7572,NS-02-M10,010,R,Ginko Sora,The Ryuo's Work is Never Done,common,1.01,0.01
7573,NS-02-M10,011,R,Ai Hinatsuru,The Ryuo's Work is Never Done,common,1.03,0.01
7574,NS-02-M10,012,R,Ai Yashajin,The Ryuo's Work is Never Done,common,1.02,0.01
7575,NS-02-M10,013,R,Shouko Komi,Komi Can't Communicate,epic,4.41,0.04
7576,NS-02-M10,014,R,Shinka Nibutani,"Love, Chunibyo & Other Delusions!",common,1.02,0.01
7577,NS-02-M10,015,R,Sanae Dekomori,"Love, Chunibyo & Other Delusions!",common,1.01,0.01
7578,NS-02-M10,016,R,Satone Shichimiya,"Love, Chunibyo & Other Delusions!",common,1.03,0.01
7579,NS-02-M10,017,R,Kayoko Onikata,Blue Archive,common,1.01,0.01
7580,NS-02-M10,018,R,Nero Claudius,Fate Series,common,1.04,0.01
7581,NS-02-M10,001,CR,Aqua,God's Blessing on this Wonderful World! (KonoSuba),epic,4.28,1.07
7582,NS-02-M10,004,CR,Marin Kitagawa,My Dress-Up Darling,epic,3.73,0.93
7583,NS-02-M10,007,CR,Elaina,The Journey of Elaina,common,1.04,0.26
7584,NS-02-M10,010,CR,Chika Fujiwara,Kaguya-sama: Love is War,epic,3.87,0.97
7585,NS-02-M10,013,CR,Sora Kasugano,Yosuga no Sora,common,1.00,0.25
7586,NS-02-M10,016,CR,Kanna Kamui,Miss Kobayashi's Dragon Maid,epic,4.80,1.20
7587,NS-02-M10,002,CR,Megumin,God's Blessing on this Wonderful World! (KonoSuba),epic,4.77,1.19
7588,NS-02-M10,005,CR,Kaori Miyazono,Your Lie in April,common,1.02,0.26
7589,NS-02-M10,008,CR,Miyako Shikimori,Shikimori's Not Just a Cutie,common,1.01,0.25
7590,NS-02-M10,011,CR,Kisara,Engage Kiss,common,1.05,0.26
7591,NS-02-M10,014,CR,Utaha Kasumigaoka,Saekano: How to Raise a Boring Girlfriend,common,1.02,0.26
7592,NS-02-M10,017,CR,Raiden Shogun,Genshin Impact,common,1.02,0.26
7593,NS-02-M10,003,CR,Chiyo Sakura,Monthly Girl's Nozaki-kun,common,1.02,0.26
7594,NS-02-M10,006,CR,Gabriel Tenma White,Gabriel DropOut,common,1.05,0.26
7595,NS-02-M10,009,CR,Siesta,The Detective is Already Dead,common,1.03,0.26
7596,NS-02-M10,012,CR,Nao Tomori,Charlotte,common,1.01,0.25
7597,NS-02-M10,015,CR,Megumi Kato,Saekano: How to Raise a Boring Girlfriend,common,1.00,0.25
7598,NS-02-M10,018,CR,Kirara,Genshin Impact,common,1.04,0.26
7599,NS-02-M10,001,SR,Nahida,Genshin Impact,common,1.00,0.10
7600,NS-02-M10,002,SR,Lumine,Genshin Impact,common,1.03,0.10
7601,NS-02-M10,003,SR,Emilia,Re:Zero,epic,3.21,0.32
7602,NS-02-M10,004,SR,Takina Inoue,Lycoris Recoil,common,1.05,0.11
7603,NS-02-M10,005,SR,Chisato Nishikigi,Lycoris Recoil,common,1.04,0.10
7604,NS-02-M10,006,SR,Anya Forger,Spy X Family,rare,1.63,0.16
7605,NS-02-M10,007,SR,Yor Forger,Spy X Family,epic,3.10,0.31
7606,NS-02-M10,008,SR,Hitori Gotou,Bocchi the Rock!,common,1.05,0.11
7607,NS-02-M10,009,SR,Haine,Summer Time Rendering,common,1.00,0.10
7608,NS-02-M10,010,SR,Haruhi Suzumiya,The Melancholy of Haruhi Suzumiya,common,1.01,0.10
7609,NS-02-M10,011,SR,Hina Amano,Weathering with You,common,1.02,0.10
7610,NS-02-M10,012,SR,Mitsuha Miyamizu,Your Name,common,1.01,0.10
7611,NS-02-M10,013,SR,Iwato Suzume,Suzume No Tojimari,common,1.01,0.10
7612,NS-02-M10,014,SR,Kaguya Shinomiya,Kaguya-sama: Love is War,epic,3.24,0.32
7613,NS-02-M10,015,SR,Asuna Yuuki,Sword Art Online,legendary,17.83,1.78
7614,NS-02-M10,016,SR,Mikasa Ackerman,Attack on Titan,epic,4.94,0.49
7615,NS-02-M10,017,SR,Clara,Honkai: Star Rail,common,1.04,0.10
7616,NS-02-M10,018,SR,Iochi Mari,Blue Archive,common,1.01,0.10
7617,NS-02-M10,001,SCR,Aru Rikuhachima,Blue Archive,common,1.04,1.30
7618,NS-02-M10,004,SCR,Kiyosumi Akira,Blue Archive,common,1.04,1.30
7619,NS-02-M10,007,SCR,Tomimi,Arknights,common,1.04,1.30
7620,NS-02-M10,010,SCR,Texas,Arknights,common,1.04,1.30
7621,NS-02-M10,013,SCR,Dark Magician Girl,Yu-Gi-Oh!,rare,1.53,1.91
7622,NS-02-M10,016,SCR,Shinonome Ena,Project SEKAI,common,1.03,1.29
7623,NS-02-M10,002,SCR,Shiroko Sunaookami,Blue Archive,common,1.03,1.29
7624,NS-02-M10,005,SCR,Shirasu Azusa,Blue Archive,common,1.02,1.27
7625,NS-02-M10,008,SCR,W,Arknights,common,1.01,1.26
7626,NS-02-M10,011,SCR,Goldenglow,Arknights,common,1.03,1.29
7627,NS-02-M10,014,SCR,Chino Kafuu,Is the Order a Rabbit?,common,1.00,1.25
7628,NS-02-M10,017,SCR,Shenhe,Genshin Impact,common,1.02,1.27
7629,NS-02-M10,003,SCR,Arona,Blue Archive,common,1.02,1.27
7630,NS-02-M10,006,SCR,Ui,Blue Archive,common,1.00,1.25
7631,NS-02-M10,009,SCR,Nian,Arknights,common,1.02,1.27
7632,NS-02-M10,012,SCR,Murano Sayaka,Love Live!,common,1.01,1.26
7633,NS-02-M10,015,SCR,Asta,Honkai: Star Rail,common,1.02,1.27
7634,NS-02-M10,018,SCR,Hoshimachi Suisei,Hololive,common,1.00,1.25
7635,NS-02-M10,001,SSR,Sakura Kinomoto,Cardcaptor Sakura,common,1.04,2.60
7636,NS-02-M10,002,SSR,Usagi Tsukino (Sailor Moon),Sailor Moon,common,1.00,2.50
7637,NS-02-M10,003,SSR,Sakura Matou,Fate Series,common,1.00,2.50
7638,NS-02-M10,004,SSR,Morgan le Fay,Fate Series,common,1.02,2.55
7639,NS-02-M10,005,SSR,Ishtar,Fate Series,common,1.01,2.53
7640,NS-02-M10,006,SSR,Hatsune Miku,Vocaloid,common,1.03,2.58
7641,NS-02-M10,007,SSR,Kikyou,Inuyasha,common,1.00,2.50
7642,NS-02-M10,008,SSR,Tohru,Miss Kobayashi's Dragon Maid,epic,4.87,12.18
7643,NS-02-M10,009,SSR,Mitsuri Kanroji,Demon Slayer (Kimetsu no Yaiba),epic,3.31,8.28
7644,NS-02-M10,010,SSR,Ganyu,Genshin Impact,common,1.01,2.53
7645,NS-02-M10,011,SSR,Nilou,Genshin Impact,common,1.00,2.50
7646,NS-02-M10,012,SSR,Hu Tao,Genshin Impact,common,1.01,2.53
7647,NS-02-M10,013,SSR,Collei,Genshin Impact,common,1.02,2.55
7648,NS-02-M10,014,SSR,Klee,Genshin Impact,common,1.04,2.60
7649,NS-02-M10,015,SSR,Nahida,Genshin Impact,common,1.04,2.60
7650,NS-02-M10,016,SSR,Columbina,Genshin Impact,common,1.03,2.58
7651,NS-02-M10,017,SSR,Yuyuko Saigyouji,Touhou Project,common,1.03,2.58
7652,NS-02-M10,018,SSR,Marisa Kirisame,Touhou Project,common,1.05,2.63
7653,NS-02-M10,019,SSR,Tenshi Hinanawi,Touhou Project,common,1.05,2.63
7654,NS-02-M10,020,SSR,Reimu Hakurei,Touhou Project,common,1.04,2.60
7655,NS-02-M10,021,SSR,Yotsuba Nakano,The Quintessential Quintuplets,common,1.04,2.60
7656,NS-02-M10,022,SSR,March 7th,Honkai: Star Rail,common,1.02,2.55
7657,NS-02-M10,023,SSR,Tingyun,Honkai: Star Rail,common,1.00,2.50
7658,NS-02-M10,024,SSR,Natasha,Honkai: Star Rail,common,1.00,2.50
7659,NS-02-M10,025,SSR,Madoka Higuchi,The Idolm@ster,common,1.00,2.50
7660,NS-02-M10,026,SSR,Houshou Marine,Hololive,common,1.00,2.50
7661,NS-02-M10,027,SSR,Minato Aqua,Hololive,common,1.03,2.58
7662,NS-02-M10,001,PTR,Sakura Kinomoto,Cardcaptor Sakura,common,1.01,6.06
7663,NS-02-M10,002,PTR,Misaka Mikoto,A Certain Magical Index (Toaru Kagaku no Railgun),common,1.04,6.24
7664,NS-02-M10,003,PTR,Shinobu Kochou,Demon Slayer (Kimetsu no Yaiba),epic,4.64,27.84
7665,NS-02-M10,004,PTR,Toki Asuma,Blue Archive,common,1.03,6.18
7666,NS-02-M10,005,PTR,Ai Hoshino,Oshi No Ko (My idol's Child),common,1.01,6.06
7667,NS-02-M10,006,PTR,Seele,Honkai: Star Rail,common,1.03,6.18
7668,NS-02-M10,007,PTR,Silver Wolf,Honkai: Star Rail,common,1.02,6.12
7669,NS-02-M10,008,PTR,Kafka,Honkai: Star Rail,common,1.00,6.00
7670,NS-02-M10,009,PTR,Himeko,Honkai: Star Rail,common,1.02,6.12
7671,NS-02-M10,001,SER,Red Camellia (Inui Toko),Original,common,1.04,5.20
7672,NS-02-M10,002,SER,Pink Rose,Original,common,1.00,5.00
7673,NS-02-M10,003,SER,Blue Rose,Original,common,1.00,5.00
7674,NS-02-M10,004,SER,Red Peony,Original,common,1.02,5.10
7675,NS-02-M10,005,SER,Purple Lily (Emori Miku),Original,common,1.05,5.25
7676,NS-02-M10,006,SER,Green Camellia (Hatsune Miku),Original,common,1.04,5.20
7677,NS-02-M10,001,UR,Kana Arima,Oshi No Ko (My idol's Child),common,1.03,6.18
7678,NS-02-M10,002,UR,Ai Hoshino,Oshi No Ko (My idol's Child),common,1.00,6.00
7679,NS-02-M10,003,UR,Kafka,Honkai: Star Rail,common,1.03,6.18
7680,NS-02-M10,004,UR,Stella,Honkai: Star Rail,common,1.02,6.12
7681,NS-02-M10,005,UR,Bronya Rand,Honkai: Star Rail,common,1.01,6.06
7682,NS-02-M10,006,UR,Kirara,Genshin Impact,common,1.01,6.06
7683,NS-02-M10,001,PR,Rem,Re:Zero,epic,4.09,49.08
7684,NS-02-M10,002,PR,Hu Tao,Genshin Impact,common,1.00,12.00
7685,NS-02-M10,003,PR,Lumine,Genshin Impact,common,1.03,12.36
7686,NS-02-M10,004,PR,Kaguya Shinomiya,Kaguya-sama: Love is War,epic,4.40,52.80
7687,NS-02-M10,005,PR,Elysia,Honkai Impact,common,1.00,12.00
7688,NS-02-M10,006,PR,Tokai Teio,Uma Musume Pretty Derby,common,1.02,12.24
7689,NS-02-M10,007,PR,Mejiro McQueen,Uma Musume Pretty Derby,common,1.05,12.60
7690,NS-02-M10,008,PR,Madoka Higuchi,The Idolm@ster,common,1.03,12.36
7691,NS-02-M10,009,PR,Rinze Morino,The Idolm@ster,common,1.01,12.12
7692,NS-02-M10,010,PR,Hoshino Takanashi,Blue Archive,common,1.00,12.00
7693,NS-02-M10,011,PR,Hitori Gotou,Bocchi the Rock!,common,1.05,12.60
7694,NS-02-M10,012,PR,Ikuyo Kita,Bocchi the Rock!,common,1.02,12.24
7710,NS-10-M05,003,QN,Ai Hoshino,Oshi No Ko (My idol's Child),common,1.00,75.00
7711,NS-10-M05,002,QN,Kafka,Honkai: Star Rail,common,1.03,77.25
7712,NS-10-M05,005,QN,Jeanne d'Arc (Alter),Fate Series,common,1.04,78.00
7713,NS-10-M05,001,QN,Hatsune Miku,Vocaloid,common,1.01,75.75
7714,NS-10-M05,004,QN,Makima,Chainsaw Man,epic,3.65,273.75
7715,NS-10-M05,001,BW,Hatsune Miku,Vocaloid,common,1.03,25.75
7716,NS-10-M05,002,BW,Shinobu Kochou,Demon Slayer (Kimetsu no Yaiba),epic,4.20,105.00
7717,NS-10-M05,003,BW,Mitsuri Kanroji,Demon Slayer (Kimetsu no Yaiba),epic,3.56,89.00
7718,NS-10-M05,004,BW,Elysia,Honkai Impact,common,1.02,25.50
7719,NS-10-M05,005,BW,Kafka,Honkai: Star Rail,common,1.01,25.25
7720,NS-10-M05,006,BW,Ai Hoshino,Oshi No Ko (My idol's Child),common,1.02,25.50
7721,NS-10-M05,007,BW,Hitori Gotou,Bocchi the Rock!,common,1.01,25.25
7722,NS-10-M05,008,BW,Chisato Nishikigi,Lycoris Recoil,common,1.05,26.25
7723,NS-10-M05,009,BW,Takina Inoue,Lycoris Recoil,common,1.01,25.25
7724,NS-10-M05,001,GP,Asuna Yuuki,Sword Art Online,legendary,19.84,992.00
7725,NS-10-M05,002,GP,Shino Asada,Sword Art Online,rare,1.95,97.50
7726,NS-10-M05,003,GP,Alice Zuberg,Sword Art Online,rare,1.80,90.00
7727,NS-10-M05,004,GP,Suguha Kirigaya,Sword Art Online,rare,1.85,92.50
7728,NS-10-M05,005,GP,Keiko Ayano,Sword Art Online,rare,1.78,89.00
7729,NS-10-M05,006,GP,Medina Orthinanos,Sword Art Online,rare,1.79,89.50
7730,NS-10-M05,007,GP,Tiese Shtolienen,Sword Art Online,rare,1.88,94.00
7731,NS-10-M05,008,GP,Rika Shinozaki,Sword Art Online,rare,1.55,77.50
7732,NS-10-M05,009,GP,Sortiliena Serlut,Sword Art Online,rare,1.94,97.00
7733,NS-10-M05,001,LP,Anastasia Nikolaevna Romanova,Fate Series,common,1.04,52.00
7734,NS-10-M05,002,LP,Ereshkigal,Fate Series,common,1.04,52.00
7735,NS-10-M05,003,LP,Morgan le Fay,Fate Series,common,1.01,50.50
7736,NS-10-M05,004,LP,Yang Guifei,Fate Series,common,1.00,50.00
7737,NS-10-M05,005,LP,Jeanne d'Arc (Alter),Fate Series,common,1.02,51.00
7738,NS-10-M05,006,LP,Erice Utsumi,Fate Series,common,1.05,52.50
7739,NS-10-M05,007,LP,Natsuha Arisugawa,The Idolm@ster,common,1.02,51.00
7740,NS-10-M05,008,LP,Skadi,Arknights,common,1.05,52.50
7741,NS-10-M05,009,LP,Kiruya Momochi (Kyaru),Princess Connect Re:Dive,common,1.05,52.50
7742,NS-10-M05,001,MR,Hitori Gotou,Bocchi the Rock!,common,1.05,15.75
7743,NS-10-M05,002,MR,Nijika Ijichi,Bocchi the Rock!,common,1.04,15.60
7744,NS-10-M05,003,MR,Ryou Yamada,Bocchi the Rock!,common,1.03,15.45
7745,NS-10-M05,004,MR,Ikuyo Kita,Bocchi the Rock!,common,1.01,15.15
7746,NS-10-M05,005,MR,Raiden Mei,Honkai Impact,common,1.00,15.00
7747,NS-10-M05,006,MR,Kafka,Honkai: Star Rail,common,1.01,15.15
7748,NS-10-M05,007,MR,Silver Wolf,Honkai: Star Rail,common,1.03,15.45
7749,NS-10-M05,008,MR,Ai Hoshino,Oshi No Ko (My idol's Child),common,1.03,15.45
7750,NS-10-M05,009,MR,Mitsuri Kanroji,Demon Slayer (Kimetsu no Yaiba),epic,4.74,71.10
7751,NS-10-M05,001,SZR,Misaka Mikoto,A Certain Magical Index (Toaru Kagaku no Railgun),common,1.04,26.00
7752,NS-10-M05,002,SZR,Rikka Takanashi,"Love, Chunibyo & Other Delusions!",common,1.02,25.50
7753,NS-10-M05,003,SZR,Kurumi Tokisaki,Date A Live,common,1.00,25.00
7754,NS-10-M05,004,SZR,Kaori Miyazono,Your Lie in April,common,1.02,25.50
7755,NS-10-M05,005,SZR,Rem,Re:Zero,epic,3.09,77.25
7756,NS-10-M05,006,SZR,Hatsune Miku,Vocaloid,common,1.05,26.25
7757,NS-10-M05,007,SZR,Usagi Tsukino (Sailor Moon),Sailor Moon,common,1.05,26.25
7758,NS-10-M05,008,SZR,Sakura Kinomoto,Cardcaptor Sakura,common,1.02,25.50
7759,NS-10-M05,009,SZR,Sakura Haruno,Naruto Series,epic,3.59,89.75
7760,NS-10-M05,001,SP,You Watanabe,Love Live!,common,1.04,26.00
7761,NS-10-M05,002,SP,Chika Takami,Love Live!,common,1.04,26.00
7762,NS-10-M05,003,SP,Dia Kurosawa,Love Live!,common,1.02,25.50
7763,NS-10-M05,004,SP,Yoshiko Tsushima,Love Live!,common,1.03,25.75
7764,NS-10-M05,005,SP,Riko Sakurauchi,Love Live!,common,1.03,25.75
7765,NS-10-M05,006,SP,Ruby Kurosawa,Love Live!,common,1.03,25.75
7766,NS-10-M05,007,SP,Hanamaru Kunikida,Love Live!,common,1.05,26.25
7767,NS-10-M05,008,SP,Mari Ohara,Love Live!,common,1.01,25.25
7768,NS-10-M05,009,SP,Nozomi Tojo,Love Live!,common,1.01,25.25
7769,NS-10-M05,001,SC,Reimu Hakurei,Touhou Project,common,1.05,52.50
7770,NS-10-M05,002,SC,Takagi-san,Teasing Master Takagi-san,common,1.05,52.50
7771,NS-10-M05,003,SC,Megumin,God's Blessing on this Wonderful World! (KonoSuba),epic,3.68,184.00
7772,NS-10-M05,004,SC,Chtholly Nota Seniorious,WorldEnd: What do you do at the end of the world? Are you busy? Will you save us?,common,1.02,51.00
7773,NS-10-M05,005,SC,Makima,Chainsaw Man,epic,3.85,192.50
7774,NS-10-M05,006,SC,Nezuko Kamado,Demon Slayer (Kimetsu no Yaiba),epic,4.75,237.50
7775,NS-10-M05,007,SC,Shinobu Oshino,Monogatari Series,common,1.05,52.50
7776,NS-10-M05,008,SC,Mai Sakurajima,Rascal Does Not Dream Of Bunny Girl Senpai,common,1.00,50.00
7777,NS-10-M05,009,SC,U-1196,Cells at Work!,common,1.00,50.00
7778,NS-10-M05,001,INS,Baltimore,Azur Lane,common,1.02,8.16
7779,NS-10-M05,002,INS,Odin,Azur Lane,common,1.03,8.24
7780,NS-10-M05,003,INS,Ayanami,Azur Lane,common,1.01,8.08
7781,NS-10-M05,004,INS,St. Louis,Azur Lane,common,1.04,8.32
7782,NS-10-M05,005,INS,Jean Bart,Azur Lane,common,1.03,8.24
7783,NS-10-M05,006,INS,Haruna,Azur Lane,common,1.04,8.32
7784,NS-10-M05,007,INS,Noshiro,Azur Lane,common,1.04,8.32
7785,NS-10-M05,008,INS,Kaga,Azur Lane,common,1.05,8.40
7786,NS-10-M05,009,INS,Biloxi,Azur Lane,common,1.00,8.00
7787,NS-10-M05,010,INS,Hibiki,Azur Lane,common,1.02,8.16
7788,NS-10-M05,011,INS,Friedrich der Große,Azur Lane,common,1.04,8.32
7789,NS-10-M05,012,INS,Georgia,Azur Lane,common,1.02,8.16
7790,NS-10-M05,013,INS,Richelieu,Azur Lane,common,1.02,8.16
7791,NS-10-M05,014,INS,Kongou,Azur Lane,common,1.01,8.08
7792,NS-10-M05,015,INS,Unicorn,Azur Lane,common,1.04,8.32
7793,NS-10-M05,016,INS,Z24,Azur Lane,common,1.01,8.08
7794,NS-10-M05,017,INS,Z28,Azur Lane,common,1.02,8.16
7795,NS-10-M05,018,INS,Z35,Azur Lane,common,1.00,8.00
7796,NS-10-M05,001,FR,Hitori Gotou,Bocchi the Rock!,common,1.03,0.36
7797,NS-10-M05,002,FR,Nijika Ijichi,Bocchi the Rock!,common,1.02,0.36
7798,NS-10-M05,003,FR,Ryou Yamada,Bocchi the Rock!,common,1.01,0.35
7799,NS-10-M05,004,FR,Ikuyo Kita,Bocchi the Rock!,common,1.01,0.35
7800,NS-10-M05,005,FR,Merlin,Fate Series,common,1.00,0.35
7801,NS-10-M05,006,FR,Sakawa,Azur Lane,common,1.02,0.36
7802,NS-10-M05,007,FR,Madoka Higuchi,The Idolm@ster,common,1.04,0.36
7803,NS-10-M05,008,FR,Fuyuko Mayuzumi,The Idolm@ster,common,1.03,0.36
7804,NS-10-M05,009,FR,Amiya,Arknights,common,1.00,0.35
7805,NS-10-M05,010,FR,Mostima,Arknights,common,1.05,0.37
7806,NS-10-M05,011,FR,Kasumizawa Miyu,Blue Archive,common,1.00,0.35
7807,NS-10-M05,012,FR,Junko,Blue Archive,common,1.04,0.36
7808,NS-10-M05,013,FR,Toki Asuma,Blue Archive,common,1.03,0.36
7809,NS-10-M05,014,FR,Reimu Hakurei,Touhou Project,common,1.04,0.36
7810,NS-10-M05,015,FR,Roxy Migurdia,Mushoku Tensei: Jobless Reincarnation,rare,1.90,0.66
7811,NS-10-M05,016,FR,Luo Tianyi,Vocaloid,common,1.05,0.37
7812,NS-10-M05,017,FR,Yuezheng Ling,VSinger,common,1.04,0.36
7813,NS-10-M05,018,FR,Ch'en,Arknights,common,1.02,0.36
7814,NS-10-M05,001,SSR,Makima,Chainsaw Man,epic,3.96,9.90
7815,NS-10-M05,002,SSR,Reze,Chainsaw Man,epic,3.70,9.25
7816,NS-10-M05,003,SSR,Power,Chainsaw Man,epic,3.71,9.28
7817,NS-10-M05,004,SSR,Ryou Yamada,Bocchi the Rock!,common,1.02,2.55
7818,NS-10-M05,005,SSR,Reimu Hakurei,Touhou Project,common,1.00,2.50
7819,NS-10-M05,006,SSR,Kiritani Haruka,Project SEKAI,common,1.01,2.53
7820,NS-10-M05,007,SSR,Hatsune Miku,Vocaloid,common,1.01,2.53
7821,NS-10-M05,008,SSR,Shizuna Rem Misurugi,The Legend of Heroes: Kuro no Kiseki,common,1.05,2.63
7822,NS-10-M05,009,SSR,Ling,Arknights,common,1.02,2.55
7823,NS-10-M05,010,SSR,Pozyomka,Arknights,common,1.00,2.50
7824,NS-10-M05,011,SSR,La Pluma,Arknights,common,1.03,2.58
7825,NS-10-M05,012,SSR,Surtr,Arknights,common,1.02,2.55
7826,NS-10-M05,013,SSR,Minato Aqua,Hololive,common,1.01,2.53
7827,NS-10-M05,014,SSR,Copano Rickey,Uma Musume Pretty Derby,common,1.00,2.50
7828,NS-10-M05,015,SSR,Sirius Symboli,Uma Musume Pretty Derby,common,1.03,2.58
7829,NS-10-M05,016,SSR,Admire Vega,Uma Musume Pretty Derby,common,1.01,2.53
7830,NS-10-M05,017,SSR,Smart Falcon,Uma Musume Pretty Derby,common,1.01,2.53
7831,NS-10-M05,018,SSR,Ereshkigal,Fate Series,common,1.01,2.53
7832,NS-10-M05,019,SSR,Aru Rikuhachima,Blue Archive,common,1.02,2.55
7833,NS-10-M05,020,SSR,Kisaki,Blue Archive,common,1.05,2.63
7834,NS-10-M05,021,SSR,Lumine,Genshin Impact,common,1.01,2.53
7835,NS-10-M05,022,SSR,Hu Tao,Genshin Impact,common,1.05,2.63
7836,NS-10-M05,023,SSR,Ganyu,Genshin Impact,common,1.00,2.50
7837,NS-10-M05,024,SSR,Yae Miko,Genshin Impact,common,1.02,2.55
7838,NS-10-M05,025,SSR,Kamisato Ayaka,Genshin Impact,common,1.04,2.60
7839,NS-10-M05,026,SSR,Kokomi Sangonomiya,Genshin Impact,common,1.00,2.50
7840,NS-10-M05,027,SSR,Mona,Genshin Impact,common,1.05,2.63
7841,NS-10-M05,001,SCR,Rikka Takanashi,"Love, Chunibyo & Other Delusions!",common,1.02,1.27
7842,NS-10-M05,002,SCR,Sagiri Izumi,Eromanga Sensei,common,1.00,1.25
7843,NS-10-M05,003,SCR,Marin Kitagawa,My Dress-Up Darling,epic,3.46,4.33
7844,NS-10-M05,004,SCR,Lumine,Genshin Impact,common,1.00,1.25
7845,NS-10-M05,005,SCR,Kamisato Ayaka,Genshin Impact,common,1.01,1.26
7846,NS-10-M05,006,SCR,Lisa,Genshin Impact,common,1.00,1.25
7847,NS-10-M05,007,SCR,Yoimiya,Genshin Impact,common,1.05,1.31
7848,NS-10-M05,008,SCR,Raiden Shogun,Genshin Impact,common,1.00,1.25
7849,NS-10-M05,009,SCR,Klee,Genshin Impact,common,1.05,1.31
7850,NS-10-M05,010,SCR,Kana Arima,Oshi No Ko (My idol's Child),common,1.05,1.31
7851,NS-10-M05,011,SCR,Surtr,Arknights,common,1.01,1.26
7852,NS-10-M05,012,SCR,Mudrock,Arknights,common,1.05,1.31
7853,NS-10-M05,013,SCR,Dusk,Arknights,common,1.00,1.25
7854,NS-10-M05,014,SCR,Hokko Tarumae,Uma Musume Pretty Derby,common,1.00,1.25
7855,NS-10-M05,015,SCR,Mika Misono,Blue Archive,common,1.05,1.31
7856,NS-10-M05,016,SCR,Saki,Blue Archive,common,1.00,1.25
7857,NS-10-M05,017,SCR,Nezuko Kamado,Demon Slayer (Kimetsu no Yaiba),epic,4.61,5.76
7858,NS-10-M05,018,SCR,Hoshimachi Suisei,Hololive,common,1.02,1.27
7859,NS-10-M05,001,SR,Ch'en,Arknights,common,1.00,0.10
7860,NS-10-M05,002,SR,Quinella,Sword Art Online,rare,1.69,0.17
7861,NS-10-M05,003,SR,Remilia Scarlet,Touhou Project,common,1.03,0.10
7862,NS-10-M05,004,SR,Asahina Mafuyu,Project SEKAI,common,1.02,0.10
7863,NS-10-M05,005,SR,Yoisaki Kanade,Project SEKAI,common,1.01,0.10
7864,NS-10-M05,006,SR,August von Parseval,Azur Lane,common,1.04,0.10
7865,NS-10-M05,007,SR,Kikuri Hiroi,Bocchi the Rock!,common,1.05,0.11
7866,NS-10-M05,008,SR,Tomimi,Arknights,common,1.01,0.10
7867,NS-10-M05,009,SR,Hibiki Nekozuka,Blue Archive,common,1.03,0.10
7868,NS-10-M05,010,SR,Ui,Blue Archive,common,1.03,0.10
7869,NS-10-M05,011,SR,Hasumi,Blue Archive,common,1.04,0.10
7870,NS-10-M05,012,SR,Faruzan,Genshin Impact,common,1.03,0.10
7871,NS-10-M05,013,SR,March 7th,Honkai: Star Rail,common,1.00,0.10
7872,NS-10-M05,014,SR,Kiana Kaslana,Honkai Impact,common,1.01,0.10
7873,NS-10-M05,015,SR,Mejiro McQueen,Uma Musume Pretty Derby,common,1.04,0.10
7874,NS-10-M05,016,SR,Mercury Suletta,Mobile Suit Gundam: The Witch from Mercury,common,1.01,0.10
7875,NS-10-M05,017,SR,Kagura Mea,VTuber,common,1.00,0.10
7876,NS-10-M05,018,SR,Gawr Gura,Hololive,common,1.04,0.10
7877,NS-10-M05,001,PR,Chisato Nishikigi,Lycoris Recoil,common,1.00,12.00
7878,NS-10-M05,002,PR,Chisato Nishikigi,Lycoris Recoil,common,1.00,12.00
7879,NS-10-M05,003,PR,Chisato Nishikigi,Lycoris Recoil,common,1.03,12.36
7880,NS-10-M05,004,PR,Chisato Nishikigi,Lycoris Recoil,common,1.01,12.12
7881,NS-10-M05,005,PR,Chisato Nishikigi,Lycoris Recoil,common,1.01,12.12
7882,NS-10-M05,006,PR,Chisato Nishikigi,Lycoris Recoil,common,1.04,12.48
7883,NS-10-M05,007,PR,Hitori Gotou,Bocchi the Rock!,common,1.02,12.24
7884,NS-10-M05,008,PR,Nijika Ijichi,Bocchi the Rock!,common,1.01,12.12
7885,NS-10-M05,009,PR,Ryou Yamada,Bocchi the Rock!,common,1.01,12.12
7886,NS-10-M05,010,PR,Ikuyo Kita,Bocchi the Rock!,common,1.04,12.48
7887,NS-10-M05,011,PR,Hitori Gotou,Bocchi the Rock!,common,1.04,12.48
7888,NS-10-M05,012,PR,Hitori Gotou,Bocchi the Rock!,common,1.04,12.48
7889,NS-10-M05,013,PR,Ichika Nakano,The Quintessential Quintuplets,common,1.00,12.00
7890,NS-10-M05,014,PR,Nino Nakano,The Quintessential Quintuplets,common,1.05,12.60
7891,NS-10-M05,015,PR,Miku Nakano,The Quintessential Quintuplets,common,1.03,12.36
7892,NS-10-M05,016,PR,Yotsuba Nakano,The Quintessential Quintuplets,common,1.00,12.00
7893,NS-10-M05,017,PR,Itsuki Nakano,The Quintessential Quintuplets,common,1.00,12.00
7894,NS-10-M05,018,PR,Ichika Nakano,The Quintessential Quintuplets,common,1.00,12.00
7895,NS-10-M05,019,PR,Nino Nakano,The Quintessential Quintuplets,common,1.04,12.48
7896,NS-10-M05,020,PR,Miku Nakano,The Quintessential Quintuplets,common,1.01,12.12
7897,NS-10-M05,021,PR,Yotsuba Nakano,The Quintessential Quintuplets,common,1.04,12.48
7898,NS-10-M05,022,PR,Itsuki Nakano,The Quintessential Quintuplets,common,1.01,12.12
7899,NS-10-M05,023,PR,The Quintessential Quintuplets,The Quintessential Quintuplets,common,1.05,12.60
7900,NS-10-M05,024,PR,The Quintessential Quintuplets,The Quintessential Quintuplets,common,1.04,12.48
7901,NS-11,001,SER,Red Freesia,Original,common,1.04,5.20
7902,NS-11,002,SER,Yellow Sunflower,Original,common,1.05,5.25
7903,NS-11,003,SER,White Magnolia,Original,common,1.04,5.20
7904,NS-11,001,SSR,Kamisato Ayaka,Genshin Impact,common,1.03,2.58
7905,NS-11,002,SSR,Hatsune Miku,Vocaloid,common,1.05,2.63
7906,NS-11,003,SSR,Natsume Iroha,Blue Archive,common,1.02,2.55
7907,NS-11,004,SSR,Diana Cavendish,Little Witch Academia,common,1.02,2.55
7908,NS-11,005,SSR,Sakura Kinomoto,Cardcaptor Sakura,common,1.04,2.60
7909,NS-11,006,SSR,Atsuko Kagari,Little Witch Academia,common,1.03,2.58
7910,NS-11,007,SSR,Reimu Hakurei,Touhou Project,common,1.04,2.60
7911,NS-11,008,SSR,Marisa Kirisame,Touhou Project,common,1.05,2.63
7912,NS-11,009,SSR,Youmu Konpaku,Touhou Project,common,1.04,2.60
7913,NS-11,010,SSR,Sanae Kochiya,Touhou Project,common,1.04,2.60
7914,NS-11,011,SSR,Cirno,Touhou Project,common,1.05,2.63
7915,NS-11,012,SSR,Yae Miko,Genshin Impact,common,1.04,2.60
7916,NS-11,013,SSR,Shinobu Kochou,Demon Slayer (Kimetsu no Yaiba),epic,3.10,7.75
7917,NS-11,014,SSR,Mitsuri Kanroji,Demon Slayer (Kimetsu no Yaiba),epic,4.58,11.45
7918,NS-11,015,SSR,Ganyu,Genshin Impact,common,1.03,2.58
7919,NS-11,016,SSR,Lucy,Cyberpunk Edgerunners,epic,4.07,10.18
7920,NS-11,017,SSR,Nilou,Genshin Impact,common,1.02,2.55
7921,NS-11,018,SSR,Kokomi Sangonomiya,Genshin Impact,common,1.03,2.58
7935,NS-11,001,SCR,Suigintou,Rozen Maiden,common,1.03,1.29
7936,NS-11,002,SCR,Kirakishou,Rozen Maiden,common,1.01,1.26
7937,NS-11,003,SCR,Yor Forger,Spy X Family,epic,3.35,4.19
7938,NS-11,004,SCR,Diamond,Land of the Lustrous,common,1.00,1.25
7939,NS-11,005,SCR,Nia Teppelin,Gurren Lagann,common,1.03,1.29
7940,NS-11,006,SCR,Shokuhou Misaki,A Certain Magical Index (Toaru Kagaku no Railgun),common,1.01,1.26
7941,NS-11,007,SCR,Kuroko Shirai,A Certain Magical Index (Toaru Kagaku no Railgun),common,1.05,1.31
7942,NS-11,008,SCR,Yotsugi Ononoki,Monogatari Series,common,1.00,1.25
7943,NS-11,009,SCR,Louise,The Familiar of Zero,common,1.03,1.29
7944,NS-11,010,SCR,Lumine,Genshin Impact,common,1.02,1.27
7945,NS-11,011,SCR,Paimon,Genshin Impact,common,1.01,1.26
7946,NS-11,012,SCR,Shana,Shakugan no Shana,common,1.02,1.27
7947,NS-11,013,SCR,Taiga Aisaka,Toradora,common,1.05,1.31
7948,NS-11,014,SCR,Megumin,God's Blessing on this Wonderful World! (KonoSuba),epic,4.52,5.65
7949,NS-11,015,SCR,Misaka Mikoto,A Certain Magical Index (Toaru Kagaku no Railgun),common,1.05,1.31
7950,NS-11,016,SCR,Mercury Suletta,Mobile Suit Gundam: The Witch from Mercury,common,1.03,1.29
7951,NS-11,017,SCR,C.C.,Code Geass,common,1.01,1.26
7952,NS-11,018,SCR,Kallen Stadtfeld,Code Geass,common,1.02,1.27
7953,NS-11,001,SR,Diane,The Seven Deadly Sins,epic,3.02,0.30
7954,NS-11,002,SR,Tohka Yatogami,Date A Live,common,1.00,0.10
7955,NS-11,003,SR,Nia Teppelin,Gurren Lagann,common,1.00,0.10
7956,NS-11,004,SR,Mitsuha Miyamizu,Your Name,common,1.00,0.10
7957,NS-11,005,SR,Nanami Yasuri,Katanagatari,common,1.01,0.10
7958,NS-11,006,SR,Aoi Yamada,Working!!,common,1.04,0.10
7959,NS-11,007,SR,Kanon Nakagawa,The World God Only Knows,common,1.05,0.11
7960,NS-11,008,SR,Panty,Panty & Stocking with Garterbelt,common,1.04,0.10
7961,NS-11,009,SR,Stocking,Panty & Stocking with Garterbelt,common,1.02,0.10
7962,NS-11,010,SR,Haruhi Suzumiya,The Melancholy of Haruhi Suzumiya,common,1.03,0.10
7963,NS-11,011,SR,Atsuko Kagari,Little Witch Academia,common,1.05,0.11
7964,NS-11,012,SR,Sucy Manbavaran,Little Witch Academia,common,1.01,0.10
7965,NS-11,013,SR,Lotte Yanson,Little Witch Academia,common,1.05,0.11
7966,NS-11,014,SR,Diana Cavendish,Little Witch Academia,common,1.01,0.10
7967,NS-11,015,SR,Nanachi,Made in Abyss,rare,1.55,0.16
7968,NS-11,016,SR,Kaname Chidori,Full Metal Panic!,common,1.00,0.10
7969,NS-11,017,SR,Yotsugi Ononoki,Monogatari Series,common,1.03,0.10
7970,NS-11,018,SR,Nao Tomori,Charlotte,common,1.03,0.10
7971,NS-11,019,SR,Kanna Kamui,Miss Kobayashi's Dragon Maid,epic,3.23,0.32
7972,NS-11,020,SR,Ushio Kofune,Summer Time Rendering,common,1.01,0.10
7973,NS-11,021,SR,Nessa,Pokemon,common,1.00,0.10
7974,NS-11,022,SR,Rosa,Pokemon,common,1.05,0.11
7975,NS-11,023,SR,Marnie,Pokemon,common,1.01,0.10
7976,NS-11,024,SR,Bea,Pokemon,common,1.00,0.10
7977,NS-11,025,SR,Ninny Spangcole,Burn The Witch,common,1.03,0.10
7978,NS-11,026,SR,Noel Niihashi,Burn The Witch,common,1.00,0.10
7979,NS-11,027,SR,Ruri Gokou,OreImo,common,1.02,0.10
7980,NS-11,028,SR,Yukino Yukinoshita,My Youth Romantic Comedy Is Wrong As I Expected,common,1.00,0.10
7981,NS-11,029,SR,Yui Yuigahama,My Youth Romantic Comedy Is Wrong As I Expected,common,1.04,0.10
7982,NS-11,030,SR,Kirino Kousaka,OreImo,common,1.03,0.10
7983,NS-11,031,SR,Miyuki Shiba,The Irregular at Magic High School,rare,1.73,0.17
7984,NS-11,032,SR,Marin Kitagawa,My Dress-Up Darling,epic,3.79,0.38
7985,NS-11,033,SR,Aqua,God's Blessing on this Wonderful World! (KonoSuba),epic,3.61,0.36
7986,NS-11,034,SR,Liko,Pokemon,common,1.02,0.10
7987,NS-11,035,SR,Rem,Re:Zero,epic,3.57,0.36
7988,NS-11,036,SR,Hatsune Miku,Vocaloid,common,1.05,0.11
7989,NS-11,001,CR,Popura Taneshima,Working!!,common,1.03,0.26
7990,NS-11,002,CR,Violet Evergarden,Violet Evergarden,common,1.04,0.26
7991,NS-11,003,CR,Taiga Aisaka,Toradora,common,1.02,0.26
7992,NS-11,004,CR,Mio Akiyama,K-On!,common,1.03,0.26
7993,NS-11,005,CR,Rukia Kuchiki,Bleach,epic,4.02,1.00
7994,NS-11,006,CR,Asuka Shikinami Langley,Evangelion,common,1.00,0.25
7995,NS-11,007,CR,Sakuya Izayoi,Touhou Project,common,1.01,0.25
7996,NS-11,008,CR,Hizuru Minakata,Summer Time Rendering,common,1.03,0.26
7997,NS-11,009,CR,Misa Amane,Death Note,epic,4.54,1.14
7998,NS-11,010,CR,Honoka Kousaka,Love Live!,common,1.04,0.26
7999,NS-11,011,CR,Kotori Minami,Love Live!,common,1.04,0.26
8000,NS-11,012,CR,Umi Sonoda,Love Live!,common,1.04,0.26
8001,NS-11,013,CR,Eli Ayase,Love Live!,common,1.02,0.26
8002,NS-11,014,CR,Nozomi Tojo,Love Live!,common,1.04,0.26
8003,NS-11,015,CR,Maki Nishikino,Love Live!,common,1.04,0.26
8004,NS-11,016,CR,Rin Hoshizora,Love Live!,common,1.02,0.26
8005,NS-11,017,CR,Hanayo Koizumi,Love Live!,common,1.00,0.25
8006,NS-11,018,CR,Nico Yazawa,Love Live!,common,1.05,0.26
8007,NS-11,001,R,Nyaruko,Nyaruko: Crawling with Love!,common,1.04,0.01
8008,NS-11,002,R,Shino Asada,Sword Art Online,rare,1.85,0.02
8009,NS-11,003,R,Erina Nakiri,Food Wars! Shokugeki no Soma,common,1.00,0.01
8010,NS-11,004,R,Lupusregina Beta,Overlord,common,1.03,0.01
8011,NS-11,005,R,Filo,The Rising of the Shield Hero,rare,1.71,0.02
8012,NS-11,006,R,Raphtalia,The Rising of the Shield Hero,epic,4.08,0.04
8013,NS-11,007,R,Albedo,Overlord,common,1.01,0.01
8014,NS-11,008,R,Maple,"BOFURI: I Don't Want to Get Hurt, so I'll Max Out My Defense.",rare,1.75,0.02
8015,NS-11,009,R,Fubuki,One Punch Man,epic,3.14,0.03
8016,NS-11,010,R,Asuna Yuuki,Sword Art Online,legendary,14.61,0.15
8017,NS-11,011,R,Kuroyukihime,Accel World,common,1.05,0.01
8018,NS-11,012,R,Beta,The Eminence in Shadow,common,1.02,0.01
8019,NS-11,013,R,Alpha,The Eminence in Shadow,common,1.04,0.01
8020,NS-11,014,R,Alexia Midgar,The Eminence in Shadow,common,1.04,0.01
8021,NS-11,015,R,Charlotte Dunois,Infinite Stratos,common,1.00,0.01
8022,NS-11,016,R,Julis Riessfeld,The Asterisk War,common,1.03,0.01
8023,NS-11,017,R,Shuna,That Time I Got Reincarnated as a Slime,epic,3.69,0.04
8024,NS-11,018,R,Shiraori,"So I'm a Spider, So What?",common,1.01,0.01
8025,NS-05-M08,001,SZR,Furina (Focalors),Genshin Impact,common,1.03,25.75
8026,NS-05-M08,002,SZR,Yelan,Genshin Impact,common,1.03,25.75
8027,NS-05-M08,003,SZR,Yae Miko,Genshin Impact,common,1.04,26.00
8028,NS-05-M08,004,SZR,Eula,Genshin Impact,common,1.01,25.25
8029,NS-05-M08,005,SZR,Shenhe,Genshin Impact,common,1.01,25.25
8030,NS-05-M08,006,SZR,Raiden Shogun,Genshin Impact,common,1.01,25.25
8031,NS-05-M08,007,SZR,Lumine,Genshin Impact,common,1.03,25.75
8032,NS-05-M08,008,SZR,Keqing,Genshin Impact,common,1.04,26.00
8033,NS-05-M08,009,SZR,Ganyu,Genshin Impact,common,1.04,26.00
8034,NS-05-M08,001,XR,Kasumizawa Miyu,Blue Archive,common,1.01,20.20
8035,NS-05-M08,002,XR,Asuna Ichinose,Blue Archive,common,1.03,20.60
8036,NS-05-M08,003,XR,St. Louis,Azur Lane,common,1.00,20.00
8037,NS-05-M08,004,XR,Hu Tao,Genshin Impact,common,1.05,21.00
8038,NS-05-M08,005,XR,Kokomi Sangonomiya,Genshin Impact,common,1.05,21.00
8039,NS-05-M08,006,XR,Nahida,Genshin Impact,common,1.02,20.40
8040,NS-05-M08,007,XR,Ai Hoshino,Oshi No Ko (My idol's Child),common,1.05,21.00
8041,NS-05-M08,008,XR,Yae Miko,Genshin Impact,common,1.04,20.80
8042,NS-05-M08,009,XR,Marin Kitagawa,My Dress-Up Darling,epic,3.28,65.60
8043,NS-05-M08,001,ZR,Karin Kakudate,Blue Archive,common,1.00,20.00
8044,NS-05-M08,002,ZR,Asuna Ichinose,Blue Archive,common,1.01,20.20
8045,NS-05-M08,003,ZR,Elysia,Honkai Impact,common,1.04,20.80
8046,NS-05-M08,004,ZR,Seele Vollerei,Honkai Impact,common,1.05,21.00
8047,NS-05-M08,005,ZR,Miorine Rembran,Mobile Suit Gundam: The Witch from Mercury,common,1.04,20.80
8048,NS-05-M08,006,ZR,Suletta Mercury,Mobile Suit Gundam: The Witch from Mercury,common,1.04,20.80
8049,NS-05-M08,007,ZR,Hitori Gotou,Bocchi the Rock!,common,1.00,20.00
8050,NS-05-M08,008,ZR,Ikuyo Kita,Bocchi the Rock!,common,1.04,20.80
8051,NS-05-M08,009,ZR,Ai Hoshino,Oshi No Ko (My idol's Child),common,1.04,20.80
8052,NS-05-M08,001,MR,Ai Haibara,Detective Conan,common,1.00,15.00
8053,NS-05-M08,002,MR,Ran Mouri,Detective Conan,common,1.03,15.45
8054,NS-05-M08,003,MR,Kazuha Tooyama,Detective Conan,common,1.04,15.60
8055,NS-05-M08,004,MR,Sakura Kinomoto,Cardcaptor Sakura,common,1.04,15.60
8056,NS-05-M08,005,MR,Rikka Takanashi,"Love, Chunibyo & Other Delusions!",common,1.05,15.75
8057,NS-05-M08,006,MR,Himeko,Honkai: Star Rail,common,1.03,15.45
8058,NS-05-M08,007,MR,March 7th,Honkai: Star Rail,common,1.05,15.75
8059,NS-05-M08,008,MR,Jingliu,Honkai: Star Rail,common,1.02,15.30
8060,NS-05-M08,009,MR,Elysia,Honkai Impact,common,1.03,15.45
8061,NS-05-M08,010,MR,Mobius,Honkai Impact,common,1.00,15.00
8062,NS-05-M08,011,MR,Ruby Hoshino,Oshi No Ko (My idol's Child),common,1.04,15.60
8063,NS-05-M08,012,MR,Kana Arima,Oshi No Ko (My idol's Child),common,1.03,15.45
8064,NS-05-M08,013,MR,Nagisa Kubo,Kubo Won't Let Me Be Invisible,common,1.02,15.30
8065,NS-05-M08,014,MR,Kotoko Iwanaga,In/Spectre,common,1.01,15.15
8066,NS-05-M08,015,MR,Anya Forger,Spy X Family,rare,1.79,26.85
8067,NS-05-M08,016,MR,Yor Forger,Spy X Family,epic,4.49,67.35
8068,NS-05-M08,017,MR,Suzune Horikita,Classroom of the Elite,rare,1.97,29.55
8069,NS-05-M08,018,MR,Arisu Sakayanagi,Classroom of the Elite,rare,1.81,27.15
8070,NS-05-M08,001,INS,Biloxi,Azur Lane,common,1.00,8.00
8071,NS-05-M08,002,INS,Charybdis,Azur Lane,common,1.01,8.08
8072,NS-05-M08,003,INS,Emden,Azur Lane,common,1.04,8.32
8073,NS-05-M08,004,INS,Essex,Azur Lane,common,1.04,8.32
8074,NS-05-M08,005,INS,Hiei,Azur Lane,common,1.02,8.16
8075,NS-05-M08,006,INS,Bristol,Azur Lane,common,1.05,8.40
8076,NS-05-M08,007,INS,Cheshire,Azur Lane,common,1.00,8.00
8077,NS-05-M08,008,INS,Akagi,Azur Lane,common,1.01,8.08
8078,NS-05-M08,009,INS,Deutschland,Azur Lane,common,1.04,8.32
8079,NS-05-M08,010,INS,Gloucester,Azur Lane,common,1.04,8.32
8080,NS-05-M08,011,INS,Glorious,Azur Lane,common,1.01,8.08
8081,NS-05-M08,012,INS,Hanazuki,Azur Lane,common,1.02,8.16
8082,NS-05-M08,013,INS,Kaga,Azur Lane,common,1.03,8.24
8083,NS-05-M08,014,INS,Reno,Azur Lane,common,1.00,8.00
8084,NS-05-M08,015,INS,Noshiro,Azur Lane,common,1.03,8.24
8085,NS-05-M08,016,INS,Penelope,Azur Lane,common,1.04,8.32
8086,NS-05-M08,017,INS,Ying Swei,Azur Lane,common,1.03,8.24
8087,NS-05-M08,018,INS,Chen Hai,Azur Lane,common,1.03,8.24
8088,NS-05-M08,001,SSR,Kizuna AI,VTuber,common,1.05,2.63
8089,NS-05-M08,002,SSR,Keke Tang,Love Live!,common,1.02,2.55
8090,NS-05-M08,003,SSR,Kanon Shibuya,Love Live!,common,1.01,2.53
8091,NS-05-M08,004,SSR,Elaina,The Journey of Elaina,common,1.04,2.60
8092,NS-05-M08,005,SSR,Kurumi Tokisaki,Date A Live,common,1.05,2.63
8093,NS-05-M08,006,SSR,Marin Kitagawa,My Dress-Up Darling,epic,3.09,7.73
8094,NS-05-M08,007,SSR,Goldenglow,Arknights,common,1.04,2.60
8095,NS-05-M08,008,SSR,Ling,Arknights,common,1.04,2.60
8096,NS-05-M08,009,SSR,Marnie,Pokemon,common,1.05,2.63
8097,NS-05-M08,010,SSR,Zero Two,Darling in the Franxx,epic,3.26,8.15
8098,NS-05-M08,011,SSR,Kaori Miyazono,Your Lie in April,common,1.01,2.53
8099,NS-05-M08,012,SSR,Kanna Kamui,Miss Kobayashi's Dragon Maid,epic,4.29,10.73
8100,NS-05-M08,013,SSR,Platelet,Cells at Work!,common,1.00,2.50
8101,NS-05-M08,014,SSR,Violet Evergarden,Violet Evergarden,common,1.04,2.60
8102,NS-05-M08,015,SSR,Chiyo Sakura,Monthly Girl's Nozaki-kun,common,1.05,2.63
8103,NS-05-M08,016,SSR,Shiroko Sunaookami,Blue Archive,common,1.05,2.63
8104,NS-05-M08,017,SSR,Karen Aijou,Revue Starlight,common,1.03,2.58
8105,NS-05-M08,018,SSR,Haruka Amami,The Idolm@ster,common,1.04,2.60
8106,NS-05-M08,019,SSR,Raiden Mei,Honkai Impact,common,1.04,2.60
8107,NS-05-M08,020,SSR,Kiana Kaslana,Honkai Impact,common,1.02,2.55
8108,NS-05-M08,021,SSR,Arlecchino,Genshin Impact,common,1.02,2.55
8109,NS-05-M08,022,SSR,Hatsune Miku,Vocaloid,common,1.04,2.60
8110,NS-05-M08,023,SSR,Fu Xuan,Honkai: Star Rail,common,1.03,2.58
8111,NS-05-M08,024,SSR,Urawa Hanako,Blue Archive,common,1.02,2.55
8112,NS-05-M08,025,SSR,Mika Misono,Blue Archive,common,1.02,2.55
8113,NS-05-M08,026,SSR,Tsukiyuki Miyako,Blue Archive,common,1.00,2.50
8114,NS-05-M08,027,SSR,Yukihana Lamy,Hololive,common,1.03,2.58
8115,NS-05-M08,001,SCR,Furina (Focalors),Genshin Impact,common,1.05,1.31
8116,NS-05-M08,002,SCR,Lynette,Genshin Impact,common,1.00,1.25
8117,NS-05-M08,003,SCR,Hu Tao,Genshin Impact,common,1.02,1.27
8118,NS-05-M08,004,SCR,Nahida,Genshin Impact,common,1.02,1.27
8119,NS-05-M08,005,SCR,Yelan,Genshin Impact,common,1.00,1.25
8120,NS-05-M08,006,SCR,Seele Vollerei,Honkai Impact,common,1.00,1.25
8121,NS-05-M08,007,SCR,Bronya Zaychik,Honkai Impact,common,1.00,1.25
8122,NS-05-M08,008,SCR,Theresa Apocalypse,Honkai Impact,common,1.01,1.26
8123,NS-05-M08,009,SCR,Bailu,Honkai: Star Rail,common,1.03,1.29
8124,NS-05-M08,010,SCR,Shinonome Ena,Project SEKAI,common,1.04,1.30
8125,NS-05-M08,011,SCR,Toujou Masateru,The Idolm@ster,common,1.03,1.29
8126,NS-05-M08,012,SCR,Ranko Kanzaki,The Idolm@ster,common,1.02,1.27
8127,NS-05-M08,013,SCR,Sakuya Izayoi,Touhou Project,common,1.01,1.26
8128,NS-05-M08,014,SCR,Shiroko Sunaookami,Blue Archive,common,1.03,1.29
8129,NS-05-M08,015,SCR,Mika Misono,Blue Archive,common,1.05,1.31
8130,NS-05-M08,016,SCR,Hoshino Takanashi,Blue Archive,common,1.01,1.26
8131,NS-05-M08,017,SCR,Megu,Blue Archive,common,1.02,1.27
8132,NS-05-M08,018,SCR,La+ Darkness,Hololive,common,1.04,1.30
8133,NS-05-M08,001,SR,Lisa,Genshin Impact,common,1.04,0.10
8134,NS-05-M08,002,SR,Tomoyo Daidouji,Cardcaptor Sakura,common,1.02,0.10
8135,NS-05-M08,003,SR,C.C.,Code Geass,common,1.02,0.10
8136,NS-05-M08,004,SR,Mami Tomoe,Puella Magi Madoka Magica,common,1.00,0.10
8137,NS-05-M08,005,SR,Ruri Gokou,OreImo,common,1.05,0.11
8138,NS-05-M08,006,SR,Megumi Kato,Saekano: How to Raise a Boring Girlfriend,common,1.04,0.10
8139,NS-05-M08,007,SR,Mai Sakurajima,Rascal Does Not Dream Of Bunny Girl Senpai,common,1.05,0.11
8140,NS-05-M08,008,SR,Rei Ayanami,Evangelion,common,1.05,0.11
8141,NS-05-M08,009,SR,Cirno,Touhou Project,common,1.02,0.10
8142,NS-05-M08,010,SR,Chino Kafuu,Is the Order a Rabbit?,common,1.00,0.10
8143,NS-05-M08,011,SR,St. Louis,Azur Lane,common,1.01,0.10
8144,NS-05-M08,012,SR,Misa Amane,Death Note,epic,4.01,0.40
8145,NS-05-M08,013,SR,Akane Shinjo,SSSS.GRIDMAN,common,1.05,0.11
8146,NS-05-M08,014,SR,Rikka Takarada,SSSS.GRIDMAN,common,1.00,0.10
8147,NS-05-M08,015,SR,Amu Hinamori,Shugo Chara!,common,1.04,0.10
8148,NS-05-M08,016,SR,Sajuna Inui,My Dress-Up Darling,rare,1.68,0.17
8149,NS-05-M08,017,SR,Shimoe Koharu,Blue Archive,common,1.03,0.10
8150,NS-05-M08,018,SR,Hoshimachi Suisei,Hololive,common,1.03,0.10
8151,NS-05-M08,001,CR,Hitori Gotou,Bocchi the Rock!,common,1.01,0.25
8152,NS-05-M08,002,CR,Kanade Hisaishi,Sound! Euphonium,common,1.04,0.26
8153,NS-05-M08,003,CR,Tsumiki Mikan,Danganronpa,common,1.03,0.26
8154,NS-05-M08,004,CR,Faruzan,Genshin Impact,common,1.04,0.26
8155,NS-05-M08,005,CR,Ganyu,Genshin Impact,common,1.02,0.26
8156,NS-05-M08,006,CR,Lumine,Genshin Impact,common,1.02,0.26
8157,NS-05-M08,007,CR,Clara,Honkai: Star Rail,common,1.05,0.26
8158,NS-05-M08,008,CR,Sirin,Honkai Impact,common,1.02,0.26
8159,NS-05-M08,009,CR,Nian,Arknights,common,1.00,0.25
8160,NS-05-M08,010,CR,Ui,Blue Archive,common,1.03,0.26
8161,NS-05-M08,011,CR,Izuna,Blue Archive,common,1.02,0.26
8162,NS-05-M08,012,CR,Hina,Blue Archive,common,1.05,0.26
8163,NS-05-M08,013,CR,Iochi Mari,Blue Archive,common,1.03,0.26
8164,NS-05-M08,014,CR,Hayase Yuuka,Blue Archive,common,1.01,0.25
8165,NS-05-M08,015,CR,Hakos Baelz,Hololive,common,1.04,0.26
8166,NS-05-M08,016,CR,Hoshikawa Sara,VTuber,common,1.02,0.26
8167,NS-05-M08,017,CR,Minato Aqua,Hololive,common,1.00,0.25
8168,NS-05-M08,018,CR,Morikubo Nono,The Idolm@ster,common,1.02,0.26
8169,NS-05-M08,001,R,Rin Shima,Laid-Back Camp,common,1.02,0.01
8170,NS-05-M08,002,R,Klee,Genshin Impact,common,1.03,0.01
8171,NS-05-M08,003,R,Kamisato Ayaka,Genshin Impact,common,1.01,0.01
8172,NS-05-M08,004,R,Yae Miko,Genshin Impact,common,1.00,0.01
8173,NS-05-M08,005,R,Lumine,Genshin Impact,common,1.00,0.01
8174,NS-05-M08,006,R,Bremerton,Azur Lane,common,1.01,0.01
8175,NS-05-M08,007,R,Noshiro,Azur Lane,common,1.02,0.01
8176,NS-05-M08,008,R,Yui Yuigahama,My Youth Romantic Comedy Is Wrong As I Expected,common,1.04,0.01
8177,NS-05-M08,009,R,Yukino Yukinoshita,My Youth Romantic Comedy Is Wrong As I Expected,common,1.03,0.01
8178,NS-05-M08,010,R,Utaha Kasumigaoka,Saekano: How to Raise a Boring Girlfriend,common,1.05,0.01
8179,NS-05-M08,011,R,Eriri Spencer Sawamura,Saekano: How to Raise a Boring Girlfriend,common,1.00,0.01
8180,NS-05-M08,012,R,Tatsumaki,One Punch Man,epic,3.79,0.04
8181,NS-05-M08,013,R,Asuna Yuuki,Sword Art Online,legendary,13.96,0.14
8182,NS-05-M08,014,R,Ai Hayasaka,Kaguya-sama: Love is War,epic,3.44,0.03
8183,NS-05-M08,015,R,Eru Chitanda,Hyouka,common,1.01,0.01
8184,NS-05-M08,016,R,Merlin,Fate Series,common,1.00,0.01
8185,NS-05-M08,017,R,Ui,Blue Archive,common,1.02,0.01
8186,NS-05-M08,018,R,Arona,Blue Archive,common,1.02,0.01
8187,NS-05-M08,001,PR,,,common,1.00,12.00
8188,NS-05-M08,002,PR,,,common,1.03,12.36
8189,NS-05-M08,003,PR,,,common,1.04,12.48
8190,NS-05-M08,004,PR,,,common,1.02,12.24
8191,NS-05-M08,005,PR,,,common,1.01,12.12
8192,NS-05-M08,006,PR,,,common,1.03,12.36
8193,NS-05-M08,007,PR,,,common,1.05,12.60
8194,NS-05-M08,008,PR,Fiona Frost,Spy X Family,rare,1.70,20.40
8195,NS-05-M08,009,PR,,,common,1.04,12.48
8196,NS-05-M08,010,PR,,,common,1.00,12.00
8197,NS-05-M08,011,PR,,,common,1.03,12.36
8198,NS-05-M08,012,PR,,,common,1.01,12.12
8199,NS-02-M11,001,R,Shino Asada,Sword Art Online,rare,2.00,0.02
8200,NS-02-M11,002,R,Haqua du Lot Herminium,The World God Only Knows,common,1.01,0.01
8201,NS-02-M11,003,R,Aoi Yamada,Working!!,common,1.02,0.01
8202,NS-02-M11,004,R,Artoria Pendragon (Saber),Fate Series,common,1.03,0.01
8203,NS-02-M11,005,R,Atago,Kantai Collection,common,1.01,0.01
8204,NS-02-M11,006,R,Victorique de Blois,Gosick,common,1.05,0.01
8205,NS-02-M11,007,R,Momo Belia Deviluke,To LOVE-Ru,common,1.00,0.01
8206,NS-02-M11,008,R,2B,NieR: Automata,epic,3.25,0.03
8207,NS-02-M11,009,R,Eriri Spencer Sawamura,Saekano: How to Raise a Boring Girlfriend,common,1.04,0.01
8208,NS-02-M11,010,R,Megumi Kato,Saekano: How to Raise a Boring Girlfriend,common,1.04,0.01
8209,NS-02-M11,011,R,Sagiri Izumi,Eromanga Sensei,common,1.00,0.01
8210,NS-02-M11,012,R,Maka Albarn,Soul Eater,rare,1.61,0.02
8211,NS-02-M11,013,R,Popuko,Pop Team Epic,common,1.00,0.01
8212,NS-02-M11,014,R,Pipimi,Pop Team Epic,common,1.04,0.01
8213,NS-02-M11,015,R,Ryuuguu Rena,When they Cry (Higurashi no Naku Koro ni),common,1.03,0.01
8214,NS-02-M11,016,R,Mio Akiyama,K-On!,common,1.01,0.01
8215,NS-02-M11,017,R,Eru Chitanda,Hyouka,common,1.02,0.01
8216,NS-02-M11,018,R,Ruri Gokou,OreImo,common,1.05,0.01
8217,NS-02-M11,001,CR,Motoko Kusanagi,Ghost In The Shell,common,1.04,0.26
8218,NS-02-M11,002,CR,Vivy,Vivy -Fluorite Eye's Song-,epic,4.53,1.13
8219,NS-02-M11,003,CR,Ai Enma,Hell Girl,common,1.04,0.26
8220,NS-02-M11,004,CR,Lala Satalin Deviluke,To LOVE-Ru,common,1.02,0.26
8221,NS-02-M11,005,CR,Popura Taneshima,Working!!,common,1.03,0.26
8222,NS-02-M11,006,CR,Hitori Gotou,Bocchi the Rock!,common,1.01,0.25
8223,NS-02-M11,007,CR,Shinobu Oshino,Monogatari Series,common,1.00,0.25
8224,NS-02-M11,008,CR,Karla,"Kono Healer, Mendokusai",common,1.04,0.26
8225,NS-02-M11,009,CR,Elaina,The Journey of Elaina,common,1.00,0.25
8226,NS-02-M11,010,CR,Uta,One Piece,epic,4.22,1.06
8227,NS-02-M11,011,CR,Alpha,The Eminence in Shadow,common,1.00,0.25
8228,NS-02-M11,012,CR,Iono,Pokemon,common,1.05,0.26
8229,NS-02-M11,013,CR,Mio Kofune,Summer Time Rendering,common,1.04,0.26
8230,NS-02-M11,014,CR,Liko,Pokemon,common,1.01,0.25
8231,NS-02-M11,015,CR,Yumeko Jabami,Kakegurui,epic,4.60,1.15
8232,NS-02-M11,016,CR,Madoka Kaname,Puella Magi Madoka Magica,common,1.01,0.25
8233,NS-02-M11,017,CR,Lina Inverse,Slayers,common,1.03,0.26
8234,NS-02-M11,018,CR,Kafka,Honkai: Star Rail,common,1.03,0.26
8235,NS-02-M11,001,SR,Lum,Urusei Yatsura,common,1.04,0.10
8236,NS-02-M11,002,SR,Togame,Katanagatari,common,1.05,0.11
8237,NS-02-M11,003,SR,Prushka,Made in Abyss,rare,1.85,0.19
8238,NS-02-M11,004,SR,Akemi Homura,Puella Magi Madoka Magica,common,1.04,0.10
8239,NS-02-M11,005,SR,Yoko Littner,Gurren Lagann,common,1.01,0.10
8240,NS-02-M11,006,SR,Asirpa,Golden Kamuy,common,1.00,0.10
8241,NS-02-M11,007,SR,Rikka Takanashi,"Love, Chunibyo & Other Delusions!",common,1.03,0.10
8242,NS-02-M11,008,SR,Jolyne Kujo,JoJo's Bizarre Adventure,mythic,72.48,7.25
8243,NS-02-M11,009,SR,Shenhe,Genshin Impact,common,1.03,0.10
8244,NS-02-M11,010,SR,Orihime Inoue,Bleach,epic,3.13,0.31
8245,NS-02-M11,011,SR,Meimi Haneoka,Saint Tail,common,1.04,0.10
8246,NS-02-M11,012,SR,Ranni the Witch,Elden Ring,common,1.00,0.10
8247,NS-02-M11,013,SR,Hizuru Minakata,Summer Time Rendering,common,1.01,0.10
8248,NS-02-M11,014,SR,Kurisu Makise,Steins; Gate,epic,3.00,0.30
8249,NS-02-M11,015,SR,Emilia,Re:Zero,epic,4.99,0.50
8250,NS-02-M11,016,SR,Rem,Re:Zero,epic,4.50,0.45
8251,NS-02-M11,017,SR,Faruzan,Genshin Impact,common,1.05,0.11
8252,NS-02-M11,018,SR,Rukia Kuchiki,Bleach,epic,4.74,0.47
8253,NS-02-M11,001,SCR,Kamisato Ayaka,Genshin Impact,common,1.05,1.31
8254,NS-02-M11,002,SCR,Shana,Shakugan no Shana,common,1.02,1.27
8255,NS-02-M11,003,SCR,Nono,Gunbuster,common,1.05,1.31
8256,NS-02-M11,004,SCR,Kuroko Shirai,A Certain Magical Index (Toaru Kagaku no Railgun),common,1.04,1.30
8257,NS-02-M11,005,SCR,Taiga Aisaka,Toradora,common,1.04,1.30
8258,NS-02-M11,006,SCR,Ganyu,Genshin Impact,common,1.04,1.30
8259,NS-02-M11,007,SCR,Holo,Spice & Wolf,common,1.01,1.26
8260,NS-02-M11,008,SCR,Marin Kitagawa,My Dress-Up Darling,epic,4.66,5.83
8261,NS-02-M11,009,SCR,Kagura,Gintama,common,1.04,1.30
8262,NS-02-M11,010,SCR,Princess Peach,Super Mario,common,1.00,1.25
8263,NS-02-M11,011,SCR,Lucy,Cyberpunk Edgerunners,epic,4.47,5.59
8264,NS-02-M11,012,SCR,Aqua,God's Blessing on this Wonderful World! (KonoSuba),epic,4.56,5.70
8265,NS-02-M11,013,SCR,Fuko Ibuki,Clannad,common,1.05,1.31
8266,NS-02-M11,014,SCR,Jeanne d'Arc,Fate Series,common,1.04,1.30
8267,NS-02-M11,015,SCR,Asuka Shikinami Langley,Evangelion,common,1.04,1.30
8268,NS-02-M11,016,SCR,Black Rock Shooter,Black Rock Shooter,common,1.03,1.29
8269,NS-02-M11,017,SCR,Yutori Natsu,Blue Archive,common,1.01,1.26
8270,NS-02-M11,018,SCR,Elysia,Honkai Impact,common,1.04,1.30
8271,NS-02-M11,001,SSR,Nanachi,Made in Abyss,rare,1.97,4.93
8272,NS-02-M11,002,SSR,Hu Tao,Genshin Impact,common,1.05,2.63
8273,NS-02-M11,003,SSR,Grass Wonder,Uma Musume Pretty Derby,common,1.00,2.50
8274,NS-02-M11,004,SSR,Hatsune Miku,Vocaloid,common,1.05,2.63
8275,NS-02-M11,005,SSR,Amiya,Arknights,common,1.00,2.50
8276,NS-02-M11,006,SSR,Krul Tepes,Seraph of The End,rare,1.66,4.15
8277,NS-02-M11,007,SSR,Usagi Tsukino (Sailor Moon),Sailor Moon,common,1.00,2.50
8278,NS-02-M11,008,SSR,Princess of the Crystal,Mawaru Penguindrum,common,1.05,2.63
8279,NS-02-M11,009,SSR,Yotsugi Ononoki,Monogatari Series,common,1.01,2.53
8280,NS-02-M11,010,SSR,Kuon,Utawarerumono,common,1.00,2.50
8281,NS-02-M11,011,SSR,Kanon Nakagawa,The World God Only Knows,common,1.01,2.53
8282,NS-02-M11,012,SSR,Sakura Kinomoto,Cardcaptor Sakura,common,1.03,2.58
8283,NS-02-M11,013,SSR,Zero Two,Darling in the Franxx,epic,4.73,11.83
8284,NS-02-M11,014,SSR,Ichigo,Darling in the Franxx,epic,3.57,8.92
8285,NS-02-M11,015,SSR,Miku,Darling in the Franxx,epic,3.11,7.78
8286,NS-02-M11,016,SSR,Kokoro,Darling in the Franxx,epic,3.49,8.73
8287,NS-02-M11,017,SSR,Ikuno,Darling in the Franxx,epic,4.58,11.45
8288,NS-02-M11,018,SSR,Reimu Hakurei,Touhou Project,common,1.00,2.50
8289,NS-02-M11,019,SSR,Marisa Kirisame,Touhou Project,common,1.05,2.63
8290,NS-02-M11,020,SSR,Alice Margatroid,Touhou Project,common,1.01,2.53
8291,NS-02-M11,021,SSR,KAngel,Needy Streamer Overload,common,1.02,2.55
8292,NS-02-M11,022,SSR,Mercury Suletta,Mobile Suit Gundam: The Witch from Mercury,common,1.04,2.60
8293,NS-02-M11,023,SSR,Miorine Rembran,Mobile Suit Gundam: The Witch from Mercury,common,1.00,2.50
8294,NS-02-M11,024,SSR,Veyle,Fire Emblem,common,1.00,2.50
8295,NS-02-M11,025,SSR,Keqing,Genshin Impact,common,1.02,2.55
8296,NS-02-M11,026,SSR,Mudrock,Arknights,common,1.05,2.63
8297,NS-02-M11,027,SSR,Shiroko Sunaookami,Blue Archive,common,1.00,2.50
8298,NS-02-M11,001,PTR,Kaori Miyazono,Your Lie in April,common,1.04,6.24
8299,NS-02-M11,002,PTR,Louise,The Familiar of Zero,common,1.00,6.00
8300,NS-02-M11,003,PTR,Misaka Mikoto,A Certain Magical Index (Toaru Kagaku no Railgun),common,1.03,6.18
8301,NS-02-M11,004,PTR,Rukia Kuchiki,Bleach,epic,3.57,21.42
8302,NS-02-M11,005,PTR,C.C.,Code Geass,common,1.03,6.18
8303,NS-02-M11,006,PTR,Yor Forger,Spy X Family,epic,4.00,24.00
8304,NS-02-M11,007,PTR,Minmay Lynn,Macross,rare,1.78,10.68
8305,NS-02-M11,008,PTR,Nia Teppelin,Gurren Lagann,common,1.03,6.18
8306,NS-02-M11,009,PTR,Megumin,God's Blessing on this Wonderful World! (KonoSuba),epic,4.77,28.62
8307,NS-02-M11,001,MSR,Zero Two,Darling in the Franxx,epic,4.81,28.86
8308,NS-02-M11,002,MSR,Yor Forger,Spy X Family,epic,4.78,28.68
8309,NS-02-M11,003,MSR,Ganyu,Genshin Impact,common,1.00,6.00
8310,NS-02-M11,004,MSR,Hitori Gotou,Bocchi the Rock!,common,1.01,6.06
8311,NS-02-M11,005,MSR,Furina (Focalors),Genshin Impact,common,1.01,6.06
8312,NS-02-M11,006,MSR,Archetto,Arknights,common,1.05,6.30
8313,NS-02-M11,001,SER,Pink Camellia,Original,common,1.04,5.20
8314,NS-02-M11,002,SER,Pink Lotus,Original,common,1.02,5.10
8315,NS-02-M11,003,SER,Purple Morning Glory,Original,common,1.03,5.15
8316,NS-02-M11,004,SER,Pink Sakura,Original,common,1.02,5.10
8317,NS-02-M11,005,SER,Red Tulip,Original,common,1.00,5.00
8318,NS-02-M11,006,SER,Purple Hydrangea,Original,common,1.00,5.00
8319,NS-02-M11,001,UR,Klee,Genshin Impact,common,1.05,6.30
8320,NS-02-M11,002,UR,Furina (Focalors),Genshin Impact,common,1.01,6.06
8321,NS-02-M11,003,UR,Nilou,Genshin Impact,common,1.02,6.12
8322,NS-02-M11,004,UR,Kana Arima,Oshi No Ko (My idol's Child),common,1.04,6.24
8323,NS-02-M11,005,UR,Morgan le Fay,Fate Series,common,1.02,6.12
8324,NS-02-M11,006,UR,Kafka,Honkai: Star Rail,common,1.03,6.18
8325,NS-02-M11,001,PR,Origami Tobiichi,Date A Live,common,1.02,12.24
8326,NS-02-M11,002,PR,Teletha Testarossa,Full Metal Panic!,common,1.01,12.12
8327,NS-02-M11,003,PR,Kanade Tachibana,Angel Beats!,common,1.00,12.00
8328,NS-02-M11,004,PR,Echidna,Re:Zero,epic,4.55,54.60
8329,NS-02-M11,005,PR,Sora Kasugano,Yosuga no Sora,common,1.01,12.12
8330,NS-02-M11,006,PR,Vladilena Milize,86 (Eighty Six),common,1.04,12.48
8331,NS-02-M11,007,PR,Fujiwara no Mokou,Touhou Project,common,1.03,12.36
8332,NS-02-M11,008,PR,Shiro,No Game No Life,rare,1.90,22.80
8333,NS-02-M11,009,PR,Sakuya Izayoi,Touhou Project,common,1.02,12.24
8334,NS-02-M11,010,PR,Kei Shirogane,Kaguya-sama: Love is War,epic,3.44,41.28
8335,NS-02-M11,011,PR,Emilia,Re:Zero,epic,4.31,51.72
8336,NS-02-M11,012,PR,Siesta,The Detective is Already Dead,common,1.05,12.60
9639,NS-05-M06,001,PR,Hinata Natsuki,Ms. vampire who lives in my neighborhood,common,1.02,12.24
9640,NS-05-M06,002,PR,Qiqi,Genshin Impact,common,1.00,12.00
9641,NS-05-M06,003,PR,Klee,Genshin Impact,common,1.04,12.48
9642,NS-05-M06,004,PR,Sayu,Genshin Impact,common,1.05,12.60
9643,NS-05-M06,005,PR,Diona,Genshin Impact,common,1.02,12.24
9644,NS-05-M06,006,PR,Saratoga,Azur Lane,common,1.01,12.12
9645,NS-05-M06,007,PR,Flandre Scarlet,Touhou Project,common,1.03,12.36
9646,NS-05-M06,008,PR,Theresa Apocalypse,Honkai Impact,common,1.01,12.12
9647,NS-05-M06,009,PR,Ai Hinatsuru,The Ryuo's Work is Never Done,common,1.00,12.00
9648,NS-05-M06,010,PR,Chino Kafuu,Is the Order a Rabbit?,common,1.05,12.60
9649,NS-05-M06,011,PR,Hana Shirosaki,WATATEN!: An Angel Flow Down to Me,common,1.00,12.00
9650,NS-05-M06,012,PR,Noa Himesaka,WATATEN!: An Angel Flow Down to Me,common,1.02,12.24
9651,NS-05-M06,013,PR,Izuna Hatsuse,No Game No Life,rare,1.55,18.60
9652,NS-05-M06,014,PR,Abigail Williams,Fate Series,common,1.00,12.00
9653,NS-05-M06,015,PR,Sagiri Izumi,Eromanga Sensei,common,1.01,12.12
9654,NS-05-M06,016,PR,Yoshino Himekawa,Date A Live,common,1.05,12.60
9655,NS-05-M06,017,PR,Laffey,Azur Lane,common,1.03,12.36
9656,NS-05-M06,018,PR,Megumin,God's Blessing on this Wonderful World! (KonoSuba),epic,3.82,45.84
9784,NS-12,001,SER,Pink Sakura (Shiki Ryougi),Kara no Kyoukai,common,1.02,5.10
9785,NS-12,002,SER,Red Lycoris Radiata (Chisato Nishikigi),Lycoris Recoil,common,1.02,5.10
9786,NS-12,003,SER,White Lily (Nilou),Genshin Impact,common,1.05,5.25
9787,NS-12,001,SSR,Violet Evergarden,Violet Evergarden,common,1.01,2.53
9788,NS-12,002,SSR,Kugisaki Nobara,Jujutsu Kaisen,epic,4.38,10.95
9789,NS-12,003,SSR,Frieren,Sousou no Frieren,mythic,64.91,162.27
9790,NS-12,004,SSR,Ai Hoshino,Oshi No Ko (My idol's Child),common,1.04,2.60
9791,NS-12,005,SSR,Furina (Focalors),Genshin Impact,common,1.05,2.63
9792,NS-12,006,SSR,Shiroko Sunaookami,Blue Archive,common,1.05,2.63
9793,NS-12,007,SSR,Rukia Kuchiki,Bleach,epic,4.75,11.88
9794,NS-12,008,SSR,Kirakishou,Rozen Maiden,common,1.01,2.53
9795,NS-12,009,SSR,Misaka Mikoto,A Certain Magical Index (Toaru Kagaku no Railgun),common,1.01,2.53
9796,NS-12,010,SSR,Skadi the Corrupting Heart,Arknights,common,1.00,2.50
9797,NS-12,011,SSR,Amiya,Arknights,common,1.00,2.50
9798,NS-12,012,SSR,Reisalin Stout,Atelier Series,common,1.03,2.58
9799,NS-12,013,SSR,Shinobu Kochou,Demon Slayer (Kimetsu no Yaiba),epic,4.86,12.15
9800,NS-12,014,SSR,Reimu Hakurei,Touhou Project,common,1.00,2.50
9801,NS-12,015,SSR,Makima,Chainsaw Man,epic,4.22,10.55
9802,NS-12,016,SSR,Bronya Rand,Honkai: Star Rail,common,1.05,2.63
9803,NS-12,017,SSR,Mirai Kuriyama,Beyond the Boundary,common,1.05,2.63
9804,NS-12,018,SSR,Jeanne d'Arc,Fate Series,common,1.01,2.53
9805,NS-12,001,SCR,Emilia,Re:Zero,epic,4.49,5.61
9806,NS-12,002,SCR,Euphemia Li Britannia,Code Geass,common,1.05,1.31
9807,NS-12,003,SCR,Kiruya Momochi (Kyaru),Princess Connect Re:Dive,common,1.02,1.27
9808,NS-12,004,SCR,Mitsuri Kanroji,Demon Slayer (Kimetsu no Yaiba),epic,4.36,5.45
9809,NS-12,005,SCR,Kaguya Shinomiya,Kaguya-sama: Love is War,epic,3.38,4.22
9810,NS-12,006,SCR,Momoka Sakurai,The Idolm@ster,common,1.04,1.30
9811,NS-12,007,SCR,Kirakishou,Rozen Maiden,common,1.00,1.25
9812,NS-12,008,SCR,Chino Kafuu,Is the Order a Rabbit?,common,1.03,1.29
9813,NS-12,009,SCR,Tokai Teio,Uma Musume Pretty Derby,common,1.05,1.31
9814,NS-12,010,SCR,Jolyne Kujo,JoJo's Bizarre Adventure,mythic,89.65,112.06
9815,NS-12,011,SCR,Akiyama Mizuki,Project SEKAI,common,1.01,1.26
9816,NS-12,012,SCR,Serval,Kemono Friends,common,1.01,1.26
9817,NS-12,013,SCR,Kaori Miyazono,Your Lie in April,common,1.03,1.29
9818,NS-12,014,SCR,Arona,Blue Archive,common,1.02,1.27
9819,NS-12,015,SCR,Kafka,Honkai: Star Rail,common,1.01,1.26
9820,NS-12,016,SCR,Yuki Takeya,School-Live!,common,1.03,1.29
9821,NS-12,017,SCR,Yoshino Himekawa,Date A Live,common,1.02,1.27
9822,NS-12,018,SCR,Ai Mizuno,Zombieland Saga,common,1.00,1.25
9823,NS-12,001,SR,Kotori Minami,Love Live!,common,1.05,0.11
9824,NS-12,002,SR,Rem,Re:Zero,epic,3.62,0.36
9825,NS-12,003,SR,Elysia,Honkai Impact,common,1.00,0.10
9826,NS-12,004,SR,Kumiko Oumae,Sound! Euphonium,common,1.04,0.10
9827,NS-12,005,SR,Power,Chainsaw Man,epic,4.11,0.41
9828,NS-12,006,SR,Ryou Yamada,Bocchi the Rock!,common,1.05,0.11
9829,NS-12,007,SR,Chika Fujiwara,Kaguya-sama: Love is War,epic,4.14,0.41
9830,NS-12,008,SR,Yor Forger,Spy X Family,epic,4.99,0.50
9831,NS-12,009,SR,Amagiri,Kantai Collection,common,1.04,0.10
9832,NS-12,010,SR,Yuuko Yoshida,The Demon Girl Next Door,common,1.03,0.10
9833,NS-12,011,SR,Yumeko Jabami,Kakegurui,epic,4.05,0.41
9834,NS-12,012,SR,Louise,The Familiar of Zero,common,1.01,0.10
9835,NS-12,013,SR,Ch'en,Arknights,common,1.02,0.10
9836,NS-12,014,SR,Madoka Kaname,Puella Magi Madoka Magica,common,1.04,0.10
9837,NS-12,015,SR,Sakura Kinomoto,Cardcaptor Sakura,common,1.00,0.10
9838,NS-12,016,SR,Kuroko Shirai,A Certain Magical Index (Toaru Kagaku no Railgun),common,1.01,0.10
9839,NS-12,017,SR,Ichikawa Hinana,The Idolm@ster,common,1.04,0.10
9840,NS-12,018,SR,Mai Sakurajima,Rascal Does Not Dream Of Bunny Girl Senpai,common,1.04,0.10
9841,NS-12,019,SR,Yui Hirasawa,K-On!,common,1.01,0.10
9842,NS-12,020,SR,Chino Kafuu,Is the Order a Rabbit?,common,1.02,0.10
9843,NS-12,021,SR,Kitasan Black,Uma Musume Pretty Derby,common,1.03,0.10
9844,NS-12,022,SR,Shinonome Ena,Project SEKAI,common,1.02,0.10
9845,NS-12,023,SR,Miorine Rembran,Mobile Suit Gundam: The Witch from Mercury,common,1.02,0.10
9846,NS-12,024,SR,Saki Miyanaga,Saki,common,1.05,0.11
9847,NS-12,025,SR,Mumei,Kabaneri of the Iron Fortress,epic,3.42,0.34
9848,NS-12,026,SR,Marika Tachibana,Nisekoi,common,1.02,0.10
9849,NS-12,027,SR,Kana Arima,Oshi No Ko (My idol's Child),common,1.01,0.10
9850,NS-12,028,SR,Nino Nakano,The Quintessential Quintuplets,common,1.01,0.10
9851,NS-12,029,SR,Kanna Kamui,Miss Kobayashi's Dragon Maid,epic,3.93,0.39
9852,NS-12,030,SR,Rei Ayanami,Evangelion,common,1.01,0.10
9853,NS-12,031,SR,Silver Wolf,Honkai: Star Rail,common,1.04,0.10
9854,NS-12,032,SR,Akari Akaza,YuruYuri: Happy Go Lily,common,1.04,0.10
9855,NS-12,033,SR,Nadeshiko Kagamihara,Laid-Back Camp,common,1.02,0.10
9856,NS-12,034,SR,Kurumi Tokisaki,Date A Live,common,1.03,0.10
9857,NS-12,035,SR,Fern,Sousou no Frieren,legendary,14.81,1.48
9858,NS-12,036,SR,Yuki Tsukumo,Jujutsu Kaisen,epic,3.79,0.38
9859,NS-12,001,CR,Yui,Angel Beats!,common,1.04,0.26
9860,NS-12,002,CR,Artoria Pendragon (Saber),Fate Series,common,1.05,0.26
9861,NS-12,003,CR,Rin Tohsaka,Fate Series,common,1.03,0.26
9862,NS-12,004,CR,Ryuuko Matoi,Kill la Kill,epic,4.03,1.01
9863,NS-12,005,CR,Rikka Takarada,SSSS.GRIDMAN,common,1.02,0.26
9864,NS-12,006,CR,Marin Kitagawa,My Dress-Up Darling,epic,4.71,1.18
9865,NS-12,007,CR,Ginko Sora,The Ryuo's Work is Never Done,common,1.02,0.26
9866,NS-12,008,CR,Nanaho Takamachi,Magical Girl Lyrical Nanoha,common,1.04,0.26
9867,NS-12,009,CR,Shinku,Rozen Maiden,common,1.04,0.26
9868,NS-12,010,CR,Azusa Nakano,K-On!,common,1.00,0.25
9869,NS-12,011,CR,Ichihime,Mahjong Soul,common,1.00,0.25
9870,NS-12,012,CR,Mercury Suletta,Mobile Suit Gundam: The Witch from Mercury,common,1.01,0.25
9871,NS-12,013,CR,Yuno Gasai,Future Diary,common,1.03,0.26
9872,NS-12,014,CR,Ruby Hoshino,Oshi No Ko (My idol's Child),common,1.05,0.26
9873,NS-12,015,CR,Tohru,Miss Kobayashi's Dragon Maid,epic,4.26,1.07
9874,NS-12,016,CR,Asuka Shikinami Langley,Evangelion,common,1.04,0.26
9875,NS-12,017,CR,Hotarugusa,Onmyoji,common,1.02,0.26
9876,NS-12,018,CR,Rikka Takanashi,"Love, Chunibyo & Other Delusions!",common,1.01,0.25
9877,NS-12,001,R,Sayo Hikawa,BanG Dream!,common,1.04,0.01
9878,NS-12,002,R,Mako Mankanshoku,Kill la Kill,epic,3.08,0.03
9879,NS-12,003,R,Shizuku Osaka,Love Live!,common,1.04,0.01
9880,NS-12,004,R,Hyakumantenbara Salome,VTuber,common,1.03,0.01
9881,NS-12,005,R,Mito Tsukino,VTuber,common,1.05,0.01
9882,NS-12,006,R,Yuyuko Saigyouji,Touhou Project,common,1.03,0.01
9883,NS-12,007,R,Mahiru Shiina,The Angel Next Door Spoils Me Rotten,common,1.02,0.01
9884,NS-12,008,R,Horn,Arknights,common,1.04,0.01
9885,NS-12,009,R,Kurisu Makise,Steins; Gate,epic,3.04,0.03
9886,NS-12,010,R,Nagi Hisakawa,The Idolm@ster,common,1.05,0.01
9887,NS-12,011,R,Shiki Ichinose,The Idolm@ster,common,1.04,0.01
9888,NS-12,012,R,Fuyuko Mayuzumi,The Idolm@ster,common,1.04,0.01
9889,NS-12,013,R,Meguru Hachimiya,The Idolm@ster,common,1.05,0.01
9890,NS-12,014,R,Yoisaki Kanade,Project SEKAI,common,1.00,0.01
9891,NS-12,015,R,Amu Hinamori,Shugo Chara!,common,1.05,0.01
9892,NS-12,016,R,Roxy Migurdia,Mushoku Tensei: Jobless Reincarnation,rare,1.60,0.02
9893,NS-12,017,R,Yotsuba Nakano,The Quintessential Quintuplets,common,1.00,0.01
9894,NS-12,018,R,Sora Kasugano,Yosuga no Sora,common,1.02,0.01
10229,NS-02-M12,001,MSR,Tokai Teio,Uma Musume Pretty Derby,common,1.00,6.00
10230,NS-02-M12,002,MSR,Chisato Nishikigi,Lycoris Recoil,common,1.04,6.24
10231,NS-02-M12,003,MSR,Ram,Re:Zero,epic,3.50,21.00
10232,NS-02-M12,004,MSR,Madoka Kaname,Puella Magi Madoka Magica,common,1.05,6.30
10233,NS-02-M12,005,MSR,Sakura Kinomoto,Cardcaptor Sakura,common,1.02,6.12
10234,NS-02-M12,006,MSR,Misaka Mikoto,A Certain Magical Index (Toaru Kagaku no Railgun),common,1.02,6.12
10235,NS-02-M12,001,UR,Jingliu,Honkai: Star Rail,common,1.05,6.30
10236,NS-02-M12,002,UR,Chika Fujiwara,Kaguya-sama: Love is War,epic,4.89,29.34
10237,NS-02-M12,003,UR,Rice Shower,Uma Musume Pretty Derby,common,1.00,6.00
10238,NS-02-M12,004,UR,Hayase Yuuka,Blue Archive,common,1.00,6.00
10239,NS-02-M12,005,UR,Furina (Focalors),Genshin Impact,common,1.00,6.00
10240,NS-02-M12,006,UR,Fern,Sousou no Frieren,legendary,10.51,63.06
10241,NS-02-M12,001,PTR,Yui Hirasawa,K-On!,common,1.03,6.18
10242,NS-02-M12,002,PTR,Asuna Yuuki,Sword Art Online,legendary,17.41,104.46
10243,NS-02-M12,003,PTR,KAngel,Needy Streamer Overload,common,1.01,6.06
10244,NS-02-M12,004,PTR,Chiaki Nanami,Danganronpa,common,1.05,6.30
10245,NS-02-M12,005,PTR,Kumiko Oumae,Sound! Euphonium,common,1.00,6.00
10246,NS-02-M12,006,PTR,Illyasviel von Einzbern,Fate Series,common,1.04,6.24
10247,NS-02-M12,007,PTR,Renge Miyauchi,Non Non Biyori,common,1.05,6.30
10248,NS-02-M12,008,PTR,Tamako Kitashirakawa,Tamako Market,common,1.02,6.12
10249,NS-02-M12,009,PTR,Rikka Takanashi,"Love, Chunibyo & Other Delusions!",common,1.03,6.18
10250,NS-02-M12,001,SER,Red Camellia (Nakiri Ayame),Hololive,common,1.01,5.05
10251,NS-02-M12,002,SER,Pink Rose (Kamisato Ayaka),Genshin Impact,common,1.02,5.10
10252,NS-02-M12,003,SER,Purple Wisteria (Shinobu Kochou),Demon Slayer (Kimetsu no Yaiba),epic,3.49,17.45
10253,NS-02-M12,004,SER,Yellow Sunflower (Artoria Pendragon),Fate Series,common,1.01,5.05
10254,NS-02-M12,005,SER,Pink Sakura (Tomoyo Daidouji),Cardcaptor Sakura,common,1.01,5.05
10255,NS-02-M12,006,SER,Purple Hydrangea (Mejiro McQueen),Uma Musume Pretty Derby,common,1.05,5.25
10256,NS-02-M12,001,SSR,Artoria Pendragon (Lily),Fate Series,common,1.00,2.50
10257,NS-02-M12,002,SSR,Rem,Re:Zero,epic,4.25,10.63
10258,NS-02-M12,003,SSR,Sparkle,Honkai: Star Rail,common,1.04,2.60
10259,NS-02-M12,004,SSR,Kyoko Kirigiri,Danganronpa,common,1.05,2.63
10260,NS-02-M12,005,SSR,Cirno,Touhou Project,common,1.04,2.60
10261,NS-02-M12,006,SSR,Hitori Gotou,Bocchi the Rock!,common,1.01,2.53
10262,NS-02-M12,007,SSR,Nami,One Piece,mythic,77.66,194.15
10263,NS-02-M12,008,SSR,Yor Forger,Spy X Family,epic,4.29,10.73
10264,NS-02-M12,009,SSR,Shiki Ryougi,Kara no Kyoukai,common,1.05,2.63
10265,NS-02-M12,010,SSR,Muelsyse,Arknights,common,1.00,2.50
10266,NS-02-M12,011,SSR,Akemi Homura,Puella Magi Madoka Magica,common,1.04,2.60
10267,NS-02-M12,012,SSR,Lucy,Cyberpunk Edgerunners,epic,4.50,11.25
10268,NS-02-M12,013,SSR,Tokai Teio,Uma Musume Pretty Derby,common,1.03,2.58
10269,NS-02-M12,014,SSR,Jolyne Kujo,JoJo's Bizarre Adventure,mythic,70.70,176.75
10270,NS-02-M12,015,SSR,Shiroko Sunaookami,Blue Archive,common,1.01,2.53
10271,NS-02-M12,016,SSR,Fern,Sousou no Frieren,legendary,12.22,30.55
10272,NS-02-M12,017,SSR,Ai Hoshino,Oshi No Ko (My idol's Child),common,1.03,2.58
10273,NS-02-M12,018,SSR,Furina (Focalors),Genshin Impact,common,1.00,2.50
10274,NS-02-M12,019,SSR,Yotsugi Ononoki,Monogatari Series,common,1.02,2.55
10275,NS-02-M12,020,SSR,Krul Tepes,Seraph of The End,rare,1.50,3.75
10276,NS-02-M12,021,SSR,Reimu Hakurei,Touhou Project,common,1.00,2.50
10277,NS-02-M12,022,SSR,Ichigo,Darling in the Franxx,epic,4.43,11.08
10278,NS-02-M12,023,SSR,Nanachi,Made in Abyss,rare,1.90,4.75
10279,NS-02-M12,024,SSR,Yozora Mikazuki,Haganai: I don't have many friends,common,1.04,2.60
10280,NS-02-M12,025,SSR,Sakura Kinomoto,Cardcaptor Sakura,common,1.04,2.60
10281,NS-02-M12,026,SSR,Hoshimachi Suisei,Hololive,common,1.05,2.63
10282,NS-02-M12,027,SSR,Maika Sakuranomiya,Blend S,common,1.04,2.60
10283,NS-02-M12,001,SCR,Yukihana Lamy,Hololive,common,1.03,1.29
10284,NS-02-M12,002,SCR,Rina Tennouji,Love Live!,common,1.01,1.26
10285,NS-02-M12,003,SCR,Seele,Honkai: Star Rail,common,1.04,1.30
10286,NS-02-M12,004,SCR,Marin Kitagawa,My Dress-Up Darling,epic,4.44,5.55
10287,NS-02-M12,005,SCR,Ryou Yamada,Bocchi the Rock!,common,1.01,1.26
10288,NS-02-M12,006,SCR,Nezuko Kamado,Demon Slayer (Kimetsu no Yaiba),epic,3.39,4.24
10289,NS-02-M12,007,SCR,Ginko Sora,The Ryuo's Work is Never Done,common,1.05,1.31
10290,NS-02-M12,008,SCR,Amiya,Arknights,common,1.00,1.25
10291,NS-02-M12,009,SCR,Suzuran,Arknights,common,1.04,1.30
10292,NS-02-M12,010,SCR,Tomoyo Daidouji,Cardcaptor Sakura,common,1.02,1.27
10293,NS-02-M12,011,SCR,Elaina,The Journey of Elaina,common,1.01,1.26
10294,NS-02-M12,012,SCR,Rinze Morino,The Idolm@ster,common,1.00,1.25
10295,NS-02-M12,013,SCR,Madoka Higuchi,The Idolm@ster,common,1.04,1.30
10296,NS-02-M12,014,SCR,Kisara,Engage Kiss,common,1.01,1.26
10297,NS-02-M12,015,SCR,Mejiro Ardan,Uma Musume Pretty Derby,common,1.01,1.26
10298,NS-02-M12,016,SCR,Kana Arima,Oshi No Ko (My idol's Child),common,1.01,1.26
10299,NS-02-M12,017,SCR,Miku Nakano,The Quintessential Quintuplets,common,1.01,1.26
10300,NS-02-M12,018,SCR,Ganyu,Genshin Impact,common,1.01,1.26
10301,NS-02-M12,001,SR,Kafka,Honkai: Star Rail,common,1.02,0.10
10302,NS-02-M12,002,SR,Silver Wolf,Honkai: Star Rail,common,1.05,0.11
10303,NS-02-M12,003,SR,Reze,Chainsaw Man,epic,4.30,0.43
10304,NS-02-M12,004,SR,Makima,Chainsaw Man,epic,4.52,0.45
10305,NS-02-M12,005,SR,Nijika Ijichi,Bocchi the Rock!,common,1.02,0.10
10306,NS-02-M12,006,SR,Kaguya Shinomiya,Kaguya-sama: Love is War,epic,4.58,0.46
10307,NS-02-M12,007,SR,Ai Hayasaka,Kaguya-sama: Love is War,epic,3.39,0.34
10308,NS-02-M12,008,SR,Takina Inoue,Lycoris Recoil,common,1.04,0.10
10309,NS-02-M12,009,SR,Megumi Kato,Saekano: How to Raise a Boring Girlfriend,common,1.04,0.10
10310,NS-02-M12,010,SR,Manhattan Cafe,Uma Musume Pretty Derby,common,1.03,0.10
10311,NS-02-M12,011,SR,Mercury Suletta,Mobile Suit Gundam: The Witch from Mercury,common,1.00,0.10
10312,NS-02-M12,012,SR,Megumin,God's Blessing on this Wonderful World! (KonoSuba),epic,3.11,0.31
10313,NS-02-M12,013,SR,Mika Misono,Blue Archive,common,1.02,0.10
10314,NS-02-M12,014,SR,Shiraori,"So I'm a Spider, So What?",common,1.05,0.11
10315,NS-02-M12,015,SR,Nahida,Genshin Impact,common,1.00,0.10
10316,NS-02-M12,016,SR,Tohka Yatogami,Date A Live,common,1.05,0.11
10317,NS-02-M12,017,SR,Violet Evergarden,Violet Evergarden,common,1.03,0.10
10318,NS-02-M12,018,SR,Tifa Lockhart,Final Fantasy,common,1.01,0.10
10319,NS-02-M12,001,CR,Rin Tohsaka,Fate Series,common,1.04,0.26
10320,NS-02-M12,002,CR,Ayumu Uehara,Love Live!,common,1.01,0.25
10321,NS-02-M12,003,CR,Mahiro Oyama,Onimai: I'm Now Your Sister!,common,1.02,0.26
10322,NS-02-M12,004,CR,Eru Chitanda,Hyouka,common,1.01,0.25
10323,NS-02-M12,005,CR,Kikuri Hiroi,Bocchi the Rock!,common,1.01,0.25
10324,NS-02-M12,006,CR,Ikuyo Kita,Bocchi the Rock!,common,1.02,0.26
10325,NS-02-M12,007,CR,Edelgard,Fire Emblem,common,1.05,0.26
10326,NS-02-M12,008,CR,Anya Forger,Spy X Family,rare,1.94,0.49
10327,NS-02-M12,009,CR,Haruhi Suzumiya,The Melancholy of Haruhi Suzumiya,common,1.01,0.25
10328,NS-02-M12,010,CR,Utaha Kasumigaoka,Saekano: How to Raise a Boring Girlfriend,common,1.04,0.26
10329,NS-02-M12,011,CR,Toru Asakura,The Idolm@ster,common,1.02,0.26
10330,NS-02-M12,012,CR,Agnes Digital,Uma Musume Pretty Derby,common,1.04,0.26
10331,NS-02-M12,013,CR,Daiwa Scarlet,Uma Musume Pretty Derby,common,1.01,0.25
10332,NS-02-M12,014,CR,Shiraishi An,Project SEKAI,common,1.02,0.26
10333,NS-02-M12,015,CR,Yukino Yukinoshita,My Youth Romantic Comedy Is Wrong As I Expected,common,1.00,0.25
10334,NS-02-M12,016,CR,Anna Yamada,The Dangers in My Heart,common,1.05,0.26
10335,NS-02-M12,017,CR,Tohru,Miss Kobayashi's Dragon Maid,epic,3.18,0.80
10336,NS-02-M12,018,CR,Anisphia Wynn Palettia,The Magical Revolution of the Reincarnated Princess and the Genius Young Lady,common,1.01,0.25
10337,NS-02-M12,014,R,Ruby Hoshino,Oshi No Ko (My idol's Child),common,1.02,0.01
10338,NS-02-M12,015,R,Mahiro Oyama,Onimai: I'm Now Your Sister!,common,1.04,0.01
10339,NS-02-M12,016,R,Hu Tao,Genshin Impact,common,1.04,0.01
10340,NS-02-M12,017,R,Kugisaki Nobara,Jujutsu Kaisen,epic,4.39,0.04
10341,NS-02-M12,018,R,Shana,Shakugan no Shana,common,1.02,0.01
10342,NS-02-M12,001,R,Kafka,Honkai: Star Rail,common,1.02,0.01
10343,NS-02-M12,002,R,Chiaki Nanami,Danganronpa,common,1.05,0.01
10344,NS-02-M12,003,R,Cocoa Hoto,Is the Order a Rabbit?,common,1.00,0.01
10345,NS-02-M12,004,R,Kobeni Higashiyama,Chainsaw Man,epic,4.76,0.05
10346,NS-02-M12,005,R,Flandre Scarlet,Touhou Project,common,1.05,0.01
10347,NS-02-M12,006,R,Nezuko Kamado,Demon Slayer (Kimetsu no Yaiba),epic,3.22,0.03
10348,NS-02-M12,007,R,Ai Hayasaka,Kaguya-sama: Love is War,epic,4.13,0.04
10349,NS-02-M12,008,R,Shimakaze,Kantai Collection,common,1.02,0.01
10350,NS-02-M12,009,R,Yuuko Yoshida,The Demon Girl Next Door,common,1.02,0.01
10351,NS-02-M12,010,R,Kumiko Oumae,Sound! Euphonium,common,1.02,0.01
10352,NS-02-M12,011,R,2B,NieR: Automata,epic,4.61,0.05
10353,NS-02-M12,012,R,Azusa Nakano,K-On!,common,1.01,0.01
10354,NS-02-M12,013,R,Masuzu Natsukawa,Oreshura,common,1.05,0.01
10355,NS-02-M12,001,PR,Asuka Shikinami Langley,Evangelion,common,1.04,12.48
10356,NS-02-M12,002,PR,Rin Tohsaka,Fate Series,common,1.03,12.36
10357,NS-02-M12,003,PR,Nico Yazawa,Love Live!,common,1.03,12.36
10358,NS-02-M12,004,PR,Junko Enoshima,Danganronpa,common,1.03,12.36
10359,NS-02-M12,005,PR,Rize Tedeza,Is the Order a Rabbit?,common,1.03,12.36
10360,NS-02-M12,006,PR,Eriri Spencer Sawamura,Saekano: How to Raise a Boring Girlfriend,common,1.00,12.00
10361,NS-02-M12,007,PR,Princess Serenity,Sailor Moon,common,1.00,12.00
10362,NS-02-M12,008,PR,Madoka Kaname,Puella Magi Madoka Magica,common,1.00,12.00
10363,NS-02-M12,009,PR,Kuroko Shirai,A Certain Magical Index (Toaru Kagaku no Railgun),common,1.00,12.00
10364,NS-02-M12,010,PR,Azusa Nakano,K-On!,common,1.05,12.60
10365,NS-02-M12,011,PR,Smart Falcon,Uma Musume Pretty Derby,common,1.02,12.24
10366,NS-02-M12,012,PR,Tohru,Miss Kobayashi's Dragon Maid,epic,3.33,39.96
11528,NS-05-M09,001,SZR,Clorinde,Genshin Impact,common,1.02,25.50
11529,NS-05-M09,002,SZR,Rice Shower,Uma Musume Pretty Derby,common,1.01,25.25
11530,NS-05-M09,003,SZR,Rem,Re:Zero,epic,4.46,111.50
11531,NS-05-M09,004,SZR,Arlecchino,Genshin Impact,common,1.02,25.50
11532,NS-05-M09,005,SZR,Furina (Focalors),Genshin Impact,common,1.03,25.75
11533,NS-05-M09,006,SZR,Aru Rikuhachima,Blue Archive,common,1.03,25.75
11534,NS-05-M09,007,SZR,Morgan le Fay,Fate Series,common,1.05,26.25
11535,NS-05-M09,008,SZR,Ganyu,Genshin Impact,common,1.00,25.00
11536,NS-05-M09,009,SZR,Anastasia Nikolaevna Romanova,Fate Series,common,1.03,25.75
11537,NS-05-M09,001,TGR,Sparkle,Honkai: Star Rail,common,1.01,75.75
11538,NS-05-M09,002,TGR,Sakura Matou,Fate Series,common,1.04,78.00
11539,NS-05-M09,003,TGR,Chrome Dokuro,Katekyou Hitman Reborn!,common,1.02,76.50
11540,NS-05-M09,004,TGR,Rem,Re:Zero,epic,4.98,373.50
11541,NS-05-M09,005,TGR,Kiritani Haruka,Project SEKAI,common,1.01,75.75
11542,NS-05-M09,006,TGR,Yuno Gasai,Future Diary,common,1.02,76.50
11543,NS-05-M09,007,TGR,Madoka Kaname,Puella Magi Madoka Magica,common,1.03,77.25
11544,NS-05-M09,008,TGR,Ai Hoshino,Oshi No Ko (My idol's Child),common,1.03,77.25
11545,NS-05-M09,009,TGR,Rebecca,Cyberpunk Edgerunners,epic,3.96,297.00
11546,NS-05-M09,001,XR,August von Parseval,Azur Lane,common,1.01,20.20
11547,NS-05-M09,002,XR,Black Swan,Honkai: Star Rail,common,1.05,21.00
11548,NS-05-M09,003,XR,Kosaka Wakamo,Blue Archive,common,1.01,20.20
11549,NS-05-M09,004,XR,Sparkle,Honkai: Star Rail,common,1.03,20.60
11550,NS-05-M09,005,XR,Kafka,Honkai: Star Rail,common,1.00,20.00
11551,NS-05-M09,006,XR,Kokomi Sangonomiya,Genshin Impact,common,1.05,21.00
11552,NS-05-M09,007,XR,Ai Hoshino,Oshi No Ko (My idol's Child),common,1.03,20.60
11553,NS-05-M09,008,XR,Asuna Ichinose,Blue Archive,common,1.02,20.40
11554,NS-05-M09,009,XR,Miku Nakano,The Quintessential Quintuplets,common,1.05,21.00
11555,NS-05-M09,001,ZR,Ichika Nakano,The Quintessential Quintuplets,common,1.05,21.00
11556,NS-05-M09,002,ZR,Rem,Re:Zero,epic,4.52,90.40
11557,NS-05-M09,003,ZR,Chizuru Ichinose,Rent-a-Girlfriend,common,1.05,21.00
11558,NS-05-M09,004,ZR,Emilia,Re:Zero,epic,3.80,76.00
11559,NS-05-M09,005,ZR,Ryou Yamada,Bocchi the Rock!,common,1.03,20.60
11560,NS-05-M09,006,ZR,Kana Arima,Oshi No Ko (My idol's Child),common,1.02,20.40
11561,NS-05-M09,007,ZR,Frieren,Sousou no Frieren,mythic,80.38,1607.60
11562,NS-05-M09,008,ZR,Fern,Sousou no Frieren,legendary,12.64,252.80
11563,NS-05-M09,009,ZR,Ubel,Sousou no Frieren,rare,1.82,36.40
11564,NS-05-M09,001,MR,Yotsuba Nakano,The Quintessential Quintuplets,common,1.02,15.30
11565,NS-05-M09,002,MR,Frieren,Sousou no Frieren,mythic,62.18,932.70
11566,NS-05-M09,003,MR,Chiori,Genshin Impact,common,1.02,15.30
11567,NS-05-M09,004,MR,Miorine Rembran,Mobile Suit Gundam: The Witch from Mercury,common,1.00,15.00
11568,NS-05-M09,005,MR,Hatsune Miku,Vocaloid,common,1.05,15.75
11569,NS-05-M09,006,MR,Ai Hoshino,Oshi No Ko (My idol's Child),common,1.02,15.30
11570,NS-05-M09,007,MR,Furina (Focalors),Genshin Impact,common,1.03,15.45
11571,NS-05-M09,008,MR,Black Swan,Honkai: Star Rail,common,1.03,15.45
11572,NS-05-M09,009,MR,Fern,Sousou no Frieren,legendary,18.40,276.00
11573,NS-05-M09,010,MR,Yui Hirasawa,K-On!,common,1.03,15.45
11574,NS-05-M09,011,MR,Kanade Hisaishi,Sound! Euphonium,common,1.02,15.30
11575,NS-05-M09,012,MR,Madoka Kaname,Puella Magi Madoka Magica,common,1.00,15.00
11576,NS-05-M09,013,MR,Marcille Donato,Delicious in Dungeon,common,1.03,15.45
11577,NS-05-M09,014,MR,Kurisu Makise,Steins; Gate,epic,4.64,69.60
11578,NS-05-M09,015,MR,Chika Fujiwara,Kaguya-sama: Love is War,epic,4.24,63.60
11579,NS-05-M09,016,MR,Shokuhou Misaki,A Certain Magical Index (Toaru Kagaku no Railgun),common,1.04,15.60
11580,NS-05-M09,017,MR,Nadeshiko Kagamihara,Laid-Back Camp,common,1.02,15.30
11581,NS-05-M09,018,MR,Roxy Migurdia,Mushoku Tensei: Jobless Reincarnation,rare,1.97,29.55
11582,NS-05-M09,001,TR,Chika Fujiwara,Kaguya-sama: Love is War,epic,3.56,89.00
11583,NS-05-M09,002,TR,Mitsuri Kanroji,Demon Slayer (Kimetsu no Yaiba),epic,3.11,77.75
11584,NS-05-M09,003,TR,Haruhi Fujioka,Ouran High School Host Club,common,1.01,25.25
11585,NS-05-M09,004,TR,Ai Ohto,Wonder Egg Priority,common,1.04,26.00
11586,NS-05-M09,005,TR,Artoria Pendragon (Saber),Fate Series,common,1.01,25.25
11587,NS-05-M09,006,TR,Hatsune Miku,Vocaloid,common,1.05,26.25
11588,NS-05-M09,007,TR,Darjeeling,Girls Und Panzer,common,1.04,26.00
11589,NS-05-M09,008,TR,Yayoi Takatsuki,The Idolm@ster,common,1.04,26.00
11590,NS-05-M09,009,TR,Mutsuki,Kantai Collection,common,1.05,26.25
11591,NS-05-M09,010,TR,Shokuhou Misaki,A Certain Magical Index (Toaru Kagaku no Railgun),common,1.05,26.25
11592,NS-05-M09,011,TR,Haruka Amami,The Idolm@ster,common,1.04,26.00
11593,NS-05-M09,012,TR,Amane Kanata,Hololive,common,1.03,25.75
11594,NS-05-M09,013,TR,Anna Mochizuki,The Idolm@ster,common,1.05,26.25
11595,NS-05-M09,014,TR,Chino Kafuu,Is the Order a Rabbit?,common,1.05,26.25
11596,NS-05-M09,015,TR,Yoimiya,Genshin Impact,common,1.04,26.00
11597,NS-05-M09,016,TR,Iroha Isshiki,My Youth Romantic Comedy Is Wrong As I Expected,common,1.04,26.00
11598,NS-05-M09,017,TR,Subaru Nagayoshi,The Idolm@ster,common,1.01,25.25
11599,NS-05-M09,018,TR,Nakamasa Ichika,Blue Archive,common,1.04,26.00
11600,NS-05-M09,001,INS,Agano,Azur Lane,common,1.01,8.08
11601,NS-05-M09,002,INS,Essex,Azur Lane,common,1.04,8.32
11602,NS-05-M09,003,INS,Biloxi,Azur Lane,common,1.05,8.40
11603,NS-05-M09,004,INS,Peter Strasser,Azur Lane,common,1.01,8.08
11604,NS-05-M09,005,INS,Cheshire,Azur Lane,common,1.00,8.00
11605,NS-05-M09,006,INS,Akagi,Azur Lane,common,1.00,8.00
11606,NS-05-M09,007,INS,Taihou,Azur Lane,common,1.03,8.24
11607,NS-05-M09,008,INS,Inazuma,Azur Lane,common,1.05,8.40
11608,NS-05-M09,009,INS,Independence,Azur Lane,common,1.05,8.40
11609,NS-05-M09,010,INS,Hammann,Azur Lane,common,1.05,8.40
11610,NS-05-M09,011,INS,Formidable,Azur Lane,common,1.05,8.40
11611,NS-05-M09,012,INS,Roon,Azur Lane,common,1.05,8.40
11612,NS-05-M09,013,INS,Noshiro,Azur Lane,common,1.04,8.32
11613,NS-05-M09,014,INS,Vauquelin,Azur Lane,common,1.01,8.08
11614,NS-05-M09,015,INS,Sheffield,Azur Lane,common,1.02,8.16
11615,NS-05-M09,016,INS,Shinano,Azur Lane,common,1.00,8.00
11616,NS-05-M09,017,INS,Juneau,Azur Lane,common,1.02,8.16
11617,NS-05-M09,018,INS,Georgia,Azur Lane,common,1.03,8.24
11618,NS-05-M09,001,SSR,Manaka Mukaido,Nagi-Asu: A Lull in the Sea,common,1.04,2.60
11619,NS-05-M09,002,SSR,2B,NieR: Automata,epic,3.05,7.63
11620,NS-05-M09,003,SSR,Chibiusa Tsukino (Black Lady),Sailor Moon,common,1.01,2.53
11621,NS-05-M09,004,SSR,Panty,Panty & Stocking with Garterbelt,common,1.03,2.58
11622,NS-05-M09,005,SSR,Emilia,Re:Zero,epic,3.93,9.83
11623,NS-05-M09,006,SSR,KAngel,Needy Streamer Overload,common,1.04,2.60
11624,NS-05-M09,007,SSR,Fern,Sousou no Frieren,legendary,15.96,39.90
11625,NS-05-M09,008,SSR,Yotsugi Ononoki,Monogatari Series,common,1.02,2.55
11626,NS-05-M09,009,SSR,Junko Enoshima,Danganronpa,common,1.03,2.58
11627,NS-05-M09,010,SSR,Flandre Scarlet,Touhou Project,common,1.00,2.50
11628,NS-05-M09,011,SSR,Black Rock Shooter,Black Rock Shooter,common,1.03,2.58
11629,NS-05-M09,012,SSR,Makima,Chainsaw Man,epic,4.28,10.70
11630,NS-05-M09,013,SSR,Lucy,Cyberpunk Edgerunners,epic,4.31,10.77
11631,NS-05-M09,014,SSR,Chisato Nishikigi,Lycoris Recoil,common,1.03,2.58
11632,NS-05-M09,015,SSR,Kotoko Iwanaga,In/Spectre,common,1.01,2.53
11633,NS-05-M09,016,SSR,Aru Rikuhachima,Blue Archive,common,1.03,2.58
11634,NS-05-M09,017,SSR,Marcille Donato,Delicious in Dungeon,common,1.01,2.53
11635,NS-05-M09,018,SSR,Miorine Rembran,Mobile Suit Gundam: The Witch from Mercury,common,1.00,2.50
11636,NS-05-M09,019,SSR,Kurisu Makise,Steins; Gate,epic,4.67,11.68
11637,NS-05-M09,020,SSR,Kaguya Shinomiya,Kaguya-sama: Love is War,epic,4.55,11.38
11638,NS-05-M09,021,SSR,Ruri Gokou,OreImo,common,1.03,2.58
11639,NS-05-M09,022,SSR,Ruby Hoshino,Oshi No Ko (My idol's Child),common,1.04,2.60
11640,NS-05-M09,023,SSR,Albedo,Overlord,common,1.00,2.50
11641,NS-05-M09,024,SSR,Yaya,Unbreakable Machine-Doll,common,1.03,2.58
11642,NS-05-M09,025,SSR,Elaina,The Journey of Elaina,common,1.02,2.55
11643,NS-05-M09,026,SSR,Rin Tohsaka,Fate Series,common,1.02,2.55
11644,NS-05-M09,027,SSR,Futaba Sakura,Persona,epic,3.89,9.73
11645,NS-05-M09,001,SCR,Rikka Takarada,SSSS.GRIDMAN,common,1.02,1.27
11646,NS-05-M09,002,SCR,Hashima Izumi,Saekano: How to Raise a Boring Girlfriend,common,1.03,1.29
11647,NS-05-M09,003,SCR,Tsushima,Kantai Collection,common,1.03,1.29
11648,NS-05-M09,004,SCR,Mitsuri Kanroji,Demon Slayer (Kimetsu no Yaiba),epic,3.68,4.60
11649,NS-05-M09,005,SCR,Shouko Komi,Komi Can't Communicate,epic,3.11,3.89
11650,NS-05-M09,006,SCR,Kumiko Oumae,Sound! Euphonium,common,1.03,1.29
11651,NS-05-M09,007,SCR,Noa Himesaka,WATATEN!: An Angel Flow Down to Me,common,1.05,1.31
11652,NS-05-M09,008,SCR,Gabriel Tenma White,Gabriel DropOut,common,1.05,1.31
11653,NS-05-M09,009,SCR,Kanna Kamui,Miss Kobayashi's Dragon Maid,epic,4.12,5.15
11654,NS-05-M09,010,SCR,Hinata Hakamada,Ro-Kyu-Bu!,common,1.04,1.30
11655,NS-05-M09,011,SCR,Komichi Akebi,Akebi's Sailor Uniform,common,1.03,1.29
11656,NS-05-M09,012,SCR,Mami Nanami,Rent-a-Girlfriend,common,1.05,1.31
11657,NS-05-M09,013,SCR,Nozomi Kasaki,Sound! Euphonium,common,1.04,1.30
11658,NS-05-M09,014,SCR,Momiji Hozuki,Onimai: I'm Now Your Sister!,common,1.02,1.27
11659,NS-05-M09,015,SCR,Sora Harewataru,Pretty Cure,common,1.03,1.29
11660,NS-05-M09,016,SCR,Yuna,Kuma Kuma Kuma Bear,common,1.02,1.27
11661,NS-05-M09,017,SCR,Megumi Uda,High School Fleet,common,1.03,1.29
11662,NS-05-M09,018,SCR,Yor Forger,Spy X Family,epic,4.55,5.69
11663,NS-05-M09,001,SR,Reina Aharen,Aharen-san wa Hakarenai,common,1.04,0.10
11664,NS-05-M09,002,SR,Ajitani Hifumi,Blue Archive,common,1.04,0.10
11665,NS-05-M09,003,SR,Alice Cartelet,Kiniro Mosaic,common,1.05,0.11
11666,NS-05-M09,004,SR,Akari Akaza,YuruYuri: Happy Go Lily,common,1.04,0.10
11667,NS-05-M09,005,SR,Tokai Teio,Uma Musume Pretty Derby,common,1.03,0.10
11668,NS-05-M09,006,SR,Miyuki Takara,Lucky☆Star,common,1.04,0.10
11669,NS-05-M09,007,SR,Nadeshiko Kagamihara,Laid-Back Camp,common,1.05,0.11
11670,NS-05-M09,008,SR,Hiyori Minagi,Slow Loop,common,1.00,0.10
11671,NS-05-M09,009,SR,Karen Kujou,Kiniro Mosaic,common,1.00,0.10
11672,NS-05-M09,010,SR,Mira Konohata,Asteroid in Love,common,1.04,0.10
11673,NS-05-M09,011,SR,Konata Izumi,Lucky☆Star,common,1.03,0.10
11674,NS-05-M09,012,SR,Aoi Inuyama,Laid-Back Camp,common,1.04,0.10
11675,NS-05-M09,013,SR,Jinja Natsume,Is the Order a Rabbit?,common,1.03,0.10
11676,NS-05-M09,014,SR,Sophie Twilight,Ms. vampire who lives in my neighborhood,common,1.02,0.10
11677,NS-05-M09,015,SR,Chino Kafuu,Is the Order a Rabbit?,common,1.00,0.10
11678,NS-05-M09,016,SR,Ilulu,Miss Kobayashi's Dragon Maid,epic,3.17,0.32
11679,NS-05-M09,017,SR,Ao Manaka,Asteroid in Love,common,1.04,0.10
11680,NS-05-M09,018,SR,Tsukasa Hiiragi,Lucky☆Star,common,1.03,0.10
11681,NS-05-M09,001,CR,Cocoa Hoto,Is the Order a Rabbit?,common,1.03,0.26
11682,NS-05-M09,002,CR,Yun Iijima,New Game!,common,1.02,0.26
11683,NS-05-M09,003,CR,Hifumi Takimoto,New Game!,common,1.00,0.25
11684,NS-05-M09,004,CR,Fumika Sagisawa,The Idolm@ster,common,1.00,0.25
11685,NS-05-M09,005,CR,Mejiro McQueen,Uma Musume Pretty Derby,common,1.01,0.25
11686,NS-05-M09,006,CR,Vivlos,Uma Musume Pretty Derby,common,1.00,0.25
11687,NS-05-M09,007,CR,Serizawa Asahi,The Idolm@ster,common,1.04,0.26
11688,NS-05-M09,008,CR,Kana Yabuki,The Idolm@ster,common,1.04,0.26
11689,NS-05-M09,009,CR,Takane Shijou,The Idolm@ster,common,1.04,0.26
11690,NS-05-M09,010,CR,Serval,Kemono Friends,common,1.05,0.26
11691,NS-05-M09,011,CR,Yurika Toudou,Aikatsu!,common,1.01,0.25
11692,NS-05-M09,012,CR,Maya Tendou,Revue Starlight,common,1.05,0.26
11693,NS-05-M09,013,CR,Natsume,Hidamari Sketch,common,1.04,0.26
11694,NS-05-M09,014,CR,Serika Hakozaki,The Idolm@ster,common,1.05,0.26
11695,NS-05-M09,015,CR,Kaho Komiya,The Idolm@ster,common,1.00,0.25
11696,NS-05-M09,016,CR,Ichigo Hoshimiya,Aikatsu!,common,1.04,0.26
11697,NS-05-M09,017,CR,Natsume Shiki,Cafe Stella to Shinigami no Chou,common,1.00,0.25
11698,NS-05-M09,018,CR,Tsubasa Ibuki,The Idolm@ster,common,1.05,0.26
11699,NS-05-M09,001,R,Sayo Hikawa,BanG Dream!,common,1.00,0.01
11700,NS-05-M09,002,R,Kurata Mashiro,BanG Dream!,common,1.04,0.01
11701,NS-05-M09,003,R,Mirai Kasuga,The Idolm@ster,common,1.03,0.01
11702,NS-05-M09,004,R,Fuyuko Mayuzumi,The Idolm@ster,common,1.04,0.01
11703,NS-05-M09,005,R,Fuuka Toyokawa,The Idolm@ster,common,1.03,0.01
11704,NS-05-M09,006,R,Nanami Hiromachi,BanG Dream!,common,1.05,0.01
11705,NS-05-M09,007,R,Kaga Sumire,VTuber,common,1.01,0.01
11706,NS-05-M09,008,R,Luna Himemori,Hololive,common,1.02,0.01
11707,NS-05-M09,009,R,Tachibana Hinano,Hololive,common,1.05,0.01
11708,NS-05-M09,010,R,Aizawa Ema,VTuber,common,1.04,0.01
11709,NS-05-M09,011,R,Rimi Ushigome,BanG Dream!,common,1.01,0.01
11710,NS-05-M09,012,R,Nanashi Mumei,Hololive,common,1.00,0.01
11711,NS-05-M09,013,R,Himari Uehara,BanG Dream!,common,1.02,0.01
11712,NS-05-M09,014,R,Shishiro Botan,Hololive,common,1.00,0.01
11713,NS-05-M09,015,R,Ichigaya Arisa,BanG Dream!,common,1.04,0.01
11714,NS-05-M09,016,R,Keke Tang,Love Live!,common,1.01,0.01
11715,NS-05-M09,017,R,Kirigaya Touko,BanG Dream!,common,1.01,0.01
11716,NS-05-M09,018,R,Omaru Polka,Hololive,common,1.01,0.01
11717,NS-05-M09,001,PR,Frieren,Sousou no Frieren,mythic,66.60,799.20
11718,NS-05-M09,002,PR,Frieren,Sousou no Frieren,mythic,71.96,863.52
11719,NS-05-M09,003,PR,Frieren,Sousou no Frieren,mythic,91.73,1100.76
11720,NS-05-M09,004,PR,Frieren,Sousou no Frieren,mythic,54.97,659.64
11721,NS-05-M09,005,PR,Frieren,Sousou no Frieren,mythic,78.97,947.64
11722,NS-05-M09,006,PR,Frieren,Sousou no Frieren,mythic,78.37,940.44
11723,NS-05-M09,007,PR,Gushing over Magical Girls,Gushing over Magical Girls (Mahou Shoujo ni Akogarete),common,1.03,12.36
11724,NS-05-M09,008,PR,Gushing over Magical Girls,Gushing over Magical Girls (Mahou Shoujo ni Akogarete),common,1.04,12.48
11725,NS-05-M09,009,PR,Gushing over Magical Girls,Gushing over Magical Girls (Mahou Shoujo ni Akogarete),common,1.01,12.12
11726,NS-05-M09,010,PR,Gushing over Magical Girls,Gushing over Magical Girls (Mahou Shoujo ni Akogarete),common,1.01,12.12
11727,NS-05-M09,011,PR,Gushing over Magical Girls,Gushing over Magical Girls (Mahou Shoujo ni Akogarete),common,1.03,12.36
11728,NS-05-M09,012,PR,Gushing over Magical Girls,Gushing over Magical Girls (Mahou Shoujo ni Akogarete),common,1.03,12.36
11729,NS-05-M09,001,HR,Miku Nakano,The Quintessential Quintuplets,common,1.00,15.00
11730,NS-05-M09,002,HR,Chika Fujiwara,Kaguya-sama: Love is War,epic,4.68,70.20
11731,NS-05-M09,003,HR,Yotsuba Nakano,The Quintessential Quintuplets,common,1.00,15.00
11732,NS-05-M09,004,HR,Ichika Nakano,The Quintessential Quintuplets,common,1.01,15.15
11733,NS-05-M09,005,HR,Kobeni Higashiyama,Chainsaw Man,epic,3.52,52.80
11734,NS-05-M09,006,HR,Kaguya Shinomiya,Kaguya-sama: Love is War,epic,3.66,54.90
11735,NS-05-M09,007,HR,Miko Iino,Kaguya-sama: Love is War,epic,4.21,63.15
11736,NS-05-M09,008,HR,Reze,Chainsaw Man,epic,4.81,72.15
11737,NS-05-M09,009,HR,Ai Hayasaka,Kaguya-sama: Love is War,epic,4.01,60.15
11828,SYJH-2M01,01,LR,Kaede Akamatsu,Danganronpa,common,1.03,51.50
11829,SYJH-2M01,02,LR,Marisa Kirisame,Touhou Project,common,1.05,52.50
11830,SYJH-2M01,03,LR,Chun-Li,Street Fighter,common,1.00,50.00
11831,SYJH-2M01,04,LR,2B,NieR: Automata,epic,4.87,243.50
11832,SYJH-2M01,05,LR,Futaba Sakura,Persona,epic,3.37,168.50
11834,SYJH-2M01,07,LR,Eunie,Xenoblade,common,1.02,51.00
11835,SYJH-2M01,08,LR,KAngel,Needy Streamer Overload,common,1.02,51.00
11836,SYJH-2M01,09,LR,Tifa Lockhart,Final Fantasy,common,1.05,52.50
11837,SYJH-2M01,01,WTR,Uruha Rushia,Hololive,common,1.05,78.75
11838,SYJH-2M01,02,WTR,Hoshimachi Suisei,Hololive,common,1.01,75.75
11839,SYJH-2M01,03,WTR,Lovelock Rosemi,VTuber,common,1.01,75.75
11840,SYJH-2M01,04,WTR,Tokoyami Towa,Hololive,common,1.02,76.50
11841,SYJH-2M01,05,WTR,Houshou Marine,Hololive,common,1.01,75.75
11842,SYJH-2M01,06,WTR,Yukihana Lamy,Hololive,common,1.03,77.25
11843,SYJH-2M01,07,WTR,Aizawa Ema,VTuber,common,1.04,78.00
11844,SYJH-2M01,08,WTR,Pendora Eliria,VTuber,common,1.05,78.75
11845,SYJH-2M01,09,WTR,Hyakumantenbara Salome,VTuber,common,1.05,78.75
11846,SYJH-2M01,01,SER,,,common,1.01,5.05
11847,SYJH-2M01,02,SER,Madoka Kaname,Puella Magi Madoka Magica,common,1.05,5.25
11848,SYJH-2M01,03,SER,Kiana Kaslana,Honkai Impact,common,1.04,5.20
11849,SYJH-2M01,04,SER,Ruan Mei,Honkai: Star Rail,common,1.01,5.05
11850,SYJH-2M01,05,SER,,,common,1.03,5.15
11851,SYJH-2M01,06,SER,Cheshire,Azur Lane,common,1.00,5.00
11852,SYJH-2M01,07,SER,Mejiro McQueen,Uma Musume Pretty Derby,common,1.03,5.15
11853,SYJH-2M01,08,SER,,,common,1.05,5.25
11854,SYJH-2M01,09,SER,Kongou,Kantai Collection,common,1.02,5.10
11855,SYJH-2M01,10,SER,HK416,Girls' Frontline,common,1.00,5.00
11856,SYJH-2M01,11,SER,,,common,1.03,5.15
11857,SYJH-2M01,12,SER,Kokomi Sangonomiya,Genshin Impact,common,1.00,5.00
11858,SYJH-2M01,01,PIN,Rikka Takanashi,"Love, Chunibyo & Other Delusions!",common,1.05,26.25
11859,SYJH-2M01,02,PIN,Sumire Heanna,Love Live!,common,1.02,25.50
11860,SYJH-2M01,03,PIN,Manaka Laala,,common,1.01,25.25
11861,SYJH-2M01,04,PIN,Momo Chiyoda,The Demon Girl Next Door,common,1.01,25.25
11862,SYJH-2M01,05,PIN,Hina Hikawa,BanG Dream!,common,1.02,25.50
11863,SYJH-2M01,06,PIN,Meiko Honma,The Flower We Saw That Day,common,1.01,25.25
11864,SYJH-2M01,07,PIN,Kaori Miyazono,Your Lie in April,common,1.01,25.25
11865,SYJH-2M01,08,PIN,Mejiro McQueen,Uma Musume Pretty Derby,common,1.04,26.00
11866,SYJH-2M01,09,PIN,Nijigaoka Mashiro,Pretty Cure,common,1.00,25.00
11867,SYJH-2M01,10,PIN,Tokoyami Towa,Hololive,common,1.03,25.75
11868,SYJH-2M01,11,PIN,Rize Tedeza,Is the Order a Rabbit?,common,1.03,25.75
11869,SYJH-2M01,12,PIN,Violet Evergarden,Violet Evergarden,common,1.00,25.00
11870,SYJH-2M01,13,PIN,Mirai Kasuga,The Idolm@ster,common,1.00,25.00
11871,SYJH-2M01,14,PIN,Stocking,Panty & Stocking with Garterbelt,common,1.04,26.00
11872,SYJH-2M01,15,PIN,Itsuki Nakano,The Quintessential Quintuplets,common,1.00,25.00
11873,SYJH-2M01,16,PIN,Riamu Yumemi,The Idolm@ster,common,1.02,25.50
11874,SYJH-2M01,17,PIN,Nagisa Furukawa,Clannad,common,1.03,25.75
11875,SYJH-2M01,18,PIN,Ichigo Hoshimiya,Aikatsu!,common,1.03,25.75
11876,SYJH-2M01,19,PIN,Chiaki Oogaki,Laid-Back Camp,common,1.04,26.00
11877,SYJH-2M01,20,PIN,Emilia,Re:Zero,epic,3.24,81.00
11878,SYJH-2M01,01,UTR,Rei Ayanami,Evangelion,common,1.03,51.50
11879,SYJH-2M01,02,UTR,Asuka Shikinami Langley,Evangelion,common,1.01,50.50
11880,SYJH-2M01,03,UTR,Lum,Urusei Yatsura,common,1.00,50.00
11881,SYJH-2M01,04,UTR,Nami,One Piece,mythic,60.66,3033.00
11882,SYJH-2M01,05,UTR,Shampoo,Ranma 1/2,common,1.05,52.50
11883,SYJH-2M01,06,UTR,Usagi Tsukino (Sailor Moon),Sailor Moon,common,1.02,51.00
11884,SYJH-2M01,07,UTR,Ami Mizuno (Sailor Mercury),Sailor Moon,common,1.00,50.00
11885,SYJH-2M01,08,UTR,Rei Hino (Sailor Mars),Sailor Moon,common,1.01,50.50
11886,SYJH-2M01,09,UTR,Makoto Kino (Sailor Jupiter),Sailor Moon,common,1.04,52.00
11887,SYJH-2M01,10,UTR,Minako Aino (Sailor Venus),Sailor Moon,common,1.02,51.00
11888,SYJH-2M01,11,UTR,Meimi Haneoka,Saint Tail,common,1.05,52.50
11889,SYJH-2M01,12,UTR,Lady Devimon,Digimon,common,1.02,51.00
11890,SYJH-2M01,01,MR,Misuzu Kamio,Air,common,1.05,15.75
11891,SYJH-2M01,02,MR,Nagisa Furukawa,Clannad,common,1.04,15.60
11892,SYJH-2M01,03,MR,Misaka Mikoto,A Certain Magical Index (Toaru Kagaku no Railgun),common,1.01,15.15
11893,SYJH-2M01,04,MR,Rika Furude,When they Cry (Higurashi no Naku Koro ni),common,1.05,15.75
11894,SYJH-2M01,05,MR,Bluebell,Katekyou Hitman Reborn!,common,1.01,15.15
11895,SYJH-2M01,06,MR,Holo,Spice & Wolf,common,1.01,15.15
11896,SYJH-2M01,07,MR,Haruhi Suzumiya,The Melancholy of Haruhi Suzumiya,common,1.00,15.00
11897,SYJH-2M01,08,MR,Louise,The Familiar of Zero,common,1.00,15.00
11898,SYJH-2M01,09,MR,Taiga Aisaka,Toradora,common,1.05,15.75
11899,SYJH-2M01,10,MR,C.C.,Code Geass,common,1.04,15.60
11900,SYJH-2M01,11,MR,Kiki,Kiki's Delivery Service,common,1.01,15.15
11901,SYJH-2M01,12,MR,Suigintou,Rozen Maiden,common,1.05,15.75
11902,SYJH-2M01,13,MR,Kikyou,Inuyasha,common,1.00,15.00
11903,SYJH-2M01,14,MR,Misa Amane,Death Note,epic,4.34,65.10
11904,SYJH-2M01,15,MR,Nadeko Sengoku,Monogatari Series,common,1.03,15.45
11905,SYJH-2M01,16,MR,Lina Inverse,Slayers,common,1.01,15.15
11906,SYJH-2M01,17,MR,Lucy Heartfilia,Fairy Tail,common,1.04,15.60
11907,SYJH-2M01,18,MR,Shana,Shakugan no Shana,common,1.02,15.30
11908,SYJH-2M01,01,AR,Kanade Tachibana,Angel Beats!,common,1.01,20.20
11909,SYJH-2M01,02,AR,Sakura Matou,Fate Series,common,1.00,20.00
11910,SYJH-2M01,03,AR,Ruri Gokou,OreImo,common,1.00,20.00
11911,SYJH-2M01,04,AR,Stocking,Panty & Stocking with Garterbelt,common,1.01,20.20
11912,SYJH-2M01,05,AR,Mirai Kuriyama,Beyond the Boundary,common,1.03,20.60
11913,SYJH-2M01,06,AR,Manaka Mukaido,Nagi-Asu: A Lull in the Sea,common,1.04,20.80
11914,SYJH-2M01,07,AR,Kurisu Makise,Steins; Gate,epic,4.05,81.00
11915,SYJH-2M01,08,AR,Madoka Kaname,Puella Magi Madoka Magica,common,1.05,21.00
11916,SYJH-2M01,09,AR,Akemi Homura,Puella Magi Madoka Magica,common,1.04,20.80
11917,SYJH-2M01,10,AR,Mami Tomoe,Puella Magi Madoka Magica,common,1.04,20.80
11918,SYJH-2M01,11,AR,Sayaka Miki,Puella Magi Madoka Magica,common,1.00,20.00
11919,SYJH-2M01,12,AR,Kyouko Sakura,Puella Magi Madoka Magica,common,1.04,20.80
11920,SYJH-2M01,13,AR,Yuno Gasai,Future Diary,common,1.02,20.40
11921,SYJH-2M01,14,AR,Meiko Honma,The Flower We Saw That Day,common,1.04,20.80
11922,SYJH-2M01,15,AR,Yukino Yukinoshita,My Youth Romantic Comedy Is Wrong As I Expected,common,1.03,20.60
11923,SYJH-2M01,16,AR,Sumire Okuyama,Idoly Pride,common,1.00,20.00
11924,SYJH-2M01,17,AR,Yoshino Himekawa,Date A Live,common,1.04,20.80
11925,SYJH-2M01,18,AR,Rikka Takanashi,"Love, Chunibyo & Other Delusions!",common,1.01,20.20
11926,SYJH-2M01,01,UR,Albedo,Overlord,common,1.00,6.00
11927,SYJH-2M01,02,UR,Ram,Re:Zero,epic,4.09,24.54
11928,SYJH-2M01,03,UR,Rem,Re:Zero,epic,4.62,27.72
11929,SYJH-2M01,04,UR,Sagiri Izumi,Eromanga Sensei,common,1.04,6.24
11930,SYJH-2M01,05,UR,Zero Two,Darling in the Franxx,epic,4.23,25.38
11931,SYJH-2M01,06,UR,Kei Karuizawa,Classroom of the Elite,rare,1.99,11.94
11932,SYJH-2M01,07,UR,Yumeko Jabami,Kakegurui,epic,3.09,18.54
11933,SYJH-2M01,08,UR,Mary Saotome,Kakegurui,epic,3.66,21.96
11934,SYJH-2M01,09,UR,Ai Hinatsuru,The Ryuo's Work is Never Done,common,1.02,6.12
11935,SYJH-2M01,10,UR,Ginko Sora,The Ryuo's Work is Never Done,common,1.03,6.18
11936,SYJH-2M01,11,UR,Mai Sakurajima,Rascal Does Not Dream Of Bunny Girl Senpai,common,1.03,6.18
11937,SYJH-2M01,12,UR,Kaori Miyazono,Your Lie in April,common,1.00,6.00
11938,SYJH-2M01,13,UR,Chitoge Kirisaki,Nisekoi,common,1.02,6.12
11939,SYJH-2M01,14,UR,Tsube Aika,Gonna be the Twin-Tail!!,common,1.04,6.24
11940,SYJH-2M01,15,UR,Marie,Mekakucity Actors,common,1.00,6.00
11941,SYJH-2M01,16,UR,Shiro,No Game No Life,rare,2.00,12.00
11942,SYJH-2M01,17,UR,Violet Evergarden,Violet Evergarden,common,1.01,6.06
11943,SYJH-2M01,18,UR,Sakura Minamoto,Zombieland Saga,common,1.00,6.00
11944,SYJH-2M01,01,HR,Kaguya Shinomiya,Kaguya-sama: Love is War,epic,4.91,73.65
11945,SYJH-2M01,02,HR,Chika Fujiwara,Kaguya-sama: Love is War,epic,3.22,48.30
11946,SYJH-2M01,03,HR,Miko Iino,Kaguya-sama: Love is War,epic,4.46,66.90
11947,SYJH-2M01,04,HR,Komari,The Vexations of a Shut-In Vampire Princess,common,1.05,15.75
11948,SYJH-2M01,05,HR,Yor Forger,Spy X Family,epic,3.52,52.80
11949,SYJH-2M01,06,HR,Chisato Nishikigi,Lycoris Recoil,common,1.00,15.00
11950,SYJH-2M01,07,HR,Megumi Kato,Saekano: How to Raise a Boring Girlfriend,common,1.00,15.00
11951,SYJH-2M01,08,HR,Marcille Donato,Delicious in Dungeon,common,1.02,15.30
11952,SYJH-2M01,09,HR,Kisara,Engage Kiss,common,1.02,15.30
11953,SYJH-2M01,10,HR,Valac Clara,Welcome to Demon School! Iruma-kun,common,1.01,15.15
11954,SYJH-2M01,11,HR,Lucy,Cyberpunk Edgerunners,epic,4.60,69.00
11955,SYJH-2M01,12,HR,Jolyne Kujo,JoJo's Bizarre Adventure,mythic,97.64,1464.60
11956,SYJH-2M01,13,HR,Miyako Shikimori,Shikimori's Not Just a Cutie,common,1.05,15.75
11957,SYJH-2M01,14,HR,Mercury Suletta,Mobile Suit Gundam: The Witch from Mercury,common,1.00,15.00
11958,SYJH-2M01,15,HR,Ai Hoshino,Oshi No Ko (My idol's Child),common,1.03,15.45
11959,SYJH-2M01,16,HR,Ichika Nakano,The Quintessential Quintuplets,common,1.05,15.75
11960,SYJH-2M01,17,HR,Nino Nakano,The Quintessential Quintuplets,common,1.05,15.75
11961,SYJH-2M01,18,HR,Miku Nakano,The Quintessential Quintuplets,common,1.04,15.60
11962,SYJH-2M01,19,HR,Yotsuba Nakano,The Quintessential Quintuplets,common,1.02,15.30
11963,SYJH-2M01,20,HR,Itsuki Nakano,The Quintessential Quintuplets,common,1.05,15.75
11964,SYJH-2M01,21,HR,Ai Mie,The Girl I Like Forgot Her Glasses,common,1.00,15.00
11965,SYJH-2M01,22,HR,Mio Kofune,Summer Time Rendering,common,1.00,15.00
11966,SYJH-2M01,23,HR,Kotoko Iwanaga,In/Spectre,common,1.04,15.60
11967,SYJH-2M01,24,HR,Maki Oze,Fire Force,epic,3.99,59.85
11968,SYJH-2M01,01,SSR,Yui Hirasawa,K-On!,common,1.04,2.60
11969,SYJH-2M01,02,SSR,Tsumugi Kotobuki,K-On!,common,1.04,2.60
11970,SYJH-2M01,03,SSR,Mio Akiyama,K-On!,common,1.05,2.63
11971,SYJH-2M01,04,SSR,Ritsu Tainaka,K-On!,common,1.02,2.55
11972,SYJH-2M01,05,SSR,Azusa Nakano,K-On!,common,1.01,2.53
11973,SYJH-2M01,06,SSR,Mahiro Oyama,Onimai: I'm Now Your Sister!,common,1.02,2.55
11974,SYJH-2M01,07,SSR,Tsubame Kamaya,Sound! Euphonium,common,1.01,2.53
11975,SYJH-2M01,08,SSR,Cocoa Hoto,Is the Order a Rabbit?,common,1.02,2.55
11976,SYJH-2M01,09,SSR,Kaho Hinata,Blend S,common,1.05,2.63
11977,SYJH-2M01,10,SSR,Hitori Gotou,Bocchi the Rock!,common,1.03,2.58
11978,SYJH-2M01,11,SSR,Sora Harewataru,Pretty Cure,common,1.01,2.53
11979,SYJH-2M01,12,SSR,Karen Kujou,Kiniro Mosaic,common,1.03,2.58
11980,SYJH-2M01,13,SSR,Gabriel Tenma White,Gabriel DropOut,common,1.00,2.50
11981,SYJH-2M01,14,SSR,Yuuko Yoshida,The Demon Girl Next Door,common,1.02,2.55
11982,SYJH-2M01,15,SSR,Matataki Raimon,Stardust Telepath,common,1.04,2.60
11983,SYJH-2M01,16,SSR,Umika Konohoshi,Stardust Telepath,common,1.02,2.55
11984,SYJH-2M01,17,SSR,Yuu Akeuchi,Stardust Telepath,common,1.00,2.50
11985,SYJH-2M01,18,SSR,Haruno Takaragi,Stardust Telepath,common,1.01,2.53
11986,SYJH-2M01,19,SSR,Hifumi Takimoto,New Game!,common,1.02,2.55
11987,SYJH-2M01,20,SSR,Komichi Akebi,Akebi's Sailor Uniform,common,1.00,2.50
11988,SYJH-2M01,21,SSR,Chiyomi Anzai,Girls Und Panzer,common,1.01,2.53
11989,SYJH-2M01,22,SSR,Noa Himesaka,WATATEN!: An Angel Flow Down to Me,common,1.05,2.63
11990,SYJH-2M01,23,SSR,Kanna Kamui,Miss Kobayashi's Dragon Maid,epic,3.24,8.10
11991,SYJH-2M01,24,SSR,Natsume Shiki,Cafe Stella to Shinigami no Chou,common,1.02,2.55
11992,SYJH-2M01,25,SSR,Kagami Hiiragi,Lucky☆Star,common,1.03,2.58
11993,SYJH-2M01,26,SSR,Chitose Ikeda,YuruYuri: Happy Go Lily,common,1.00,2.50
11994,SYJH-2M01,27,SSR,Akari Akaza,YuruYuri: Happy Go Lily,common,1.05,2.63
11995,SYJH-2M01,28,SSR,Yui Funami,YuruYuri: Happy Go Lily,common,1.01,2.53
11996,SYJH-2M01,29,SSR,Nadeshiko Oomuro,YuruYuri: Happy Go Lily,common,1.00,2.50
11997,SYJH-2M01,30,SSR,Hanako Oomuro,YuruYuri: Happy Go Lily,common,1.00,2.50
11998,SYJH-2M01,31,SSR,Sakurako Oomuro,YuruYuri: Happy Go Lily,common,1.03,2.58
11999,SYJH-2M01,32,SSR,Himawari Furutani,YuruYuri: Happy Go Lily,common,1.04,2.60
12000,SYJH-2M01,33,SSR,Chinatsu Yoshikawa,YuruYuri: Happy Go Lily,common,1.00,2.50
12001,SYJH-2M01,34,SSR,Ayano Sugiura,YuruYuri: Happy Go Lily,common,1.04,2.60
12002,SYJH-2M01,35,SSR,Kyouko Toshinou,YuruYuri: Happy Go Lily,common,1.02,2.55
12003,SYJH-2M01,36,SSR,Aoi Inuyama,Laid-Back Camp,common,1.01,2.53
12004,SYJH-2M01,01,SR,Anon Chihaya,BanG Dream!,common,1.05,0.11
12005,SYJH-2M01,02,SR,Raana Kaname,BanG Dream!,common,1.05,0.11
12006,SYJH-2M01,03,SR,Soyo Nagasaki,BanG Dream!,common,1.00,0.10
12007,SYJH-2M01,04,SR,Hina Hikawa,BanG Dream!,common,1.04,0.10
12008,SYJH-2M01,05,SR,Rimi Ushigome,BanG Dream!,common,1.05,0.11
12009,SYJH-2M01,06,SR,Uika Misumi,BanG Dream!,common,1.00,0.10
12010,SYJH-2M01,07,SR,Chisato Arashi,Love Live!,common,1.04,0.10
12011,SYJH-2M01,08,SR,Sumire Heanna,Love Live!,common,1.02,0.10
12012,SYJH-2M01,09,SR,Keke Tang,Love Live!,common,1.04,0.10
12013,SYJH-2M01,10,SR,Chika Takami,Love Live!,common,1.00,0.10
12014,SYJH-2M01,11,SR,Hanamaru Kunikida,Love Live!,common,1.03,0.10
12015,SYJH-2M01,12,SR,Ruby Kurosawa,Love Live!,common,1.04,0.10
12016,SYJH-2M01,13,SR,Kasumi Nakasu,Love Live!,common,1.00,0.10
12017,SYJH-2M01,14,SR,Setsuna Yuuki,Love Live!,common,1.04,0.10
12018,SYJH-2M01,15,SR,Kotori Minami,Love Live!,common,1.00,0.10
12019,SYJH-2M01,16,SR,Rin Hoshizora,Love Live!,common,1.01,0.10
12020,SYJH-2M01,17,SR,Nozomi Tojo,Love Live!,common,1.03,0.10
12021,SYJH-2M01,18,SR,Fumio Murakami,Girl Friend Beta,common,1.02,0.10
12022,SYJH-2M01,19,SR,Chiri Tsukikawa,,common,1.05,0.11
12023,SYJH-2M01,20,SR,Manaka Laala,,common,1.05,0.11
12024,SYJH-2M01,21,SR,Mirai Kasuga,The Idolm@ster,common,1.02,0.10
12025,SYJH-2M01,22,SR,Fuuka Toyokawa,The Idolm@ster,common,1.03,0.10
12026,SYJH-2M01,23,SR,Kana Imai,The Idolm@ster,common,1.04,0.10
12027,SYJH-2M01,24,SR,Riamu Yumemi,The Idolm@ster,common,1.04,0.10
12028,SYJH-2M01,25,SR,Amana Osaki,The Idolm@ster,common,1.00,0.10
12029,SYJH-2M01,26,SR,Fuyuko Mayuzumi,The Idolm@ster,common,1.04,0.10
12030,SYJH-2M01,27,SR,Yurika Toudou,Aikatsu!,common,1.01,0.10
12031,SYJH-2M01,28,SR,Ichigo Hoshimiya,Aikatsu!,common,1.03,0.10
12032,SYJH-2M01,29,SR,Copano Rickey,Uma Musume Pretty Derby,common,1.00,0.10
12033,SYJH-2M01,30,SR,Nice Nature,Uma Musume Pretty Derby,common,1.03,0.10
12034,SYJH-2M01,31,SR,Kitasan Black,Uma Musume Pretty Derby,common,1.00,0.10
12035,SYJH-2M01,32,SR,Claudine Saijou,Revue Starlight,common,1.01,0.10
12036,SYJH-2M01,33,SR,Maya Tendou,Revue Starlight,common,1.01,0.10
12037,SYJH-2M01,34,SR,Araiguma,Kemono Friends,common,1.04,0.10
12038,SYJH-2M01,35,SR,Serval,Kemono Friends,common,1.00,0.10
12039,SYJH-2M01,36,SR,Hercule Burton,Detective Opera Milky Holmes,common,1.04,0.10
12040,NS-05-M09,001,MTL,Klee,Genshin Impact,common,1.03,77.25
12041,NS-05-M09,002,MTL,Sayu,Genshin Impact,common,1.00,75.00
12042,NS-05-M09,003,MTL,Qiqi,Genshin Impact,common,1.05,78.75
12043,NS-05-M09,004,MTL,Yaoyao,Genshin Impact,common,1.01,75.75
12044,NS-05-M09,005,MTL,Diona,Genshin Impact,common,1.02,76.50
12045,NS-05-M09,006,MTL,Nahida,Genshin Impact,common,1.03,77.25
12046,NS-05-M09,001,WTR,Kasuga Mirai,The Idolm@ster,common,1.05,78.75
12047,NS-05-M09,002,WTR,Shimabara Elena,The Idolm@ster,common,1.04,78.00
12048,NS-05-M09,003,WTR,Takamatsu Tomori,BanG Dream!,common,1.01,75.75
12049,NS-05-M09,004,WTR,Huohuo,Honkai: Star Rail,common,1.04,78.00
12050,NS-05-M09,005,WTR,Mika Misono,Blue Archive,common,1.02,76.50
12051,NS-05-M09,006,WTR,Saki Tenma,Project SEKAI,common,1.03,77.25
12052,NS-05-M09,007,WTR,Amane Kanata,Hololive,common,1.05,78.75
12053,NS-05-M09,008,WTR,Hoshimachi Suisei,Hololive,common,1.03,77.25
12054,NS-05-M09,009,ACR,C.C.,Code Geass,common,1.03,15.45
12055,NS-05-M09,001,ACR,Hatsune Miku,Vocaloid,common,1.03,15.45
12056,NS-05-M09,002,ACR,Usagi Tsukino (Sailor Moon),Sailor Moon,common,1.02,15.30
12057,NS-05-M09,003,ACR,Sakura Kinomoto,Cardcaptor Sakura,common,1.03,15.45
12058,NS-05-M09,004,ACR,Misaka Mikoto,A Certain Magical Index (Toaru Kagaku no Railgun),common,1.02,15.30
12059,NS-05-M09,005,ACR,Chibiusa Tsukino (Black Lady),Sailor Moon,common,1.00,15.00
12060,NS-05-M09,006,ACR,Madoka Kaname,Puella Magi Madoka Magica,common,1.00,15.00
12061,NS-05-M09,007,ACR,Bocchi the Rock!,Bocchi the Rock!,common,1.05,15.75
12062,NS-05-M09,008,ACR,Frieren,Sousou no Frieren,mythic,96.26,1443.90
12960,NS-10-M03,056,FRR,Akane Shinjo,SSSS.GRIDMAN,common,1.00,1.50
12961,NS-10-M03,037,FRR,Kotori Itsuka,Date A Live,common,1.00,1.50
12962,NS-10-M03,038,FRR,Miku Izayoi,Date A Live,common,1.04,1.56
12963,NS-10-M03,039,FRR,Yoshino Himekawa,Date A Live,common,1.00,1.50
12964,NS-10-M03,040,FRR,Cheshire,Azur Lane,common,1.04,1.56
12965,NS-10-M03,041,FRR,Hiei,Azur Lane,common,1.04,1.56
12966,NS-10-M03,042,FRR,Elbe,Azur Lane,common,1.01,1.52
12967,NS-10-M03,043,FRR,Eldridge,Azur Lane,common,1.02,1.53
12968,NS-10-M03,046,FRR,Alice Zuberg,Sword Art Online,rare,1.55,2.33
12969,NS-10-M03,047,FRR,Bluet,Flower Knight Girl,common,1.00,1.50
12970,NS-10-M03,048,FRR,Vikala,Granblue Fantasy,common,1.03,1.55
12971,NS-10-M03,049,FRR,Asuna Ichinose,Blue Archive,common,1.00,1.50
12972,NS-10-M03,050,FRR,Karin Kakudate,Blue Archive,common,1.02,1.53
12973,NS-10-M03,051,FRR,Akari Wanibuchi,Blue Archive,common,1.03,1.55
12974,NS-10-M03,052,FRR,Shiroha Narusa,Summer Pockets,common,1.01,1.52
12975,NS-10-M03,053,FRR,Satori Komeiji,Touhou Project,common,1.01,1.52
12976,NS-10-M03,054,FRR,Sakuya Izayoi,Touhou Project,common,1.05,1.58
12977,NS-10-M03,055,FRR,Momiji Inubashiri,Touhou Project,common,1.01,1.52
12978,NS-10-M03,057,FRR,Mai Futakotama,Alice Gear Aegis,common,1.05,1.58
12979,NS-10-M03,058,FRR,Satono Diamond,Uma Musume Pretty Derby,common,1.02,1.53
12980,NS-10-M03,059,FRR,Eishin Flash,Uma Musume Pretty Derby,common,1.04,1.56
12981,NS-10-M03,060,FRR,Seiun Sky,Uma Musume Pretty Derby,common,1.02,1.53
12982,NS-10-M03,061,FRR,Suzakuin Tsubaki,Mekuiro,common,1.03,1.55
12983,NS-10-M03,062,FRR,Eula,Genshin Impact,common,1.05,1.58
12984,NS-10-M03,064,FRR,Klee,Genshin Impact,common,1.01,1.52
12985,NS-10-M03,065,FRR,Paimon,Genshin Impact,common,1.05,1.58
12986,NS-10-M03,067,FRR,Marnie,Pokemon,common,1.01,1.52
12987,NS-10-M03,068,FRR,Yuuko Yoshida,The Demon Girl Next Door,common,1.04,1.56
12988,NS-10-M03,069,FRR,Sky Striker Ace - Roze,Yu-Gi-Oh!,rare,1.59,2.39
12989,NS-10-M03,072,FRR,Rem,Re:Zero,epic,4.82,7.23
12990,NS-10-M03,070,FRR,Kokoro Natsume (Kokkoro),Princess Connect Re:Dive,common,1.02,1.53
12991,NS-10-M03,071,FRR,Ram,Re:Zero,epic,3.53,5.30
12992,NS-10-M03,044,FRR,Ishtar,Fate Series,common,1.00,1.50
12993,NS-10-M03,045,FRR,Ereshkigal,Fate Series,common,1.04,1.56
12994,NS-10-M03,063,FRR,Yae Miko,Genshin Impact,common,1.03,1.55
12995,NS-10-M03,066,FRR,Qiqi,Genshin Impact,common,1.03,1.55
12996,NS-10-M04,001,FRR,Marnie,Pokemon,common,1.00,1.50
12997,NS-10-M04,002,FRR,Eriri Spencer Sawamura,Saekano: How to Raise a Boring Girlfriend,common,1.04,1.56
12998,NS-10-M04,003,FRR,Ai Hinatsuru,The Ryuo's Work is Never Done,common,1.03,1.55
12999,NS-10-M04,004,FRR,Chika Fujiwara,Kaguya-sama: Love is War,epic,4.13,6.20
13000,NS-10-M04,005,FRR,Miko Iino,Kaguya-sama: Love is War,epic,4.79,7.19
13001,NS-10-M04,006,FRR,Ai Hayasaka,Kaguya-sama: Love is War,epic,4.45,6.68
13002,NS-10-M04,008,FRR,Madoka Higuchi,The Idolm@ster,common,1.01,1.52
13003,NS-10-M04,009,FRR,Satori Komeiji,Touhou Project,common,1.00,1.50
13004,NS-10-M04,010,FRR,Haruhi Suzumiya,The Melancholy of Haruhi Suzumiya,common,1.01,1.52
13005,NS-10-M04,011,FRR,Ruri Gokou,OreImo,common,1.04,1.56
13006,NS-10-M04,012,FRR,Akane Shinjo,SSSS.GRIDMAN,common,1.01,1.52
13007,NS-10-M04,013,FRR,Yae Sakura,Honkai Impact,common,1.05,1.58
13008,NS-10-M04,014,FRR,Barbara,Genshin Impact,common,1.03,1.55
13009,NS-10-M04,016,FRR,Yuyuko Saigyouji,Touhou Project,common,1.02,1.53
13010,NS-10-M04,017,FRR,Special Week,Uma Musume Pretty Derby,common,1.04,1.56
13011,NS-10-M04,018,FRR,Chiyuki Kuwayama,The Idolm@ster,common,1.04,1.56
13012,NS-10-M04,007,FRR,Chitoge Kirisaki,Nisekoi,common,1.00,1.50
13013,NS-10-M04,015,FRR,Yae Miko,Genshin Impact,common,1.04,1.56
13014,NS-13,001,SER,Independence,Azur Lane,common,1.02,5.10
13015,NS-13,002,SER,Kurumi Tokisaki,Date A Live,common,1.03,5.15
13016,NS-13,003,SER,Patchouli Knowledge,Touhou Project,common,1.01,5.05
13017,NS-13,001,GR,Tokai Teio,Uma Musume Pretty Derby,common,1.04,8.32
13018,NS-13,002,GR,Aqua,God's Blessing on this Wonderful World! (KonoSuba),epic,3.51,28.08
13019,NS-13,003,GR,Rem,Re:Zero,epic,3.71,29.68
13020,NS-13,004,GR,Kaguya Shinomiya,Kaguya-sama: Love is War,epic,4.43,35.44
13021,NS-13,005,GR,Frieren,Sousou no Frieren,mythic,76.35,610.80
13022,NS-13,006,GR,Iono,Pokemon,common,1.03,8.24
13023,NS-13,001,SSR,Shinobu Kochou,Demon Slayer (Kimetsu no Yaiba),epic,3.05,7.63
13024,NS-13,002,SSR,Nezuko Kamado,Demon Slayer (Kimetsu no Yaiba),epic,4.11,10.28
13025,NS-13,003,SSR,Cocoa Hoto,Is the Order a Rabbit?,common,1.00,2.50
13026,NS-13,004,SSR,Mejiro McQueen,Uma Musume Pretty Derby,common,1.02,2.55
13027,NS-13,005,SSR,Ai Hoshino,Oshi No Ko (My idol's Child),common,1.00,2.50
13028,NS-13,006,SSR,Anna Yamada,The Dangers in My Heart,common,1.05,2.63
13029,NS-13,007,SSR,Maomao,The Apothecary Diaries,rare,1.69,4.22
13030,NS-13,008,SSR,Tomoe Gozen,Fate Series,common,1.03,2.58
13031,NS-13,009,SSR,Satori Komeiji,Touhou Project,common,1.04,2.60
13032,NS-13,010,SSR,Eustiana von Astraea (Pecorine),Princess Connect Re:Dive,common,1.05,2.63
13033,NS-13,011,SSR,Kiruya Momochi (Kyaru),Princess Connect Re:Dive,common,1.04,2.60
13034,NS-13,012,SSR,Kokoro Natsume (Kokkoro),Princess Connect Re:Dive,common,1.00,2.50
13035,NS-13,013,SSR,Raphtalia,The Rising of the Shield Hero,epic,3.02,7.55
13036,NS-13,014,SSR,Mika Misono,Blue Archive,common,1.00,2.50
13037,NS-13,015,SSR,Saki Tenma,Project SEKAI,common,1.02,2.55
13038,NS-13,016,SSR,Megumin,God's Blessing on this Wonderful World! (KonoSuba),epic,4.28,10.70
13039,NS-13,017,SSR,Illyasviel von Einzbern,Fate Series,common,1.04,2.60
13040,NS-13,018,SSR,Nino Nakano,The Quintessential Quintuplets,common,1.03,2.58
13041,NS-13,001,SCR,Keke Tang,Love Live!,common,1.01,1.26
13042,NS-13,002,SCR,Kanon Shibuya,Love Live!,common,1.01,1.26
13043,NS-13,003,SCR,Chisato Arashi,Love Live!,common,1.00,1.25
13044,NS-13,004,SCR,Sumire Heanna,Love Live!,common,1.03,1.29
13045,NS-13,005,SCR,Ren Hazuki,Love Live!,common,1.02,1.27
13046,NS-13,006,SCR,Kinako Sakurakouji,Love Live!,common,1.01,1.26
13047,NS-13,007,SCR,Mei Yoneme,Love Live!,common,1.04,1.30
13048,NS-13,008,SCR,Shiki Wakana,Love Live!,common,1.04,1.30
13049,NS-13,009,SCR,Natsumi Onitsuka,Love Live!,common,1.02,1.27
13050,NS-13,010,SCR,Tomari Onitsuka,Love Live!,common,1.02,1.27
13051,NS-13,011,SCR,Wien Margarete,Love Live!,common,1.01,1.26
13052,NS-13,012,SCR,Hitori Gotou,Bocchi the Rock!,common,1.05,1.31
13053,NS-13,013,SCR,Nijika Ijichi,Bocchi the Rock!,common,1.01,1.26
13054,NS-13,014,SCR,Ikuyo Kita,Bocchi the Rock!,common,1.01,1.26
13055,NS-13,015,SCR,Ryou Yamada,Bocchi the Rock!,common,1.03,1.29
13056,NS-13,016,SCR,Kukuru Misakino,The Aquatope on White Sand,common,1.04,1.30
13057,NS-13,017,SCR,Fuuka Miyazawa,The Aquatope on White Sand,common,1.02,1.27
13058,NS-13,018,SCR,Rikka Takanashi,"Love, Chunibyo & Other Delusions!",common,1.00,1.25
13059,NS-13,001,SR,Mirai Kuriyama,Beyond the Boundary,common,1.04,0.10
13060,NS-13,002,SR,Asuka Shikinami Langley,Evangelion,common,1.03,0.10
13061,NS-13,003,SR,Yor Forger,Spy X Family,epic,3.32,0.33
13062,NS-13,004,SR,Atsuko Kagari,Little Witch Academia,common,1.01,0.10
13063,NS-13,005,SR,Mimosa,Pokemon,common,1.00,0.10
13064,NS-13,006,SR,Carmine,Pokemon,common,1.04,0.10
13065,NS-13,007,SR,Taro,Pokemon,common,1.00,0.10
13066,NS-13,008,SR,Nemona,Pokemon,common,1.00,0.10
13067,NS-13,009,SR,Kagamine Rin,Vocaloid,common,1.00,0.10
13068,NS-13,010,SR,Megurine Luka,Vocaloid,common,1.04,0.10
13069,NS-13,011,SR,Milim Nava,That Time I Got Reincarnated as a Slime,epic,4.05,0.41
13070,NS-13,012,SR,Alice,Alice in Wonderland,common,1.03,0.10
13071,NS-13,013,SR,Shiro,No Game No Life,rare,1.67,0.17
13072,NS-13,014,SR,Sora Kasugano,Yosuga no Sora,common,1.00,0.10
13073,NS-13,015,SR,Shiki Ichinose,The Idolm@ster,common,1.05,0.11
13074,NS-13,016,SR,Frederica Miyamoto,The Idolm@ster,common,1.01,0.10
13075,NS-13,017,SR,Riamu Yumemi,The Idolm@ster,common,1.05,0.11
13076,NS-13,018,SR,Kanade Hisaishi,Sound! Euphonium,common,1.00,0.10
13077,NS-13,019,SR,Reisalin Stout,Atelier Series,common,1.01,0.10
13078,NS-13,020,SR,Remilia Scarlet,Touhou Project,common,1.01,0.10
13079,NS-13,021,SR,Aru Rikuhachima,Blue Archive,common,1.00,0.10
13080,NS-13,022,SR,Iochi Mari,Blue Archive,common,1.04,0.10
13081,NS-13,023,SR,Emilia,Re:Zero,epic,3.68,0.37
13082,NS-13,024,SR,Konata Izumi,Lucky☆Star,common,1.02,0.10
13083,NS-13,025,SR,Meltlilith,Fate Series,common,1.03,0.10
13084,NS-13,026,SR,BB,Fate Series,common,1.03,0.10
13085,NS-13,027,SR,Sakura Matou,Fate Series,common,1.05,0.11
13086,NS-13,028,SR,Takawashi Enju,My High School Life is Physically Isolated,common,1.02,0.10
13087,NS-13,029,SR,Tatsutagawa Elias,My High School Life is Physically Isolated,common,1.02,0.10
13088,NS-13,030,SR,Tohka Yatogami,Date A Live,common,1.00,0.10
13089,NS-13,031,SR,Mai Sakurajima,Rascal Does Not Dream Of Bunny Girl Senpai,common,1.02,0.10
13090,NS-13,032,SR,Yui Yuigahama,My Youth Romantic Comedy Is Wrong As I Expected,common,1.05,0.11
13091,NS-13,033,SR,Kana Arima,Oshi No Ko (My idol's Child),common,1.02,0.10
13092,NS-13,034,SR,Mahiru Shiina,The Angel Next Door Spoils Me Rotten,common,1.05,0.11
13093,NS-13,035,SR,Silence Suzuka,Uma Musume Pretty Derby,common,1.00,0.10
13094,NS-13,036,SR,Daiwa Scarlet,Uma Musume Pretty Derby,common,1.03,0.10
13095,NS-13,001,CR,Sagiri Izumi,Eromanga Sensei,common,1.05,0.26
13096,NS-13,002,CR,Hina Amano,Weathering with You,common,1.00,0.25
13097,NS-13,003,CR,Nessa,Pokemon,common,1.02,0.26
13098,NS-13,004,CR,Katy,Pokemon,common,1.02,0.26
13099,NS-13,005,CR,WA2000,Girls' Frontline,common,1.03,0.26
13100,NS-13,006,CR,Elaina,The Journey of Elaina,common,1.02,0.26
13101,NS-13,007,CR,Ereshkigal,Fate Series,common,1.04,0.26
13102,NS-13,008,CR,Celestia Ludenberg,Danganronpa,common,1.00,0.25
13103,NS-13,009,CR,Fukawa Toko,Danganronpa,common,1.01,0.25
13104,NS-13,010,CR,Flatorte,I've Been Killing Slimes for 300 Years and Maxed Out My Level,common,1.04,0.26
13105,NS-13,011,CR,Laika,I've Been Killing Slimes for 300 Years and Maxed Out My Level,common,1.04,0.26
13106,NS-13,012,CR,Sanae Kochiya,Touhou Project,common,1.04,0.26
13107,NS-13,013,CR,Takayama Takumi,Onsen Musume,common,1.04,0.26
13108,NS-13,014,CR,Tsukatsuki Rio,Blue Archive,common,1.01,0.25
13109,NS-13,015,CR,Asagi Mutsuki,Blue Archive,common,1.02,0.26
13110,NS-13,016,CR,Tendou Alice,Blue Archive,common,1.04,0.26
13111,NS-13,017,CR,Kaori Miyazono,Your Lie in April,common,1.05,0.26
13112,NS-13,018,CR,Mei Kamino,Godzilla: S.P,common,1.02,0.26
13113,NS-13,001,R,Yoisaki Kanade,Project SEKAI,common,1.04,0.01
13114,NS-13,002,R,Nene Kusanagi,Project SEKAI,common,1.03,0.01
13115,NS-13,003,R,Akiyama Mizuki,Project SEKAI,common,1.05,0.01
13116,NS-13,004,R,Otori Emu,Project SEKAI,common,1.01,0.01
13117,NS-13,005,R,Reines El-Melloi Archisorte,Fate Series,common,1.00,0.01
13118,NS-13,006,R,Unicorn,Azur Lane,common,1.01,0.01
13119,NS-13,007,R,Krul Tepes,Seraph of The End,rare,1.59,0.02
13120,NS-13,008,R,Hayase Nagatoro,"Don't Toy with Me, Miss Nagatoro",common,1.05,0.01
13121,NS-13,009,R,Taiga Aisaka,Toradora,common,1.03,0.01
13122,NS-13,010,R,Akane Shinjo,SSSS.GRIDMAN,common,1.05,0.01
13123,NS-13,011,R,Youmu Konpaku,Touhou Project,common,1.01,0.01
13124,NS-13,012,R,Haruhi Suzumiya,The Melancholy of Haruhi Suzumiya,common,1.01,0.01
13125,NS-13,013,R,Kurisu Makise,Steins; Gate,epic,3.82,0.04
13126,NS-13,014,R,Kizuna AI,VTuber,common,1.02,0.01
13127,NS-13,015,R,Kei Shirogane,Kaguya-sama: Love is War,epic,4.76,0.05
13128,NS-13,016,R,Ai Hayasaka,Kaguya-sama: Love is War,epic,3.71,0.04
13129,NS-13,017,R,Kagami Hiiragi,Lucky☆Star,common,1.00,0.01
13130,NS-13,018,R,Kotori Itsuka,Date A Live,common,1.05,0.01
13213,NS-02-M13,001,MSR,Kukuru Misakino,The Aquatope on White Sand,common,1.05,6.30
13214,NS-02-M13,002,MSR,Rei Ayanami,Evangelion,common,1.03,6.18
13215,NS-02-M13,003,MSR,Chiyuki Kuwayama,The Idolm@ster,common,1.00,6.00
13216,NS-02-M13,004,MSR,Kiritani Haruka,Project SEKAI,common,1.02,6.12
13217,NS-02-M13,005,MSR,Madoka Kaname,Puella Magi Madoka Magica,common,1.04,6.24
13218,NS-02-M13,006,MSR,Atsuko Kagari,Little Witch Academia,common,1.04,6.24
13219,NS-02-M13,001,UR,Rem,Re:Zero,epic,3.43,20.58
13220,NS-02-M13,002,UR,Shiroko Sunaookami,Blue Archive,common,1.02,6.12
13221,NS-02-M13,003,UR,Reimu Hakurei,Touhou Project,common,1.01,6.06
13222,NS-02-M13,004,UR,Aya Shameimaru,Touhou Project,common,1.02,6.12
13223,NS-02-M13,005,UR,Sakura Kinomoto,Cardcaptor Sakura,common,1.05,6.30
13224,NS-02-M13,006,UR,Hatsune Miku,Vocaloid,common,1.03,6.18
13225,NS-02-M13,001,PTR,Alice,Alice in Wonderland,common,1.05,6.30
13226,NS-02-M13,002,PTR,Iono,Pokemon,common,1.02,6.12
13227,NS-02-M13,003,PTR,Anna Yamada,The Dangers in My Heart,common,1.01,6.06
13228,NS-02-M13,004,PTR,Nakamasa Ichika,Blue Archive,common,1.01,6.06
13229,NS-02-M13,005,PTR,Miyuki Takara,Lucky☆Star,common,1.02,6.12
13230,NS-02-M13,006,PTR,Kitasan Black,Uma Musume Pretty Derby,common,1.00,6.00
13231,NS-02-M13,007,PTR,Mashu Kyrielight,Fate Series,common,1.02,6.12
13232,NS-02-M13,008,PTR,Kuroko Shirai,A Certain Magical Index (Toaru Kagaku no Railgun),common,1.05,6.30
13233,NS-02-M13,009,PTR,Kokoro Natsume (Kokkoro),Princess Connect Re:Dive,common,1.03,6.18
13234,NS-02-M13,001,SER,Hatsune Miku,Vocaloid,common,1.05,5.25
13235,NS-02-M13,002,SER,Tohka Yatogami,Date A Live,common,1.04,5.20
13236,NS-02-M13,003,SER,Hina Kagiyama ,Touhou Project,common,1.05,5.25
13237,NS-02-M13,004,SER,Reimu Hakurei,Touhou Project,common,1.01,5.05
13238,NS-02-M13,005,SER,Marisa Kirisame,Touhou Project,common,1.04,5.20
13239,NS-02-M13,006,SER,Miku Nakano,The Quintessential Quintuplets,common,1.00,5.00
13240,NS-02-M13,001,SSR,Nero Claudius,Fate Series,common,1.02,2.55
13241,NS-02-M13,002,SSR,Sakura Matou,Fate Series,common,1.00,2.50
13242,NS-02-M13,003,SSR,Euryale,Fate Series,common,1.05,2.63
13243,NS-02-M13,004,SSR,Kiyohime,Fate Series,common,1.02,2.55
13244,NS-02-M13,005,SSR,Abigail Williams,Fate Series,common,1.05,2.63
13245,NS-02-M13,006,SSR,Aikawa Megumi,Heaven Burns Red,common,1.05,2.63
13246,NS-02-M13,007,SSR,Alice,Alice in Wonderland,common,1.01,2.53
13247,NS-02-M13,008,SSR,Nana Abe,The Idolm@ster,common,1.05,2.63
13248,NS-02-M13,009,SSR,Asari Nanami ,The Idolm@ster,common,1.02,2.55
13249,NS-02-M13,010,SSR,Hayami Kanade ,The Idolm@ster,common,1.00,2.50
13250,NS-02-M13,011,SSR,Sanae Kochiya,Touhou Project,common,1.00,2.50
13251,NS-02-M13,012,SSR,Nitori Kawashiro,Touhou Project,common,1.01,2.53
13252,NS-02-M13,013,SSR,Youmu Konpaku,Touhou Project,common,1.00,2.50
13253,NS-02-M13,014,SSR,Hong Meiling,Touhou Project,common,1.02,2.55
13254,NS-02-M13,015,SSR,Reisen Udongein Inaba,Touhou Project,common,1.01,2.53
13255,NS-02-M13,016,SSR,Fujiwara no Mokou,Touhou Project,common,1.02,2.55
13256,NS-02-M13,017,SSR,Yuyuko Saigyouji,Touhou Project,common,1.00,2.50
13257,NS-02-M13,018,SSR,Suwako Moriya,Touhou Project,common,1.03,2.58
13258,NS-02-M13,019,SSR,Otori Emu,Project SEKAI,common,1.03,2.58
13259,NS-02-M13,020,SSR,Shinonome Ena,Project SEKAI,common,1.00,2.50
13260,NS-02-M13,021,SSR,Sakura Kinomoto,Cardcaptor Sakura,common,1.00,2.50
13261,NS-02-M13,022,SSR,Izuna,Blue Archive,common,1.00,2.50
13262,NS-02-M13,023,SSR,Amau Ako,Blue Archive,common,1.04,2.60
13263,NS-02-M13,024,SSR,Hoshino Takanashi,Blue Archive,common,1.00,2.50
13264,NS-02-M13,025,SSR,Misaka Mikoto,A Certain Magical Index (Toaru Kagaku no Railgun),common,1.05,2.63
13265,NS-02-M13,026,SSR,Usagi Tsukino (Sailor Moon),Sailor Moon,common,1.05,2.63
13266,NS-02-M13,027,SSR,Itsuki Nakano,The Quintessential Quintuplets,common,1.04,2.60
13267,NS-02-M13,001,SCR,Luo Tianyi,Vocaloid,common,1.02,1.27
13268,NS-02-M13,002,SCR,Razia,Granblue Fantasy,common,1.03,1.29
13269,NS-02-M13,003,SCR,Princess Zelda,Legend of Zelda,common,1.05,1.31
13270,NS-02-M13,004,SCR,Cirno,Touhou Project,common,1.00,1.25
13271,NS-02-M13,005,SCR,Tenshi Hinanawi,Touhou Project,common,1.05,1.31
13272,NS-02-M13,006,SCR,Momoko Togame,Puella Magi Madoka Magica,common,1.05,1.31
13273,NS-02-M13,007,SCR,Rinze Morino,The Idolm@ster,common,1.02,1.27
13274,NS-02-M13,008,SCR,Serizawa Asahi,The Idolm@ster,common,1.03,1.29
13275,NS-02-M13,009,SCR,Sachiko Koshimizu,The Idolm@ster,common,1.00,1.25
13276,NS-02-M13,010,SCR,Yukimi Sajo,The Idolm@ster,common,1.01,1.26
13277,NS-02-M13,011,SCR,Mashu Kyrielight,Fate Series,common,1.01,1.26
13278,NS-02-M13,012,SCR,Minamoto no Raikou,Fate Series,common,1.03,1.29
13279,NS-02-M13,013,SCR,Kotori Minami,Love Live!,common,1.05,1.31
13280,NS-02-M13,014,SCR,Kirari Momobami,Kakegurui,epic,4.06,5.07
13281,NS-02-M13,015,SCR,Tendou Alice,Blue Archive,common,1.04,1.30
13282,NS-02-M13,016,SCR,Shinku,Rozen Maiden,common,1.01,1.26
13283,NS-02-M13,017,SCR,Yosei Yunde,Goblin Slayer,rare,1.85,2.31
13284,NS-02-M13,018,SCR,Mio Takamiya,Date A Live,common,1.01,1.26
13285,NS-02-M13,001,SR,Tifa Lockhart,Final Fantasy,common,1.05,0.11
13286,NS-02-M13,002,SR,Noelle Silva,Black Clover,epic,3.75,0.38
13287,NS-02-M13,003,SR,Daitaku Helios,Uma Musume Pretty Derby,common,1.04,0.10
13288,NS-02-M13,004,SR,Satori Komeiji,Touhou Project,common,1.02,0.10
13289,NS-02-M13,005,SR,Koishi Komeiji,Touhou Project,common,1.03,0.10
13290,NS-02-M13,006,SR,Kaguya Houraisan,Touhou Project,common,1.05,0.11
13291,NS-02-M13,007,SR,Hitori Gotou,Bocchi the Rock!,common,1.03,0.10
13292,NS-02-M13,008,SR,Kanata Konoe,Love Live!,common,1.01,0.10
13293,NS-02-M13,009,SR,Ayumu Uehara,Love Live!,common,1.02,0.10
13294,NS-02-M13,010,SR,Rina Tennouji,Love Live!,common,1.05,0.11
13295,NS-02-M13,011,SR,Setsuna Yuuki,Love Live!,common,1.05,0.11
13296,NS-02-M13,012,SR,Hayate Hisakawa,The Idolm@ster,common,1.02,0.10
13297,NS-02-M13,013,SR,Mejiro McQueen,Uma Musume Pretty Derby,common,1.00,0.10
13298,NS-02-M13,014,SR,Yoisaki Kanade,Project SEKAI,common,1.03,0.10
13299,NS-02-M13,015,SR,Yae Niizuma,World Dai Star,common,1.03,0.10
13300,NS-02-M13,016,SR,Elaina,The Journey of Elaina,common,1.05,0.11
13301,NS-02-M13,017,SR,Yotsuba Nakano,The Quintessential Quintuplets,common,1.04,0.10
13302,NS-02-M13,018,SR,Nursery Rhyme,Fate Series,common,1.00,0.10
13303,NS-02-M13,001,CR,Chiyo Sakura,Monthly Girl's Nozaki-kun,common,1.02,0.26
13304,NS-02-M13,002,CR,Rem,Re:Zero,epic,4.70,1.18
13305,NS-02-M13,003,CR,Tio Plato,Minna Atsumare! Falcom Gakuen SC,common,1.05,0.26
13306,NS-02-M13,004,CR,Carmine,Pokemon,common,1.05,0.26
13307,NS-02-M13,005,CR,Kyoko Kirigiri,Danganronpa,common,1.00,0.25
13308,NS-02-M13,006,CR,Kana Arima,Oshi No Ko (My idol's Child),common,1.03,0.26
13309,NS-02-M13,007,CR,Natsuha Arisugawa,The Idolm@ster,common,1.01,0.25
13310,NS-02-M13,008,CR,Toru Asakura,The Idolm@ster,common,1.01,0.25
13311,NS-02-M13,009,CR,Tenka Osaki,The Idolm@ster,common,1.05,0.26
13312,NS-02-M13,010,CR,Shiki Ichinose,The Idolm@ster,common,1.03,0.26
13313,NS-02-M13,011,CR,Miyamoto Musashi,Fate Series,common,1.00,0.25
13314,NS-02-M13,012,CR,Kaguya Shinomiya,Kaguya-sama: Love is War,epic,3.59,0.90
13315,NS-02-M13,013,CR,Akemi Homura,Puella Magi Madoka Magica,common,1.00,0.25
13316,NS-02-M13,014,CR,Shokuhou Misaki,A Certain Magical Index (Toaru Kagaku no Railgun),common,1.02,0.26
13317,NS-02-M13,015,CR,Anisphia Wynn Palettia,The Magical Revolution of the Reincarnated Princess and the Genius Young Lady,common,1.03,0.26
13318,NS-02-M13,016,CR,Marin Kitagawa,My Dress-Up Darling,epic,3.25,0.81
13319,NS-02-M13,017,CR,Emilia,Re:Zero,epic,4.78,1.20
13320,NS-02-M13,018,CR,Secelia Dote,Mobile Suit Gundam: The Witch from Mercury,common,1.03,0.26
13321,NS-02-M13,001,R,Ryou Yamada,Bocchi the Rock!,common,1.01,0.01
13322,NS-02-M13,002,R,Milim Nava,That Time I Got Reincarnated as a Slime,epic,3.71,0.04
13323,NS-02-M13,003,R,Yui Hirasawa,K-On!,common,1.05,0.01
13324,NS-02-M13,004,R,Tsumugi Kotobuki,K-On!,common,1.02,0.01
13325,NS-02-M13,005,R,Rikka Takarada,SSSS.GRIDMAN,common,1.03,0.01
13326,NS-02-M13,006,R,Akane Shinjo,SSSS.GRIDMAN,common,1.00,0.01
13327,NS-02-M13,007,R,Kurumi Tokisaki,Date A Live,common,1.02,0.01
13328,NS-02-M13,008,R,Yoshino Himekawa,Date A Live,common,1.05,0.01
13329,NS-02-M13,009,R,Origami Tobiichi,Date A Live,common,1.02,0.01
13330,NS-02-M13,010,R,Ruri Gokou,OreImo,common,1.05,0.01
13331,NS-02-M13,011,R,Tarte,The World's Finest Assassin,common,1.02,0.01
13332,NS-02-M13,012,R,Kotoko Iwanaga,In/Spectre,common,1.03,0.01
13333,NS-02-M13,013,R,Ruiko Saten,A Certain Magical Index (Toaru Kagaku no Railgun),common,1.00,0.01
13334,NS-02-M13,014,R,Tsukasa Yuzaki,TONIKAWA: Over the Moon For You,common,1.02,0.01
13335,NS-02-M13,015,R,Marcille Donato,Delicious in Dungeon,common,1.00,0.01
13336,NS-02-M13,016,R,Tsukioka Kogane,The Idolm@ster,common,1.05,0.01
13337,NS-02-M13,017,R,Nino Nakano,The Quintessential Quintuplets,common,1.00,0.01
13338,NS-02-M13,018,R,Lanzhu Zhong,Love Live!,common,1.03,0.01
13339,NS-02-M13,001,PR,Aru Rikuhachima,Blue Archive,common,1.02,12.24
13340,NS-02-M13,002,PR,Dark Magician Girl,Yu-Gi-Oh!,rare,1.95,23.40
13341,NS-02-M13,003,PR,Flandre Scarlet,Touhou Project,common,1.05,12.60
13342,NS-02-M13,004,PR,Ishtar,Fate Series,common,1.04,12.48
13343,NS-02-M13,005,PR,Symboli Rudolf,Uma Musume Pretty Derby,common,1.00,12.00
13344,NS-02-M13,006,PR,Remilia Scarlet,Touhou Project,common,1.01,12.12
13345,NS-02-M13,007,PR,Shin Sato,The Idolm@ster,common,1.04,12.48
13346,NS-02-M13,008,PR,Sakuya Izayoi,Touhou Project,common,1.05,12.60
13347,NS-02-M13,009,PR,Izuna,Blue Archive,common,1.04,12.48
13348,NS-02-M13,010,PR,Aya Shameimaru,Touhou Project,common,1.00,12.00
13349,NS-02-M13,011,PR,Alice,Alice in Wonderland,common,1.04,12.48
13350,NS-02-M13,012,PR,Frieren,Sousou no Frieren,mythic,66.56,798.72
13351,NS-02-M13,013,PR,Kisaki,Blue Archive,common,1.01,12.12
13352,NS-02-M13,014,PR,Meltlilith,Fate Series,common,1.00,12.00
13353,NS-02-M13,015,PR,Hayase Yuuka,Blue Archive,common,1.04,12.48
13354,NS-02-M13,016,PR,Asagi Mutsuki,Blue Archive,common,1.01,12.12
13355,NS-02-M13,017,PR,Sakura Bakushin O,Uma Musume Pretty Derby,common,1.05,12.60
13356,NS-02-M13,018,PR,Morikubo Nono,The Idolm@ster,common,1.01,12.12
13357,NS-02-M13,019,PR,Mejiro McQueen,Uma Musume Pretty Derby,common,1.05,12.60
13358,NS-02-M13,020,PR,Gold Ship,Uma Musume Pretty Derby,common,1.02,12.24
13359,NS-02-M13,021,PR,Kotoko Iwanaga,In/Spectre,common,1.05,12.60
13360,NS-02-M13,022,PR,Siesta,The Detective is Already Dead,common,1.04,12.48
13461,NS-10-M02,037,FRR,Illustrious,Azur Lane,common,1.05,1.58
13462,NS-10-M02,038,FRR,Sirius,Azur Lane,common,1.03,1.55
13463,NS-10-M02,039,FRR,Aurora,Azur Lane,common,1.04,1.56
13464,NS-10-M02,040,FRR,Belfast,Azur Lane,common,1.04,1.56
13465,NS-10-M02,041,FRR,Swiftsure,Azur Lane,common,1.01,1.52
13466,NS-10-M02,042,FRR,Unicorn,Azur Lane,common,1.00,1.50
13467,NS-10-M02,044,FRR,Bremerton,Azur Lane,common,1.05,1.58
13468,NS-10-M02,045,FRR,St. Louis,Azur Lane,common,1.04,1.56
13469,NS-10-M02,046,FRR,Taihou,Azur Lane,common,1.05,1.58
13470,NS-10-M02,047,FRR,Hanazuki,Azur Lane,common,1.02,1.53
13471,NS-10-M02,048,FRR,Kashino,Azur Lane,common,1.02,1.53
13472,NS-10-M02,049,FRR,Azuma,Azur Lane,common,1.01,1.52
13473,NS-10-M02,050,FRR,Shinano,Azur Lane,common,1.02,1.53
13474,NS-10-M02,051,FRR,Saint Louis,Azur Lane,common,1.03,1.55
13475,NS-10-M02,052,FRR,OTs-14,Girls' Frontline,common,1.00,1.50
13476,NS-10-M02,053,FRR,PA-15,Girls' Frontline,common,1.04,1.56
13477,NS-10-M02,054,FRR,Type 95,Girls' Frontline,common,1.05,1.58
13478,NS-10-M02,055,FRR,Type 97,Girls' Frontline,common,1.03,1.55
13479,NS-10-M02,056,FRR,W,Arknights,common,1.02,1.53
13480,NS-10-M02,057,FRR,Ch'en,Arknights,common,1.00,1.50
13481,NS-10-M02,058,FRR,Willow,Girls' Frontline,common,1.04,1.56
13482,NS-10-M02,059,FRR,Pyra,Xenoblade,common,1.05,1.58
13483,NS-10-M02,060,FRR,Herrscher of Sentience,Honkai Impact,common,1.05,1.58
13484,NS-10-M02,061,FRR,Yae Sakura,Honkai Impact,common,1.03,1.55
13485,NS-10-M02,062,FRR,Yang Guifei,Fate Series,common,1.05,1.58
13486,NS-10-M02,063,FRR,Scathach,Fate Series,common,1.01,1.52
13487,NS-10-M02,064,FRR,Alice Margatroid,Touhou Project,common,1.02,1.53
13488,NS-10-M02,065,FRR,Toyosatomimi no Miko,Touhou Project,common,1.00,1.50
13489,NS-10-M02,066,FRR,Keine Kamishirasawa,Touhou Project,common,1.02,1.53
13490,NS-10-M02,067,FRR,Hong Meiling,Touhou Project,common,1.00,1.50
13491,NS-10-M02,068,FRR,Sakuya Izayoi,Touhou Project,common,1.05,1.58
13492,NS-10-M02,069,FRR,Sanae Kochiya,Touhou Project,common,1.00,1.50
13493,NS-10-M02,070,FRR,Luo Tianyi,Vocaloid,common,1.04,1.56
13494,NS-10-M02,071,FRR,Ganyu,Genshin Impact,common,1.00,1.50
13495,NS-10-M02,072,FRR,Ningguang,Genshin Impact,common,1.00,1.50
13496,NS-10-M02,043,FRR,Vampire,Azur Lane,common,1.04,1.56
13497,NS-10-M06,001,SWR,Ai Hoshino,Oshi No Ko (My idol's Child),common,1.03,77.25
13498,NS-10-M06,002,SWR,Fischl,Genshin Impact,common,1.04,78.00
13499,NS-10-M06,003,SWR,Aqua,God's Blessing on this Wonderful World! (KonoSuba),epic,3.03,227.25
13500,NS-10-M06,004,SWR,Shino Asada,Sword Art Online,rare,1.66,124.50
13501,NS-10-M06,005,SWR,Awayuki Kokorone,VTuber Legend: How I Went Viral after Forgetting to Turn Off My Stream,common,1.05,78.75
13502,NS-10-M06,006,SWR,Emilia,Re:Zero,epic,3.61,270.75
13503,NS-10-M06,007,SWR,Rem,Re:Zero,epic,3.86,289.50
13504,NS-10-M06,008,SWR,Yor Forger,Spy X Family,epic,3.54,265.50
13505,NS-10-M06,009,SWR,Mitsuri Kanroji,Demon Slayer (Kimetsu no Yaiba),epic,3.24,243.00
13506,NS-10-M06,001,MFR,Emilia,Re:Zero,epic,3.91,195.50
13507,NS-10-M06,002,MFR,Megumin,God's Blessing on this Wonderful World! (KonoSuba),epic,3.88,194.00
13508,NS-10-M06,003,MFR,Elaina,The Journey of Elaina,common,1.05,52.50
13509,NS-10-M06,004,MFR,Kurumi Tokisaki,Date A Live,common,1.03,51.50
13510,NS-10-M06,005,MFR,Yae Miko,Genshin Impact,common,1.02,51.00
13511,NS-10-M06,006,MFR,Marisa Kirisame,Touhou Project,common,1.01,50.50
13512,NS-10-M06,007,MFR,Roxy Migurdia,Mushoku Tensei: Jobless Reincarnation,rare,1.66,83.00
13513,NS-10-M06,008,MFR,Furina (Focalors),Genshin Impact,common,1.04,52.00
13514,NS-10-M06,009,MFR,Frieren,Sousou no Frieren,mythic,83.30,4165.00
13515,NS-10-M06,001,SFR,Anna Yanami,Makeine: Too Many Losing Heroines!,common,1.03,51.50
13516,NS-10-M06,002,SFR,Kana Arima,Oshi No Ko (My idol's Child),common,1.02,51.00
13517,NS-10-M06,003,SFR,Alisa Mikhailovna Kujou,"Alya, Who Sits Next to Me, Sometimes Whispers Sweet Nothings in Russian",common,1.03,51.50
13518,NS-10-M06,004,SFR,Akane Kurokawa,Oshi No Ko (My idol's Child),common,1.01,50.50
13519,NS-10-M06,005,SFR,Rin Nanakura,Pseudo Harem,common,1.00,50.00
13520,NS-10-M06,006,SFR,Yuki Suou,"Alya, Who Sits Next to Me, Sometimes Whispers Sweet Nothings in Russian",common,1.02,51.00
13521,NS-10-M06,007,SFR,Lemon Yakishio,Makeine: Too Many Losing Heroines!,common,1.00,50.00
13522,NS-10-M06,008,SFR,Maria Mikhailovna Kujou,"Alya, Who Sits Next to Me, Sometimes Whispers Sweet Nothings in Russian",common,1.03,51.50
13523,NS-10-M06,009,SFR,Saki Ayase,Days with My Stepsister,common,1.01,50.50
13524,NS-10-M06,001,BW,Artoria Pendragon (Saber),Fate Series,common,1.05,26.25
13525,NS-10-M06,002,BW,Rem,Re:Zero,epic,4.29,107.25
13526,NS-10-M06,003,BW,Megumi Kato,Saekano: How to Raise a Boring Girlfriend,common,1.03,25.75
13527,NS-10-M06,004,BW,Misaka Mikoto,A Certain Magical Index (Toaru Kagaku no Railgun),common,1.00,25.00
13528,NS-10-M06,005,BW,Asuna Yuuki,Sword Art Online,legendary,15.73,393.25
13529,NS-10-M06,006,BW,Yukino Yukinoshita,My Youth Romantic Comedy Is Wrong As I Expected,common,1.01,25.25
13530,NS-10-M06,007,BW,Keke Tang,Love Live!,common,1.04,26.00
13531,NS-10-M06,008,BW,Yor Forger,Spy X Family,epic,3.97,99.25
13532,NS-10-M06,009,BW,Mahiru Shiina,The Angel Next Door Spoils Me Rotten,common,1.05,26.25
13533,NS-10-M06,001,SCP,Alisa Mikhailovna Kujou,"Alya, Who Sits Next to Me, Sometimes Whispers Sweet Nothings in Russian",common,1.05,78.75
13534,NS-10-M06,002,SCP,Kaguya Shinomiya,Kaguya-sama: Love is War,epic,3.83,287.25
13535,NS-10-M06,003,SCP,Mai Sakurajima,Rascal Does Not Dream Of Bunny Girl Senpai,common,1.05,78.75
13536,NS-10-M06,004,SCP,Ruby Hoshino,Oshi No Ko (My idol's Child),common,1.02,76.50
13537,NS-10-M06,005,SCP,Anya Forger,Spy X Family,rare,1.78,133.50
13538,NS-10-M06,006,SCP,Chinatsu Kano,Blue Box,common,1.00,75.00
13539,NS-10-M06,007,SCP,Haruka Amami,The Idolm@ster,common,1.04,78.00
13540,NS-10-M06,008,SCP,Noko Shikanoko,My Deer Friend Nokotan,common,1.00,75.00
13541,NS-10-M06,009,SCP,Awayuki Kokorone,VTuber Legend: How I Went Viral after Forgetting to Turn Off My Stream,common,1.03,77.25
13542,NS-10-M06,001,MR,Hitori Gotou,Bocchi the Rock!,common,1.04,15.60
13543,NS-10-M06,002,MR,Frieren,Sousou no Frieren,mythic,66.73,1000.95
13544,NS-10-M06,003,MR,Violet Evergarden,Violet Evergarden,common,1.01,15.15
13545,NS-10-M06,004,MR,Yukino Yukinoshita,My Youth Romantic Comedy Is Wrong As I Expected,common,1.03,15.45
13546,NS-10-M06,005,MR,Elaina,The Journey of Elaina,common,1.02,15.30
13547,NS-10-M06,006,MR,Mai Sakurajima,Rascal Does Not Dream Of Bunny Girl Senpai,common,1.05,15.75
13548,NS-10-M06,007,MR,Kana Arima,Oshi No Ko (My idol's Child),common,1.01,15.15
13549,NS-10-M06,008,MR,Yor Forger,Spy X Family,epic,3.70,55.50
13550,NS-10-M06,009,MR,Nino Nakano,The Quintessential Quintuplets,common,1.04,15.60
13551,NS-10-M06,001,BHR,Hatsune Miku,Vocaloid,common,1.05,2.63
13552,NS-10-M06,002,BHR,Ai Hoshino,Oshi No Ko (My idol's Child),common,1.05,2.63
13553,NS-10-M06,003,BHR,Elaina,The Journey of Elaina,common,1.05,2.63
13554,NS-10-M06,004,BHR,Marin Kitagawa,My Dress-Up Darling,epic,4.88,12.20
13555,NS-10-M06,005,BHR,Sparkle,Honkai: Star Rail,common,1.01,2.53
13556,NS-10-M06,006,BHR,Rikka Takanashi,"Love, Chunibyo & Other Delusions!",common,1.04,2.60
13557,NS-10-M06,007,BHR,Zero Two,Darling in the Franxx,epic,4.48,11.20
13558,NS-10-M06,008,BHR,Miku Nakano,The Quintessential Quintuplets,common,1.02,2.55
13559,NS-10-M06,009,BHR,Violet Evergarden,Violet Evergarden,common,1.01,2.53
13560,NS-10-M06,001,COM,Akari Akaza,YuruYuri: Happy Go Lily,common,1.02,51.00
13561,NS-10-M06,002,COM,Ryuuko Matoi,Kill la Kill,epic,3.50,175.00
13562,NS-10-M06,003,COM,Chino Kafuu,Is the Order a Rabbit?,common,1.01,50.50
13563,NS-10-M06,004,COM,Nyaruko,Nyaruko: Crawling with Love!,common,1.04,52.00
13564,NS-10-M06,005,COM,Sakura Haruno,Naruto Series,epic,4.04,202.00
13565,NS-10-M06,006,COM,Hiyori Iki,Noragami,common,1.04,52.00
13566,NS-10-M06,007,COM,Marie,Mekakucity Actors,common,1.02,51.00
13567,NS-10-M06,008,COM,Kagome Higurashi,Inuyasha,common,1.03,51.50
13568,NS-10-M06,009,COM,Ohana Matsumae,Hanasaku Iroha: Blossoms for Tomorrow,common,1.02,51.00
13569,NS-10-M06,001,SSD,Nozomi Tojo,Love Live!,common,1.01,35.35
13570,NS-10-M06,002,SSD,Honoka Kousaka,Love Live!,common,1.00,35.00
13571,NS-10-M06,003,SSD,Nico Yazawa,Love Live!,common,1.00,35.00
13572,NS-10-M06,004,SSD,Hanayo Koizumi,Love Live!,common,1.02,35.70
13573,NS-10-M06,005,SSD,Umi Sonoda,Love Live!,common,1.02,35.70
13574,NS-10-M06,006,SSD,Kotori Minami,Love Live!,common,1.02,35.70
13575,NS-10-M06,007,SSD,Maki Nishikino,Love Live!,common,1.04,36.40
13576,NS-10-M06,008,SSD,Rin Hoshizora,Love Live!,common,1.04,36.40
13577,NS-10-M06,009,SSD,Eli Ayase,Love Live!,common,1.01,35.35
13578,NS-10-M06,001,SD,Nozomi Tojo,Love Live!,common,1.00,35.00
13579,NS-10-M06,002,SD,Honoka Kousaka,Love Live!,common,1.05,36.75
13580,NS-10-M06,003,SD,Nico Yazawa,Love Live!,common,1.04,36.40
13581,NS-10-M06,004,SD,Hanayo Koizumi,Love Live!,common,1.04,36.40
13582,NS-10-M06,005,SD,Umi Sonoda,Love Live!,common,1.05,36.75
13583,NS-10-M06,006,SD,Kotori Minami,Love Live!,common,1.00,35.00
13584,NS-10-M06,007,SD,Maki Nishikino,Love Live!,common,1.03,36.05
13585,NS-10-M06,008,SD,Rin Hoshizora,Love Live!,common,1.00,35.00
13586,NS-10-M06,009,SD,Eli Ayase,Love Live!,common,1.01,35.35
13587,NS-10-M06,001,SLP,Hitori Gotou,Bocchi the Rock!,common,1.01,75.75
13588,NS-10-M06,002,SLP,Nijika Ijichi,Bocchi the Rock!,common,1.03,77.25
13589,NS-10-M06,003,SLP,Ryou Yamada,Bocchi the Rock!,common,1.03,77.25
13590,NS-10-M06,004,SLP,Ikuyo Kita,Bocchi the Rock!,common,1.00,75.00
13591,NS-10-M06,005,SLP,Takamatsu Tomori,BanG Dream!,common,1.05,78.75
13592,NS-10-M06,006,SLP,Anon Chihaya,BanG Dream!,common,1.05,78.75
13593,NS-10-M06,007,SLP,Raana Kaname,BanG Dream!,common,1.03,77.25
13594,NS-10-M06,008,SLP,Soyo Nagasaki,BanG Dream!,common,1.02,76.50
13595,NS-10-M06,009,SLP,Taki Shiina,BanG Dream!,common,1.04,78.00
13596,NS-10-M06,001,LP,Kamisato Ayaka,Genshin Impact,common,1.01,50.50
13597,NS-10-M06,002,LP,Hu Tao,Genshin Impact,common,1.00,50.00
13598,NS-10-M06,003,LP,Raiden Shogun,Genshin Impact,common,1.04,52.00
13599,NS-10-M06,004,LP,Furina (Focalors),Genshin Impact,common,1.05,52.50
13600,NS-10-M06,005,LP,Kokomi Sangonomiya,Genshin Impact,common,1.04,52.00
13601,NS-10-M06,006,LP,Shenhe,Genshin Impact,common,1.04,52.00
13602,NS-10-M06,007,LP,Nilou,Genshin Impact,common,1.05,52.50
13603,NS-10-M06,008,LP,Ningguang,Genshin Impact,common,1.02,51.00
13604,NS-10-M06,009,LP,Eula,Genshin Impact,common,1.00,50.00
13605,NS-10-M06,001,SP,Nicole Demara,ZZZ: Zenless Zone Zero,common,1.04,26.00
13606,NS-10-M06,002,SP,Corin Wickes,ZZZ: Zenless Zone Zero,common,1.04,26.00
13607,NS-10-M06,003,SP,Anby Demara,ZZZ: Zenless Zone Zero,common,1.05,26.25
13608,NS-10-M06,004,SP,Grace Howard,ZZZ: Zenless Zone Zero,common,1.03,25.75
13609,NS-10-M06,005,SP,Alexandrina Sebastiane,ZZZ: Zenless Zone Zero,common,1.04,26.00
13610,NS-10-M06,006,SP,Qingyi,ZZZ: Zenless Zone Zero,common,1.01,25.25
13611,NS-10-M06,007,SP,Zhu Yuan,ZZZ: Zenless Zone Zero,common,1.02,25.50
13612,NS-10-M06,008,SP,Koleda Belobog,ZZZ: Zenless Zone Zero,common,1.05,26.25
13613,NS-10-M06,009,SP,Nekomiya Mana,ZZZ: Zenless Zone Zero,common,1.00,25.00
13614,NS-10-M06,001,TR,Ai Hoshino,Oshi No Ko (My idol's Child),common,1.04,26.00
13615,NS-10-M06,002,TR,Mano Sakuragi,The Idolm@ster,common,1.04,26.00
13616,NS-10-M06,003,TR,Meguru Hachimiya,The Idolm@ster,common,1.03,25.75
13617,NS-10-M06,004,TR,Mei Izumi,The Idolm@ster,common,1.02,25.50
13618,NS-10-M06,005,TR,Mikoto Aketa,The Idolm@ster,common,1.02,25.50
13619,NS-10-M06,006,TR,Natsuha Arisugawa,The Idolm@ster,common,1.03,25.75
13620,NS-10-M06,007,TR,Nanakusa Nichika,The Idolm@ster,common,1.01,25.25
13621,NS-10-M06,008,TR,Rinze Morino,The Idolm@ster,common,1.04,26.00
13622,NS-10-M06,009,TR,Sakuya Shirase,The Idolm@ster,common,1.05,26.25
13623,NS-10-M06,010,TR,Tenka Osaki,The Idolm@ster,common,1.04,26.00
13624,NS-10-M06,011,TR,Mitsumine Yuika,The Idolm@ster,common,1.03,25.75
13625,NS-10-M06,012,TR,Mamimi Tanaka,The Idolm@ster,common,1.01,25.25
13626,NS-10-M06,013,TR,Hatsune Miku,Vocaloid,common,1.05,26.25
13627,NS-10-M06,014,TR,Kaguya Luna,VTuber,common,1.04,26.00
13628,NS-10-M06,015,TR,Usada Pekora,Hololive,common,1.00,25.00
13629,NS-10-M06,016,TR,Takanashi Kiara,Hololive,common,1.00,25.00
13630,NS-10-M06,017,TR,Yuzuki Choco,Hololive,common,1.01,25.25
13631,NS-10-M06,018,TR,Ouro Kronii,Hololive,common,1.05,26.25
13632,NS-10-M06,001,FR,Yui,Angel Beats!,common,1.01,0.35
13633,NS-10-M06,002,FR,Yume Nijino,Aikatsu!,common,1.01,0.35
13634,NS-10-M06,003,FR,Kumiko Oumae,Sound! Euphonium,common,1.01,0.35
13635,NS-10-M06,004,FR,Shiraishi An,Project SEKAI,common,1.00,0.35
13636,NS-10-M06,005,FR,Maika Chono,Aikatsu!,common,1.02,0.36
13637,NS-10-M06,006,FR,Hataya Misuzu,The Idolm@ster,common,1.03,0.36
13638,NS-10-M06,007,FR,Cyan Hijirikawa,Show By Rock!!,common,1.00,0.35
13639,NS-10-M06,008,FR,Himari Kino,Whisper Me a Love Song,common,1.04,0.36
13640,NS-10-M06,009,FR,Azusa Nakano,K-On!,common,1.04,0.36
13641,NS-10-M06,010,FR,Kaori Nakaseko,Sound! Euphonium,common,1.00,0.35
13642,NS-10-M06,011,FR,Nina Iseri,Girls Band Cry,common,1.01,0.35
13643,NS-10-M06,012,FR,Yui Hirasawa,K-On!,common,1.03,0.36
13644,NS-10-M06,013,FR,Ichigo Hoshimiya,Aikatsu!,common,1.04,0.36
13645,NS-10-M06,014,FR,Aoi Aioi,Her Blue Sky,common,1.00,0.35
13646,NS-10-M06,015,FR,Reina Kousaka,Sound! Euphonium,common,1.04,0.36
13647,NS-10-M06,016,FR,Natsuki Nakagawa,Sound! Euphonium,common,1.04,0.36
13648,NS-10-M06,017,FR,Eiko Tsukimi,Ya Boy Kongming!,common,1.03,0.36
13649,NS-10-M06,018,FR,Sakura Minamoto,Zombieland Saga,common,1.01,0.35
13650,NS-10-M06,001,SSR,Asuka Shikinami Langley,Evangelion,common,1.04,2.60
13651,NS-10-M06,002,SSR,Rei Ayanami,Evangelion,common,1.02,2.55
13652,NS-10-M06,003,SSR,Rikka Takarada,SSSS.GRIDMAN,common,1.02,2.55
13653,NS-10-M06,004,SSR,Akane Shinjo,SSSS.GRIDMAN,common,1.05,2.63
13654,NS-10-M06,005,SSR,Furina (Focalors),Genshin Impact,common,1.05,2.63
13655,NS-10-M06,006,SSR,Keqing,Genshin Impact,common,1.05,2.63
13656,NS-10-M06,007,SSR,Shenhe,Genshin Impact,common,1.02,2.55
13657,NS-10-M06,008,SSR,Mika Misono,Blue Archive,common,1.04,2.60
13658,NS-10-M06,009,SSR,Hiei,Azur Lane,common,1.04,2.60
13659,NS-10-M06,010,SSR,Independence,Azur Lane,common,1.01,2.53
13660,NS-10-M06,011,SSR,Laffey,Azur Lane,common,1.04,2.60
13661,NS-10-M06,012,SSR,Noshiro,Azur Lane,common,1.00,2.50
13662,NS-10-M06,013,SSR,Hatsune Miku,Vocaloid,common,1.01,2.53
13663,NS-10-M06,014,SSR,Marin Kitagawa,My Dress-Up Darling,epic,4.19,10.48
13664,NS-10-M06,015,SSR,Hitori Gotou,Bocchi the Rock!,common,1.03,2.58
13665,NS-10-M06,016,SSR,Kafka,Honkai: Star Rail,common,1.02,2.55
13666,NS-10-M06,017,SSR,March 7th,Honkai: Star Rail,common,1.01,2.53
13667,NS-10-M06,018,SSR,Robin,Honkai: Star Rail,common,1.00,2.50
13668,NS-10-M06,019,SSR,Firefly,Honkai: Star Rail,common,1.02,2.55
13669,NS-10-M06,020,SSR,Acheron (Raiden Bosenmori Mei),Honkai: Star Rail,common,1.04,2.60
13670,NS-10-M06,021,SSR,Nezuko Kamado,Demon Slayer (Kimetsu no Yaiba),epic,3.02,7.55
13671,NS-10-M06,022,SSR,Yor Forger,Spy X Family,epic,4.95,12.38
13672,NS-10-M06,023,SSR,Anya Forger,Spy X Family,rare,1.59,3.98
13673,NS-10-M06,024,SSR,Haruhi Suzumiya,The Melancholy of Haruhi Suzumiya,common,1.05,2.63
13674,NS-10-M06,025,SSR,Mikuru Asahina,The Melancholy of Haruhi Suzumiya,common,1.04,2.60
13675,NS-10-M06,026,SSR,Violet Evergarden,Violet Evergarden,common,1.04,2.60
13676,NS-10-M06,027,SSR,Haiyi,Synthesizer V,common,1.03,2.58
13677,NS-10-M06,001,SCR,Eris Boreas Greyrat,Mushoku Tensei: Jobless Reincarnation,rare,1.97,2.46
13678,NS-10-M06,002,SCR,Roxy Migurdia,Mushoku Tensei: Jobless Reincarnation,rare,1.82,2.28
13679,NS-10-M06,003,SCR,Silence Suzuka,Uma Musume Pretty Derby,common,1.03,1.29
13680,NS-10-M06,004,SCR,Mihono Bourbon,Uma Musume Pretty Derby,common,1.04,1.30
13681,NS-10-M06,005,SCR,Rice Shower,Uma Musume Pretty Derby,common,1.03,1.29
13682,NS-10-M06,006,SCR,Sakura Bakushin O,Uma Musume Pretty Derby,common,1.05,1.31
13683,NS-10-M06,007,SCR,Daiwa Scarlet,Uma Musume Pretty Derby,common,1.03,1.29
13684,NS-10-M06,008,SCR,Kanade Tachibana,Angel Beats!,common,1.04,1.30
13685,NS-10-M06,009,SCR,Kizuna AI,VTuber,common,1.00,1.25
13686,NS-10-M06,010,SCR,Anisphia Wynn Palettia,The Magical Revolution of the Reincarnated Princess and the Genius Young Lady,common,1.04,1.30
13687,NS-10-M06,011,SCR,Krul Tepes,Seraph of The End,rare,1.62,2.03
13688,NS-10-M06,012,SCR,Rikka Takanashi,"Love, Chunibyo & Other Delusions!",common,1.04,1.30
13689,NS-10-M06,013,SCR,Hestia,Is It Wrong to Try to Pick Up Girls in a Dungeon?,common,1.02,1.27
13690,NS-10-M06,014,SCR,Ais Wallenstein,Is It Wrong to Try to Pick Up Girls in a Dungeon?,common,1.03,1.29
13691,NS-10-M06,015,SCR,Ruri Gokou,OreImo,common,1.00,1.25
13692,NS-10-M06,016,SCR,Marcille Donato,Delicious in Dungeon,common,1.02,1.27
13693,NS-10-M06,017,SCR,Akemi Homura,Puella Magi Madoka Magica,common,1.05,1.31
13694,NS-10-M06,018,SCR,Madoka Kaname,Puella Magi Madoka Magica,common,1.00,1.25
13695,NS-10-M06,001,SR,Sakura Kinomoto,Cardcaptor Sakura,common,1.03,0.10
13696,NS-10-M06,002,SR,Tomoyo Daidouji,Cardcaptor Sakura,common,1.05,0.11
13697,NS-10-M06,003,SR,Zero Two,Darling in the Franxx,epic,4.39,0.44
13698,NS-10-M06,004,SR,Shuna,That Time I Got Reincarnated as a Slime,epic,4.98,0.50
13699,NS-10-M06,005,SR,Milim Nava,That Time I Got Reincarnated as a Slime,epic,4.93,0.49
13700,NS-10-M06,006,SR,Shion,That Time I Got Reincarnated as a Slime,epic,3.13,0.31
13701,NS-10-M06,007,SR,Hina Amano,Weathering with You,common,1.04,0.10
13702,NS-10-M06,008,SR,Takagi-san,Teasing Master Takagi-san,common,1.05,0.11
13703,NS-10-M06,009,SR,Konata Izumi,Lucky☆Star,common,1.01,0.10
13704,NS-10-M06,010,SR,Tsukasa Hiiragi,Lucky☆Star,common,1.03,0.10
13705,NS-10-M06,011,SR,Kagami Hiiragi,Lucky☆Star,common,1.05,0.11
13706,NS-10-M06,012,SR,Miyuki Takara,Lucky☆Star,common,1.03,0.10
13707,NS-10-M06,013,SR,Tatsumaki,One Punch Man,epic,4.90,0.49
13708,NS-10-M06,014,SR,Sora Kasugano,Yosuga no Sora,common,1.05,0.11
13709,NS-10-M06,015,SR,Chiyo Sakura,Monthly Girl's Nozaki-kun,common,1.04,0.10
13710,NS-10-M06,016,SR,Tsukasa Yuzaki,TONIKAWA: Over the Moon For You,common,1.05,0.11
13711,NS-10-M06,017,SR,Reisalin Stout,Atelier Series,common,1.05,0.11
13712,NS-10-M06,018,SR,Yuri Nakamura,Angel Beats!,common,1.01,0.10
13713,NS-10-M06,001,SC,Suigintou,Rozen Maiden,common,1.04,52.00
13714,NS-10-M06,002,SC,Shuna,That Time I Got Reincarnated as a Slime,epic,3.12,156.00
13715,NS-10-M06,003,SC,Hatsune Miku,Vocaloid,common,1.02,51.00
13716,NS-10-M06,004,SC,Kizuna AI,VTuber,common,1.00,50.00
13717,NS-10-M06,005,SC,Keqing,Genshin Impact,common,1.01,50.50
13718,NS-10-M06,006,SC,Eustiana von Astraea (Pecorine),Princess Connect Re:Dive,common,1.02,51.00
13719,NS-10-M06,007,SC,Reimu Hakurei,Touhou Project,common,1.02,51.00
13720,NS-10-M06,008,SC,Asuka Shikinami Langley,Evangelion,common,1.05,52.50
13721,NS-10-M06,009,SC,Mai Sakurajima,Rascal Does Not Dream Of Bunny Girl Senpai,common,1.03,51.50
13723,NS-10-M04,001,RDM,,,common,1.05,36.75
13724,NS-10-M06,001,RDM,,,common,1.02,35.70
13725,NS-10-M05,001,RDM,,,common,1.00,35.00
13726,NNS-02,001,RDM,,,common,1.03,36.05
13727,NS-10-M06,001,PR,Ivy,Fire Emblem,common,1.01,12.12
13728,NS-10-M06,002,PR,Alice Zuberg,Sword Art Online,rare,1.87,22.44
13729,NS-10-M06,003,PR,Kizuna AI,VTuber,common,1.01,12.12
13730,NS-10-M06,004,PR,Cocoa Hoto,Is the Order a Rabbit?,common,1.02,12.24
13731,NS-10-M06,005,PR,Tokoyami Towa,Hololive,common,1.00,12.00
13732,NS-10-M06,006,PR,Hatsune Miku,Vocaloid,common,1.01,12.12
13733,NS-10-M06,007,PR,Tokai Teio,Uma Musume Pretty Derby,common,1.02,12.24
13734,NS-10-M06,008,PR,Furina (Focalors),Genshin Impact,common,1.00,12.00
13735,NS-10-M06,009,PR,Takagi-san,Teasing Master Takagi-san,common,1.02,12.24
13736,NS-10-M06,010,PR,Serizawa Asahi,The Idolm@ster,common,1.00,12.00
13737,NS-10-M06,011,PR,Hanagumo Kuyuri,VTuber,common,1.04,12.48
13738,NS-10-M06,012,PR,Chisato Nishikigi,Lycoris Recoil,common,1.03,12.36
13739,NS-10-M06,013,PR,Sumi Serina,Blue Archive,common,1.04,12.48
13740,NS-10-M06,014,PR,Raphtalia,The Rising of the Shield Hero,epic,4.19,50.28
13741,NS-10-M06,015,PR,Takina Inoue,Lycoris Recoil,common,1.05,12.60
13742,NS-10-M06,016,PR,Nezuko Kamado,Demon Slayer (Kimetsu no Yaiba),epic,3.86,46.32
13743,NS-10-M06,017,PR,Nilou,Genshin Impact,common,1.02,12.24
13744,NS-10-M06,018,PR,Nanase Subaru,VTuber,common,1.04,12.48
13745,NS-10-M06,019,PR,Ichigaya Arisa,BanG Dream!,common,1.03,12.36
13746,NS-10-M06,020,PR,Chika Fujiwara,Kaguya-sama: Love is War,epic,4.36,52.32
13747,NS-10-M06,021,PR,Hoshimachi Suisei,Hololive,common,1.03,12.36
13748,NS-10-M06,022,PR,Nice Nature,Uma Musume Pretty Derby,common,1.02,12.24
13749,NS-10-M06,023,PR,Aston Machan,Uma Musume Pretty Derby,common,1.02,12.24
13750,NS-10-M06,024,PR,Mayano Top Gun,Uma Musume Pretty Derby,common,1.00,12.00
13878,NS-14,001,CR,Emma Verde,Love Live!,common,1.03,0.26
13879,NS-14,002,CR,Marin Kitagawa,My Dress-Up Darling,epic,3.54,0.89
13880,NS-14,003,CR,Tokino Sora,Hololive,common,1.01,0.25
13881,NS-14,004,CR,Momosuzu Nene,Hololive,common,1.01,0.25
13882,NS-14,005,CR,Holo,Spice & Wolf,common,1.04,0.26
13883,NS-14,006,CR,Mari Makinami Illustrious,Evangelion,common,1.02,0.26
13884,NS-14,007,CR,Skadi the Corrupting Heart,Arknights,common,1.02,0.26
13885,NS-14,008,CR,Makaino Ririmu,VTuber,common,1.04,0.26
13886,NS-14,009,CR,Asahina Akane,VTuber,common,1.01,0.25
13887,NS-14,010,CR,Rurino Osawa,Love Live!,common,1.02,0.26
13888,NS-14,011,CR,Megumi Fujishima,Love Live!,common,1.00,0.25
13889,NS-14,012,CR,Mio,Xenoblade,common,1.04,0.26
13890,NS-14,013,CR,Marcille Donato,Delicious in Dungeon,common,1.03,0.26
13891,NS-14,014,CR,Nozomi Tojo,Love Live!,common,1.04,0.26
13892,NS-14,015,CR,Sanhua,Wuthering Waves,common,1.01,0.25
13893,NS-14,016,CR,Momoi Airi,Project SEKAI,common,1.02,0.26
13894,NS-14,017,CR,Mano Sakuragi,The Idolm@ster,common,1.03,0.26
13895,NS-14,018,CR,Hitagi Senjougahara,Monogatari Series,common,1.02,0.26
13896,NS-14,001,GR,Rikka Takanashi,"Love, Chunibyo & Other Delusions!",common,1.03,8.24
13897,NS-14,002,GR,Frieren,Sousou no Frieren,mythic,81.69,653.52
13898,NS-14,003,GR,Tachibana Hinano,Hololive,common,1.03,8.24
13899,NS-14,004,GR,Hyakumantenbara Salome,VTuber,common,1.05,8.40
13900,NS-14,005,GR,Kiriko Yukoku,The Idolm@ster,common,1.01,8.08
13901,NS-14,006,GR,Kasane Teto,Vocaloid,common,1.00,8.00
13902,NS-14,001,R,Nakiri Ayame,Hololive,common,1.05,0.01
13903,NS-14,002,R,Nozomi Tojo,Love Live!,common,1.01,0.01
13904,NS-14,003,R,Eli Ayase,Love Live!,common,1.04,0.01
13905,NS-14,004,R,Hanayo Koizumi,Love Live!,common,1.01,0.01
13906,NS-14,005,R,Umi Sonoda,Love Live!,common,1.00,0.01
13907,NS-14,006,R,Yoshiko Tsushima,Love Live!,common,1.00,0.01
13908,NS-14,007,R,Kinako Sakurakouji,Love Live!,common,1.03,0.01
13909,NS-14,008,R,Rem,Re:Zero,epic,3.42,0.03
13910,NS-14,009,R,Nekota Tsuna,VTuber,common,1.04,0.01
13911,NS-14,010,R,Katy,Pokemon,common,1.01,0.01
13912,NS-14,011,R,Sakuya Izayoi,Touhou Project,common,1.00,0.01
13913,NS-14,012,R,Nozomi Sakurai,Princess Connect Re:Dive,common,1.01,0.01
13914,NS-14,013,R,Ai Hinatsuru,The Ryuo's Work is Never Done,common,1.00,0.01
13915,NS-14,014,R,Iori Minase,The Idolm@ster,common,1.00,0.01
13916,NS-14,015,R,Haruka Amami,The Idolm@ster,common,1.04,0.01
13917,NS-14,016,R,Tsukioka Kogane,The Idolm@ster,common,1.05,0.01
13918,NS-14,017,R,Tosen Jordan,Uma Musume Pretty Derby,common,1.03,0.01
13919,NS-14,018,R,Neo Universe,Uma Musume Pretty Derby,common,1.05,0.01
13920,NS-14,001,SCR,Kazama Iroha,Hololive,common,1.00,1.25
13921,NS-14,002,SCR,Amelia Watson,Hololive,common,1.03,1.29
13922,NS-14,003,SCR,Gawr Gura,Hololive,common,1.03,1.29
13923,NS-14,004,SCR,Yuzuki Choco,Hololive,common,1.03,1.29
13924,NS-14,005,SCR,Darkness,God's Blessing on this Wonderful World! (KonoSuba),epic,4.22,5.28
13925,NS-14,006,SCR,Usada Pekora,Hololive,common,1.05,1.31
13926,NS-14,007,SCR,Hoshino Takanashi,Blue Archive,common,1.02,1.27
13927,NS-14,008,SCR,Togawa Sakiko,BanG Dream!,common,1.03,1.29
13928,NS-14,009,SCR,Hoshimachi Suisei,Hololive,common,1.04,1.30
13929,NS-14,010,SCR,Natori Sana,VTuber,common,1.02,1.27
13930,NS-14,011,SCR,Mashiro Kanon,VTuber,common,1.04,1.30
13931,NS-14,012,SCR,Shirakami Fubuki,Hololive,common,1.03,1.29
13932,NS-14,013,SCR,Fuyuko Mayuzumi,The Idolm@ster,common,1.05,1.31
13933,NS-14,014,SCR,Klaudia Valentz,Atelier Series,common,1.01,1.26
13934,NS-14,015,SCR,Shiranami Ramune,VTuber,common,1.04,1.30
13935,NS-14,016,SCR,Riamu Yumemi,The Idolm@ster,common,1.02,1.27
13936,NS-14,017,SCR,Kotone Fujita,The Idolm@ster,common,1.02,1.27
13937,NS-14,018,SCR,Temari Tsukimura,The Idolm@ster,common,1.01,1.26
13938,NS-14,001,SER,Hatsune Miku,Vocaloid,common,1.03,5.15
13939,NS-14,002,SER,Kurumi Noah,VTuber,common,1.01,5.05
13940,NS-14,003,SER,Mechanic,Identity v,common,1.01,5.05
13941,NS-14,001,SR,KAngel,Needy Streamer Overload,common,1.02,0.10
13942,NS-14,002,SR,Sonetto,Reverse: 1999,common,1.04,0.10
13943,NS-14,003,SR,Violet Evergarden,Violet Evergarden,common,1.00,0.10
13944,NS-14,004,SR,Yuzuha,Utawarerumono,common,1.05,0.11
13945,NS-14,005,SR,Elizabeth Bathory,Fate Series,common,1.02,0.10
13946,NS-14,006,SR,Shigure Ui,VTuber,common,1.01,0.10
13947,NS-14,007,SR,Ceres Fauna,Hololive,common,1.03,0.10
13948,NS-14,008,SR,Tokoyami Towa,Hololive,common,1.02,0.10
13949,NS-14,009,SR,Amane Kanata,Hololive,common,1.04,0.10
13950,NS-14,010,SR,Hoshimachi Suisei,Hololive,common,1.04,0.10
13951,NS-14,011,SR,Shishiro Botan,Hololive,common,1.00,0.10
13952,NS-14,012,SR,Kotoko Iwanaga,In/Spectre,common,1.03,0.10
13953,NS-14,013,SR,Sajuna Inui,My Dress-Up Darling,rare,1.54,0.15
13954,NS-14,014,SR,Daiwa Scarlet,Uma Musume Pretty Derby,common,1.02,0.10
13955,NS-14,015,SR,Mejiro McQueen,Uma Musume Pretty Derby,common,1.00,0.10
13956,NS-14,016,SR,Tatsumaki,One Punch Man,epic,4.91,0.49
13957,NS-14,017,SR,Aesc,Fate Series,common,1.04,0.10
13958,NS-14,018,SR,Anastasia Nikolaevna Romanova,Fate Series,common,1.00,0.10
13959,NS-14,019,SR,Amamiya Kokoro,VTuber,common,1.03,0.10
13960,NS-14,020,SR,Nun Bora,VTuber,common,1.00,0.10
13961,NS-14,021,SR,Panty,Panty & Stocking with Garterbelt,common,1.05,0.11
13962,NS-14,022,SR,Kirifuji Nagisa,Blue Archive,common,1.03,0.10
13963,NS-14,023,SR,Asuna Ichinose,Blue Archive,common,1.00,0.10
13964,NS-14,024,SR,Mika Misono,Blue Archive,common,1.03,0.10
13965,NS-14,025,SR,Shirakawa Yuina,Heaven Burns Red,common,1.03,0.10
13966,NS-14,026,SR,Hiori Kazano,The Idolm@ster,common,1.04,0.10
13967,NS-14,027,SR,Hayate Hisakawa,The Idolm@ster,common,1.01,0.10
13968,NS-14,028,SR,Mukai Takumi,The Idolm@ster,common,1.03,0.10
13969,NS-14,029,SR,Koishi Komeiji,Touhou Project,common,1.00,0.10
13970,NS-14,030,SR,Kagamine Rin,Vocaloid,common,1.01,0.10
13971,NS-14,031,SR,Yangyang,Wuthering Waves,common,1.05,0.11
13972,NS-14,032,SR,Surtr,Arknights,common,1.01,0.10
13973,NS-14,033,SR,Akiyama Mizuki,Project SEKAI,common,1.02,0.10
13974,NS-14,034,SR,Himari Uehara,BanG Dream!,common,1.01,0.10
13975,NS-14,035,SR,Minakami Yuki,Subarashiki Hibi,common,1.01,0.10
13976,NS-14,036,SR,Hinoshita Kaho ,Love Live!,common,1.04,0.10
13977,NS-14,001,SSR,Artoria Avalon,Fate Series,common,1.00,2.50
13978,NS-14,002,SSR,Europa ,Fate Series,common,1.02,2.55
13979,NS-14,003,SSR,Marie Antoinette,Fate Series,common,1.02,2.55
13980,NS-14,004,SSR,Haruno Haruka,Pretty Cure,common,1.05,2.63
13981,NS-14,005,SSR,Hatsune Miku,Vocaloid,common,1.04,2.60
13982,NS-14,006,SSR,Lize Helesta,VTuber,common,1.04,2.60
13983,NS-14,007,SSR,Minato Aqua,Hololive,common,1.03,2.58
13984,NS-14,008,SSR,Noel Shirogane,Hololive,common,1.04,2.60
13985,NS-14,009,SSR,Sakura Miko,Hololive,common,1.03,2.58
13986,NS-14,010,SSR,Yui Hirasawa,K-On!,common,1.01,2.53
13987,NS-14,011,SSR,KAF,VTuber,common,1.05,2.63
13988,NS-14,012,SSR,Ruka Kayamori,Heaven Burns Red,common,1.03,2.58
13989,NS-14,013,SSR,Morrigna,Granblue Fantasy,common,1.04,2.60
13990,NS-14,014,SSR,Shigure Ui,VTuber,common,1.05,2.63
13991,NS-14,015,SSR,Kiriko Yukoku,The Idolm@ster,common,1.00,2.50
13992,NS-14,016,SSR,Mano Sakuragi,The Idolm@ster,common,1.04,2.60
13993,NS-14,017,SSR,Hayami Kanade ,The Idolm@ster,common,1.00,2.50
13994,NS-14,018,SSR,Tsuzuri Yugiri,Love Live!,common,1.05,2.63
14780,NNS-02,01,SGRk,Boa Hancock,One Piece,epic,3.60,270.00
14781,NNS-02,02,SGRk,Hinata Hyuga,Naruto Series,epic,3.82,286.50
14782,NNS-02,03,SGRk,Rei Ayanami,Evangelion,common,1.01,75.75
14783,NNS-02,01,SGR,Boa Hancock,One Piece,epic,3.69,276.75
14784,NNS-02,02,SGR,Hinata Hyuga,Naruto Series,epic,3.05,228.75
14785,NNS-02,03,SGR,Rei Ayanami,Evangelion,common,1.00,75.00
14786,NNS-02,01,GR,Zero Two,Darling in the Franxx,epic,3.59,28.72
14787,NNS-02,02,GR,Yor Forger,Spy X Family,epic,3.83,30.64
14788,NNS-02,03,GR,Makima,Chainsaw Man,epic,3.48,27.84
14789,NNS-02,01,XR,Asuka Shikinami Langley,Evangelion,common,1.01,20.20
14790,NNS-02,02,XR,Asuka Shikinami Langley,Evangelion,common,1.04,20.80
14791,NNS-02,03,XR,Asuka Shikinami Langley,Evangelion,common,1.03,20.60
14792,NNS-02,04,XR,Rem,Re:Zero,epic,4.50,90.00
14793,NNS-02,05,XR,Rem,Re:Zero,epic,3.03,60.60
14794,NNS-02,06,XR,Rem,Re:Zero,epic,4.38,87.60
14795,NNS-02,07,XR,Boa Hancock,One Piece,epic,4.95,99.00
14796,NNS-02,08,XR,Boa Hancock,One Piece,epic,3.92,78.40
14797,NNS-02,09,XR,Boa Hancock,One Piece,epic,3.85,77.00
14798,NNS-02,01,JPY,Kaguya Shinomiya,Kaguya-sama: Love is War,epic,3.87,290.25
14799,NNS-02,02,JPY,Zero Two,Darling in the Franxx,epic,4.09,306.75
14800,NNS-02,03,JPY,Asuna Yuuki,Sword Art Online,legendary,19.34,1450.50
14801,NNS-02,04,JPY,Misaka Mikoto,A Certain Magical Index (Toaru Kagaku no Railgun),common,1.04,78.00
14802,NNS-02,05,JPY,Mai Sakurajima,Rascal Does Not Dream Of Bunny Girl Senpai,common,1.03,77.25
14803,NNS-02,06,JPY,Yukino Yukinoshita,My Youth Romantic Comedy Is Wrong As I Expected,common,1.00,75.00
14804,NNS-02,07,JPY,Megumi Kato,Saekano: How to Raise a Boring Girlfriend,common,1.05,78.75
14805,NNS-02,08,JPY,Utaha Kasumigaoka,Saekano: How to Raise a Boring Girlfriend,common,1.00,75.00
14806,NNS-02,09,JPY,Eriri Spencer Sawamura,Saekano: How to Raise a Boring Girlfriend,common,1.03,77.25
14812,NS-05-M10,001,SZR,Eli Ayase,Love Live!,common,1.02,25.50
14813,NS-05-M10,002,SZR,Nozomi Tojo,Love Live!,common,1.05,26.25
14814,NS-05-M10,003,SZR,Maki Nishikino,Love Live!,common,1.05,26.25
14815,NS-05-M10,004,SZR,Kotori Minami,Love Live!,common,1.02,25.50
14816,NS-05-M10,005,SZR,Honoka Kousaka,Love Live!,common,1.01,25.25
14817,NS-05-M10,006,SZR,Umi Sonoda,Love Live!,common,1.02,25.50
14818,NS-05-M10,007,SZR,Rin Hoshizora,Love Live!,common,1.05,26.25
14819,NS-05-M10,008,SZR,Hanayo Koizumi,Love Live!,common,1.04,26.00
14820,NS-05-M10,009,SZR,Nico Yazawa,Love Live!,common,1.03,25.75
14821,NS-05-M10,001,TGR,Mikasa Ackerman,Attack on Titan,epic,3.58,268.50
14822,NS-05-M10,002,TGR,Makima,Chainsaw Man,epic,4.07,305.25
14823,NS-05-M10,003,TGR,Angelina,Arknights,common,1.02,76.50
14824,NS-05-M10,004,TGR,Akemi Homura,Puella Magi Madoka Magica,common,1.00,75.00
14825,NS-05-M10,005,TGR,Specter the Unchained,Arknights,common,1.04,78.00
14826,NS-05-M10,006,TGR,Reze,Chainsaw Man,epic,4.93,369.75
14827,NS-05-M10,007,TGR,Danjin,Wuthering Waves,common,1.02,76.50
14828,NS-05-M10,008,TGR,Kurisu Makise,Steins; Gate,epic,4.59,344.25
14829,NS-05-M10,009,TGR,Yinlin,Wuthering Waves,common,1.04,78.00
14830,NS-05-M10,001,XR,Kiyohime,Fate Series,common,1.03,20.60
14831,NS-05-M10,002,XR,Artoria Pendragon (Saber),Fate Series,common,1.01,20.20
14832,NS-05-M10,003,XR,Shiroko Sunaookami,Blue Archive,common,1.04,20.80
14833,NS-05-M10,004,XR,Kuromi Serika,Blue Archive,common,1.01,20.20
14834,NS-05-M10,005,XR,Mr. C.B.,Uma Musume Pretty Derby,common,1.04,20.80
14835,NS-05-M10,006,XR,Silence Suzuka,Uma Musume Pretty Derby,common,1.05,21.00
14836,NS-05-M10,007,XR,Ushio Noa,Blue Archive,common,1.03,20.60
14837,NS-05-M10,008,XR,Shirasu Azusa,Blue Archive,common,1.02,20.40
14838,NS-05-M10,009,XR,Kiruya Momochi (Kyaru),Princess Connect Re:Dive,common,1.02,20.40
14839,NS-05-M10,001,ZR,Nina Iseri,Girls Band Cry,common,1.03,20.60
14840,NS-05-M10,002,ZR,Morgan le Fay,Fate Series,common,1.05,21.00
14841,NS-05-M10,003,ZR,Iroha Isshiki,My Youth Romantic Comedy Is Wrong As I Expected,common,1.02,20.40
14842,NS-05-M10,004,ZR,Hitori Gotou,Bocchi the Rock!,common,1.04,20.80
14843,NS-05-M10,005,ZR,Chisato Nishikigi,Lycoris Recoil,common,1.00,20.00
14844,NS-05-M10,006,ZR,Yozora Mikazuki,Haganai: I don't have many friends,common,1.05,21.00
14845,NS-05-M10,007,ZR,Misaka Mikoto,A Certain Magical Index (Toaru Kagaku no Railgun),common,1.03,20.60
14846,NS-05-M10,008,ZR,Claire François,I'm in Love with the Villainess,common,1.04,20.80
14847,NS-05-M10,009,ZR,Hoshino Ichika ,Project SEKAI,common,1.02,20.40
14848,NS-05-M10,001,MR,Kotori Minami,Love Live!,common,1.03,15.45
14849,NS-05-M10,002,MR,Ai Hoshino,Oshi No Ko (My idol's Child),common,1.04,15.60
14850,NS-05-M10,003,MR,Nino Nakano,The Quintessential Quintuplets,common,1.00,15.00
14851,NS-05-M10,004,MR,Azusa Nakano,K-On!,common,1.02,15.30
14852,NS-05-M10,005,MR,Fern,Sousou no Frieren,legendary,18.21,273.15
14853,NS-05-M10,006,MR,Nijika Ijichi,Bocchi the Rock!,common,1.01,15.15
14854,NS-05-M10,007,MR,Kano Yamanouchi,Jellyfish Can't Swim in the Night,common,1.04,15.60
14855,NS-05-M10,008,MR,Eli Ayase,Love Live!,common,1.01,15.15
14856,NS-05-M10,009,MR,Ai Miyashita,Love Live!,common,1.03,15.45
14857,NS-05-M10,010,MR,Setsuna Yuuki,Love Live!,common,1.05,15.75
14858,NS-05-M10,011,MR,Lanzhu Zhong,Love Live!,common,1.05,15.75
14859,NS-05-M10,012,MR,Ayumu Uehara,Love Live!,common,1.05,15.75
14860,NS-05-M10,013,MR,Noble Seamair,Uma Musume Pretty Derby,common,1.00,15.00
14861,NS-05-M10,014,MR,Mejiro McQueen,Uma Musume Pretty Derby,common,1.02,15.30
14862,NS-05-M10,015,MR,Illyasviel von Einzbern,Fate Series,common,1.05,15.75
14863,NS-05-M10,016,MR,Hina Satou,The Day I Became a God,common,1.01,15.15
14864,NS-05-M10,017,MR,Tohru,Miss Kobayashi's Dragon Maid,epic,3.90,58.50
14865,NS-05-M10,018,MR,Power,Chainsaw Man,epic,4.89,73.35
14866,NS-05-M10,001,SSD,Minako Satake,The Idolm@ster,common,1.01,35.35
14867,NS-05-M10,002,SSD,Ranko Kanzaki,The Idolm@ster,common,1.04,36.40
14868,NS-05-M10,003,SSD,Miria Akagi,The Idolm@ster,common,1.02,35.70
14869,NS-05-M10,004,SSD,Haru Yuuki,The Idolm@ster,common,1.01,35.35
14870,NS-05-M10,005,SSD,Arisu Tachibana,The Idolm@ster,common,1.05,36.75
14871,NS-05-M10,006,SSD,Arisa Matsuda,The Idolm@ster,common,1.03,36.05
14872,NS-05-M10,007,SSD,Momoka Sakurai,The Idolm@ster,common,1.02,35.70
14873,NS-05-M10,008,SSD,Chihaya Kisaragi,The Idolm@ster,common,1.02,35.70
14874,NS-05-M10,009,SSD,Shin Sato,The Idolm@ster,common,1.00,35.00
14875,NS-05-M10,001,SD,Minako Satake,The Idolm@ster,common,1.05,36.75
14876,NS-05-M10,002,SD,Ranko Kanzaki,The Idolm@ster,common,1.01,35.35
14877,NS-05-M10,003,SD,Miria Akagi,The Idolm@ster,common,1.00,35.00
14878,NS-05-M10,004,SD,Haru Yuuki,The Idolm@ster,common,1.02,35.70
14879,NS-05-M10,005,SD,Arisu Tachibana,The Idolm@ster,common,1.05,36.75
14880,NS-05-M10,006,SD,Arisa Matsuda,The Idolm@ster,common,1.00,35.00
14881,NS-05-M10,007,SD,Momoka Sakurai,The Idolm@ster,common,1.02,35.70
14882,NS-05-M10,008,SD,Chihaya Kisaragi,The Idolm@ster,common,1.01,35.35
14883,NS-05-M10,009,SD,Shin Sato,The Idolm@ster,common,1.04,36.40
14884,NS-05-M10,001,BHR,Rin Hoshizora,Love Live!,common,1.04,2.60
14885,NS-05-M10,002,BHR,Mami Tomoe,Puella Magi Madoka Magica,common,1.03,2.58
14886,NS-05-M10,003,BHR,Miyako Shikimori,Shikimori's Not Just a Cutie,common,1.03,2.58
14887,NS-05-M10,004,BHR,Marin Kitagawa,My Dress-Up Darling,epic,3.34,8.35
14888,NS-05-M10,005,BHR,Rin Tohsaka,Fate Series,common,1.01,2.53
14889,NS-05-M10,006,BHR,Sumire Heanna,Love Live!,common,1.00,2.50
14890,NS-05-M10,007,BHR,Chiyo Sakura,Monthly Girl's Nozaki-kun,common,1.03,2.58
14891,NS-05-M10,008,BHR,Nami,One Piece,mythic,93.15,232.88
14892,NS-05-M10,009,BHR,Jolyne Kujo,JoJo's Bizarre Adventure,mythic,90.04,225.10
14893,NS-05-M10,010,BHR,Ritsu Tainaka,K-On!,common,1.05,2.63
14894,NS-05-M10,011,BHR,Emilia,Re:Zero,epic,4.50,11.25
14895,NS-05-M10,012,BHR,Mitsuri Kanroji,Demon Slayer (Kimetsu no Yaiba),epic,3.03,7.57
14896,NS-05-M10,013,BHR,Maki Nishikino,Love Live!,common,1.03,2.58
14897,NS-05-M10,014,BHR,Nao Tomori,Charlotte,common,1.05,2.63
14898,NS-05-M10,015,BHR,Kobeni Higashiyama,Chainsaw Man,epic,3.42,8.55
14899,NS-05-M10,016,BHR,Taiga Aisaka,Toradora,common,1.02,2.55
14900,NS-05-M10,017,BHR,Azusa Nakano,K-On!,common,1.05,2.63
14901,NS-05-M10,018,BHR,Annie Leonhart,Attack on Titan,epic,4.07,10.18
14902,NS-05-M10,001,SSR,Honoka Kousaka,Love Live!,common,1.02,2.55
14903,NS-05-M10,002,SSR,Kaori Miyazono,Your Lie in April,common,1.02,2.55
14904,NS-05-M10,003,SSR,Asuka Shikinami Langley,Evangelion,common,1.01,2.53
14905,NS-05-M10,004,SSR,Indigo,Arknights,common,1.01,2.53
14906,NS-05-M10,005,SSR,Amiya,Arknights,common,1.02,2.55
14907,NS-05-M10,006,SSR,Platinum,Arknights,common,1.01,2.53
14908,NS-05-M10,007,SSR,Sotheby,Reverse: 1999,common,1.04,2.60
14909,NS-05-M10,008,SSR,Hatsune Miku,Vocaloid,common,1.02,2.55
14910,NS-05-M10,009,SSR,Druvis III,Reverse: 1999,common,1.01,2.53
14911,NS-05-M10,010,SSR,Echidna,Re:Zero,epic,4.37,10.93
14912,NS-05-M10,011,SSR,Emma Verde,Love Live!,common,1.02,2.55
14913,NS-05-M10,012,SSR,Erna,Spy Classroom,common,1.01,2.53
14914,NS-05-M10,013,SSR,Lily,Spy Classroom,common,1.01,2.53
14915,NS-05-M10,014,SSR,Murano Sayaka,Love Live!,common,1.00,2.50
14916,NS-05-M10,015,SSR,Mai Fuyuki,Hokkaido Gals Are Super Adorable!,common,1.02,2.55
14917,NS-05-M10,016,SSR,Helena Blavatsky,Fate Series,common,1.02,2.55
14918,NS-05-M10,017,SSR,Claire François,I'm in Love with the Villainess,common,1.01,2.53
14919,NS-05-M10,018,SSR,Ray,Arknights,common,1.02,2.55
14920,NS-05-M10,019,SSR,Marianne von Edmund,Fire Emblem,common,1.05,2.63
14921,NS-05-M10,020,SSR,Sumire Heanna,Love Live!,common,1.02,2.55
14922,NS-05-M10,021,SSR,Sei Shounagon,Fate Series,common,1.00,2.50
14923,NS-05-M10,022,SSR,Kanon Shibuya,Love Live!,common,1.05,2.63
14924,NS-05-M10,023,SSR,Sonia,Pokemon,common,1.01,2.53
14925,NS-05-M10,024,SSR,Tita Russell,The Legend of Heroes: Kuro no Kiseki,common,1.02,2.55
14926,NS-05-M10,025,SSR,Mitsuru Kirijo,Persona,epic,3.15,7.88
14927,NS-05-M10,026,SSR,Ruby Hoshino,Oshi No Ko (My idol's Child),common,1.05,2.63
14928,NS-05-M10,027,SSR,Lanzhu Zhong,Love Live!,common,1.02,2.55
14929,NS-05-M10,001,SCR,Yukina Himeragi,Strike the Blood,common,1.00,1.25
14930,NS-05-M10,002,SCR,Chise Hatori,The Ancient Magus' Bride,common,1.02,1.27
14931,NS-05-M10,003,SCR,Tsukioka Kogane,The Idolm@ster,common,1.05,1.31
14932,NS-05-M10,004,SCR,Tica,Sdorica,common,1.01,1.26
14933,NS-05-M10,005,SCR,Iris,Fire Force,epic,3.90,4.88
14934,NS-05-M10,006,SCR,Izumo Miyako,Princess Connect Re:Dive,common,1.02,1.27
14935,NS-05-M10,007,SCR,Nagao Kagetora,Fate Series,common,1.02,1.27
14936,NS-05-M10,008,SCR,Shiki Ryougi,Kara no Kyoukai,common,1.03,1.29
14937,NS-05-M10,009,SCR,Kikoru Shinomiya,Kaiju No. 8,common,1.01,1.26
14938,NS-05-M10,010,SCR,Blue Poison,Arknights,common,1.05,1.31
14939,NS-05-M10,011,SCR,Chika Fujiwara,Kaguya-sama: Love is War,epic,3.64,4.55
14940,NS-05-M10,012,SCR,Hitori Gotou,Bocchi the Rock!,common,1.01,1.26
14941,NS-05-M10,013,SCR,Grete,Spy Classroom,common,1.01,1.26
14942,NS-05-M10,014,SCR,Nagao Kagetora,Fate Series,common,1.03,1.29
14943,NS-05-M10,015,SCR,Satou Matsuzaka,Happy Sugar Life,common,1.00,1.25
14944,NS-05-M10,016,SCR,Baizhi,Wuthering Waves,common,1.02,1.27
14945,NS-05-M10,017,SCR,Sakuya Izayoi,Touhou Project,common,1.05,1.31
14946,NS-05-M10,018,SCR,Pepe,Arknights,common,1.04,1.30
14947,NS-05-M10,001,SR,Kyouka Izumi,Bungo Stray Dogs,common,1.01,0.10
14948,NS-05-M10,002,SR,Koromo Amae,Saki,common,1.02,0.10
14949,NS-05-M10,003,SR,Charlotte Dunois,Infinite Stratos,common,1.04,0.10
14950,NS-05-M10,004,SR,Dobrynya Nikitich,Fate Series,common,1.05,0.11
14951,NS-05-M10,005,SR,Mina Ashiro,Kaiju No. 8,common,1.01,0.10
14952,NS-05-M10,006,SR,Sakura Haruno,Naruto Series,epic,4.48,0.45
14953,NS-05-M10,007,SR,Amiya,Arknights,common,1.04,0.10
14954,NS-05-M10,008,SR,Mythra,Xenoblade,common,1.02,0.10
14955,NS-05-M10,009,SR,Kanade Hisaishi,Sound! Euphonium,common,1.02,0.10
14956,NS-05-M10,010,SR,Murasaki Shikibu,Fate Series,common,1.00,0.10
14957,NS-05-M10,011,SR,Izayoi Nonomi,Blue Archive,common,1.05,0.11
14958,NS-05-M10,012,SR,Muelsyse,Arknights,common,1.05,0.11
14959,NS-05-M10,013,SR,The Shorekeeper,Wuthering Waves,common,1.00,0.10
14960,NS-05-M10,014,SR,Sayaka Maizono,Danganronpa,common,1.05,0.11
14961,NS-05-M10,015,SR,Haruhi Suzumiya,The Melancholy of Haruhi Suzumiya,common,1.04,0.10
14962,NS-05-M10,016,SR,Ai Haibara,Detective Conan,common,1.00,0.10
14963,NS-05-M10,017,SR,Clarisse,Granblue Fantasy,common,1.01,0.10
14964,NS-05-M10,018,SR,Sirius Symboli,Uma Musume Pretty Derby,common,1.05,0.11
14965,NS-05-M10,001,CR,Sanae Dekomori,"Love, Chunibyo & Other Delusions!",common,1.00,0.25
14966,NS-05-M10,002,CR,Satone Shichimiya,"Love, Chunibyo & Other Delusions!",common,1.05,0.26
14967,NS-05-M10,003,CR,Chino Kafuu,Is the Order a Rabbit?,common,1.05,0.26
14968,NS-05-M10,004,CR,Type 95,Girls' Frontline,common,1.05,0.26
14969,NS-05-M10,005,CR,Otori Emu,Project SEKAI,common,1.05,0.26
14970,NS-05-M10,006,CR,Darkness,God's Blessing on this Wonderful World! (KonoSuba),epic,3.11,0.78
14971,NS-05-M10,007,CR,Ryou Yamada,Bocchi the Rock!,common,1.03,0.26
14972,NS-05-M10,008,CR,Taoqi,Wuthering Waves,common,1.01,0.25
14973,NS-05-M10,009,CR,Yurine Hanazono,Dropkick on My Devil!,common,1.03,0.26
14974,NS-05-M10,010,CR,Rikka Takarada,SSSS.GRIDMAN,common,1.03,0.26
14975,NS-05-M10,011,CR,Rover,Wuthering Waves,common,1.01,0.25
14976,NS-05-M10,012,CR,Tomo Ebizuka,Girls Band Cry,common,1.05,0.26
14977,NS-05-M10,013,CR,Subaru Awa,Girls Band Cry,common,1.02,0.26
14978,NS-05-M10,014,CR,Kawaragi Momoka,Girls Band Cry,common,1.01,0.25
14979,NS-05-M10,015,CR,Smiling Professor,Blue Archive,common,1.01,0.25
14980,NS-05-M10,016,CR,Changli,Wuthering Waves,common,1.02,0.26
14981,NS-05-M10,017,CR,Rei Ayanami,Evangelion,common,1.04,0.26
14982,NS-05-M10,018,CR,Zhezhi,Wuthering Waves,common,1.03,0.26
14983,NS-05-M10,001,R,Ayano Tateyama,Mekakucity Actors,common,1.01,0.01
14984,NS-05-M10,002,R,Ai Hinatsuru,The Ryuo's Work is Never Done,common,1.03,0.01
14985,NS-05-M10,003,R,Hestia,Sdorica,common,1.04,0.01
14986,NS-05-M10,004,R,Leah,Sdorica,common,1.05,0.01
14987,NS-05-M10,005,R,Amor (Caren),Fate Series,common,1.03,0.01
14988,NS-05-M10,006,R,Ling,Arknights,common,1.05,0.01
14989,NS-05-M10,007,R,Nice Nature,Uma Musume Pretty Derby,common,1.05,0.01
14990,NS-05-M10,008,R,Kurodate Haruna,Blue Archive,common,1.00,0.01
14991,NS-05-M10,009,R,Ayumu Uehara,Love Live!,common,1.03,0.01
14992,NS-05-M10,010,R,Soyo Nagasaki,BanG Dream!,common,1.00,0.01
14993,NS-05-M10,011,R,Shiroko Sunaookami,Blue Archive,common,1.03,0.01
14994,NS-05-M10,012,R,Toki Asuma,Blue Archive,common,1.02,0.01
14995,NS-05-M10,013,R,37,Reverse: 1999,common,1.01,0.01
14996,NS-05-M10,014,R,Anna Yanami,Makeine: Too Many Losing Heroines!,common,1.02,0.01
14997,NS-05-M10,015,R,Chika Takami,Love Live!,common,1.05,0.01
14998,NS-05-M10,016,R,You Watanabe,Love Live!,common,1.01,0.01
14999,NS-05-M10,017,R,Chisato Arashi,Love Live!,common,1.00,0.01
15000,NS-05-M10,018,R,Kasumi Nakasu,Love Live!,common,1.04,0.01
15001,NS-05-M10,001,PR,Atsuko Kagari,Little Witch Academia,common,1.02,12.24
15002,NS-05-M10,002,PR,Atsuko Kagari,Little Witch Academia,common,1.03,12.36
15003,NS-05-M10,003,PR,Yuki Takeya,School-Live!,common,1.01,12.12
15004,NS-05-M10,004,PR,Yuki Takeya,School-Live!,common,1.02,12.24
15005,NS-05-M10,005,PR,Mutsumi Yozakura,Mission: Yozakura Family,common,1.02,12.24
15006,NS-05-M10,006,PR,Mutsumi Yozakura,Mission: Yozakura Family,common,1.03,12.36
15007,NS-05-M10,007,PR,Alisa Mikhailovna Kujou,"Alya, Who Sits Next to Me, Sometimes Whispers Sweet Nothings in Russian",common,1.00,12.00
15008,NS-05-M10,008,PR,Alisa Mikhailovna Kujou,"Alya, Who Sits Next to Me, Sometimes Whispers Sweet Nothings in Russian",common,1.01,12.12
15009,NS-05-M10,009,PR,Chizuru Ichinose,Rent-a-Girlfriend,common,1.03,12.36
15010,NS-05-M10,010,PR,An Hanakoizumi,Anne Happy,common,1.00,12.00
15011,NS-05-M10,011,PR,Elaina,The Journey of Elaina,common,1.01,12.12
15012,NS-05-M10,012,PR,Tohru,Miss Kobayashi's Dragon Maid,epic,3.49,41.88
15013,NS-05-M10,001,HR,Nero Claudius,Fate Series,common,1.00,15.00
15014,NS-05-M10,002,HR,Saren Sasaki,Princess Connect Re:Dive,common,1.01,15.15
15015,NS-05-M10,003,HR,Ch'en,Arknights,common,1.01,15.15
15016,NS-05-M10,004,HR,Kaho Komiya,The Idolm@ster,common,1.00,15.00
15017,NS-05-M10,005,HR,Gold Ship,Uma Musume Pretty Derby,common,1.05,15.75
15018,NS-05-M10,006,HR,Goldenglow,Arknights,common,1.02,15.30
15019,NS-05-M10,007,HR,La Pluma,Arknights,common,1.00,15.00
15020,NS-05-M10,008,HR,Izuna,Blue Archive,common,1.05,15.75
15021,NS-05-M10,009,HR,Kayoko Onikata,Blue Archive,common,1.03,15.45
15022,NS-05-M10,001,ACR,Alisa Mikhailovna Kujou,"Alya, Who Sits Next to Me, Sometimes Whispers Sweet Nothings in Russian",common,1.04,15.60
15023,NS-05-M10,002,ACR,Rem,Re:Zero,epic,4.48,67.20
15025,NS-05-M10,004,ACR,Megumin,God's Blessing on this Wonderful World! (KonoSuba),epic,3.25,48.75
15026,NS-05-M10,005,ACR,Eris,God's Blessing on this Wonderful World! (KonoSuba),epic,3.33,49.95
15027,NS-05-M10,006,ACR,Raphtalia,The Rising of the Shield Hero,epic,4.46,66.90
15502,NS-02-M14,001,MSR,Mika Jougasaki,The Idolm@ster,common,1.02,6.12
15503,NS-02-M14,002,MSR,Ishtar,Fate Series,common,1.02,6.12
15504,NS-02-M14,003,MSR,Rimi Ushigome,BanG Dream!,common,1.02,6.12
15505,NS-02-M14,004,MSR,Hitori Gotou,Bocchi the Rock!,common,1.01,6.06
15506,NS-02-M14,005,MSR,Chisato Nishikigi,Lycoris Recoil,common,1.02,6.12
15507,NS-02-M14,006,MSR,Karla Amatsu,The Vexations of a Shut-In Vampire Princess,common,1.03,6.18
15508,NS-02-M14,001,UR,Anastasia Nikolaevna Romanova,Fate Series,common,1.05,6.30
15509,NS-02-M14,002,UR,Kama,Fate Series,common,1.02,6.12
15510,NS-02-M14,003,UR,Artoria Avalon,Fate Series,common,1.00,6.00
15511,NS-02-M14,004,UR,Jeanne d'Arc (Alter),Fate Series,common,1.00,6.00
15512,NS-02-M14,005,UR,Gold Ship,Uma Musume Pretty Derby,common,1.01,6.06
15513,NS-02-M14,006,UR,Satono Diamond,Uma Musume Pretty Derby,common,1.02,6.12
15514,NS-02-M14,001,PTR,Tomoyo Daidouji,Cardcaptor Sakura,common,1.04,6.24
15515,NS-02-M14,002,PTR,Nami,One Piece,mythic,59.28,355.68
15516,NS-02-M14,003,PTR,Rinze Morino,The Idolm@ster,common,1.04,6.24
15517,NS-02-M14,004,PTR,Toru Asakura,The Idolm@ster,common,1.01,6.06
15518,NS-02-M14,005,PTR,Nagi Hisakawa,The Idolm@ster,common,1.05,6.30
15519,NS-02-M14,006,PTR,Kotori Minami,Love Live!,common,1.03,6.18
15520,NS-02-M14,007,PTR,Princess Zelda,Legend of Zelda,common,1.03,6.18
15521,NS-02-M14,008,PTR,Rikka Takanashi,"Love, Chunibyo & Other Delusions!",common,1.04,6.24
15522,NS-02-M14,009,PTR,Nino Nakano,The Quintessential Quintuplets,common,1.02,6.12
15523,NS-02-M14,001,SER,Rice Shower,Uma Musume Pretty Derby,common,1.02,5.10
15524,NS-02-M14,002,SER,Rem,Re:Zero,epic,3.41,17.05
15525,NS-02-M14,003,SER,Amelia Watson,Hololive,common,1.04,5.20
15526,NS-02-M14,004,SER,Mori Calliope,Hololive,common,1.01,5.05
15527,NS-02-M14,005,SER,Katsushika Hokusai,Fate Series,common,1.03,5.15
15528,NS-02-M14,006,SER,Baobhan Sith,Fate Series,common,1.03,5.15
15529,NS-02-M14,001,SSR,Kirigaya Touko,BanG Dream!,common,1.00,2.50
15530,NS-02-M14,002,SSR,Tomoe Gozen,Fate Series,common,1.02,2.55
15531,NS-02-M14,003,SSR,Hakos Baelz,Hololive,common,1.03,2.58
15532,NS-02-M14,004,SSR,Hoshimachi Suisei,Hololive,common,1.02,2.55
15533,NS-02-M14,005,SSR,Yukihana Lamy,Hololive,common,1.04,2.60
15534,NS-02-M14,006,SSR,Ninomae Ina'nis,Hololive,common,1.00,2.50
15535,NS-02-M14,007,SSR,Shirakami Fubuki,Hololive,common,1.05,2.63
15536,NS-02-M14,008,SSR,Kagamine Rin,Vocaloid,common,1.00,2.50
15537,NS-02-M14,009,SSR,Cagliostro,Granblue Fantasy,common,1.00,2.50
15538,NS-02-M14,010,SSR,Sanae Kochiya,Touhou Project,common,1.00,2.50
15539,NS-02-M14,011,SSR,Cirno,Touhou Project,common,1.03,2.58
15540,NS-02-M14,012,SSR,Kiruya Momochi (Kyaru),Princess Connect Re:Dive,common,1.05,2.63
15541,NS-02-M14,013,SSR,Sora Harewataru,Pretty Cure,common,1.05,2.63
15542,NS-02-M14,014,SSR,Marcille Donato,Delicious in Dungeon,common,1.05,2.63
15543,NS-02-M14,015,SSR,Jinhsi,Wuthering Waves,common,1.01,2.53
15544,NS-02-M14,016,SSR,Baizhi,Wuthering Waves,common,1.03,2.58
15545,NS-02-M14,017,SSR,Madoka Kaname,Puella Magi Madoka Magica,common,1.03,2.58
15546,NS-02-M14,018,SSR,Akemi Homura,Puella Magi Madoka Magica,common,1.00,2.50
15547,NS-02-M14,019,SSR,Kyouko Sakura,Puella Magi Madoka Magica,common,1.03,2.58
15548,NS-02-M14,020,SSR,Mami Tomoe,Puella Magi Madoka Magica,common,1.05,2.63
15549,NS-02-M14,021,SSR,Sayaka Miki,Puella Magi Madoka Magica,common,1.05,2.63
15550,NS-02-M14,022,SSR,Lilithea,"Killed Again, Mr. Detective?",common,1.02,2.55
15551,NS-02-M14,023,SSR,Kitasan Black,Uma Musume Pretty Derby,common,1.04,2.60
15552,NS-02-M14,024,SSR,Satono Diamond,Uma Musume Pretty Derby,common,1.01,2.53
15553,NS-02-M14,025,SSR,Curren Chan,Uma Musume Pretty Derby,common,1.05,2.63
15554,NS-02-M14,026,SSR,Nene Kusanagi,Project SEKAI,common,1.03,2.58
15555,NS-02-M14,027,SSR,Mika Misono,Blue Archive,common,1.02,2.55
15556,NS-02-M14,001,SCR,Houshou Marine,Hololive,common,1.04,1.30
15557,NS-02-M14,002,SCR,Tsunomaki Watame,Hololive,common,1.05,1.31
15558,NS-02-M14,003,SCR,Kaga Sumire,VTuber,common,1.04,1.30
15559,NS-02-M14,004,SCR,Stocking,Panty & Stocking with Garterbelt,common,1.05,1.31
15560,NS-02-M14,005,SCR,Winry Rockbell,Fullmetal Alchemist,common,1.03,1.29
15561,NS-02-M14,006,SCR,Kurata Mashiro,BanG Dream!,common,1.00,1.25
15562,NS-02-M14,007,SCR,Hata no Kokoro,Touhou Project,common,1.05,1.31
15563,NS-02-M14,008,SCR,Suzuran,Arknights,common,1.05,1.31
15564,NS-02-M14,009,SCR,Yukihana Lamy,Hololive,common,1.01,1.26
15565,NS-02-M14,010,SCR,Maika Chono,Aikatsu!,common,1.05,1.31
15566,NS-02-M14,011,SCR,Futaba Anzu,The Idolm@ster,common,1.00,1.25
15567,NS-02-M14,012,SCR,Amane Kanata,Hololive,common,1.03,1.29
15568,NS-02-M14,013,SCR,Shimoe Koharu,Blue Archive,common,1.05,1.31
15569,NS-02-M14,014,SCR,Shinonome Ena,Project SEKAI,common,1.02,1.27
15570,NS-02-M14,015,SCR,Kukuru Misakino,The Aquatope on White Sand,common,1.05,1.31
15571,NS-02-M14,016,SCR,Ume Hanami,The Idolm@ster,common,1.00,1.25
15572,NS-02-M14,017,SCR,Mythra,Xenoblade,common,1.03,1.29
15573,NS-02-M14,018,SCR,Makabe Mizuki,The Idolm@ster,common,1.03,1.29
15574,NS-02-M14,001,SR,Florence Nightingale,Fate Series,common,1.00,0.10
15575,NS-02-M14,002,SR,Tokino Sora,Hololive,common,1.02,0.10
15576,NS-02-M14,003,SR,Luna Himemori,Hololive,common,1.01,0.10
15577,NS-02-M14,004,SR,Lain Paterson,VTuber,common,1.02,0.10
15578,NS-02-M14,005,SR,Rikka Takarada,SSSS.GRIDMAN,common,1.05,0.11
15579,NS-02-M14,006,SR,Kaga Sumire,VTuber,common,1.01,0.10
15580,NS-02-M14,007,SR,Kunimi Tama,Heaven Burns Red,common,1.00,0.10
15581,NS-02-M14,008,SR,Sakura Kinomoto,Cardcaptor Sakura,common,1.01,0.10
15582,NS-02-M14,009,SR,Akira Sunazuka,The Idolm@ster,common,1.05,0.11
15583,NS-02-M14,010,SR,Riamu Yumemi,The Idolm@ster,common,1.04,0.10
15584,NS-02-M14,011,SR,Serizawa Asahi,The Idolm@ster,common,1.03,0.10
15585,NS-02-M14,012,SR,Kiriko Yukoku,The Idolm@ster,common,1.05,0.11
15586,NS-02-M14,013,SR,Agnes Tachyon,Uma Musume Pretty Derby,common,1.02,0.10
15587,NS-02-M14,014,SR,Natsume Iroha,Blue Archive,common,1.05,0.11
15588,NS-02-M14,015,SR,Shiroko Sunaookami,Blue Archive,common,1.04,0.10
15589,NS-02-M14,016,SR,Ui,Blue Archive,common,1.05,0.11
15590,NS-02-M14,017,SR,Tohka Yatogami,Date A Live,common,1.04,0.10
15591,NS-02-M14,018,SR,Yuna,Final Fantasy,common,1.02,0.10
15592,NS-02-M14,001,CR,Cleopatra,Fate Series,common,1.01,0.25
15593,NS-02-M14,002,CR,Euryale,Fate Series,common,1.04,0.26
15594,NS-02-M14,003,CR,Gawr Gura,Hololive,common,1.04,0.26
15595,NS-02-M14,004,CR,Kazama Iroha,Hololive,common,1.01,0.25
15596,NS-02-M14,005,CR,Nico Yazawa,Love Live!,common,1.00,0.25
15597,NS-02-M14,006,CR,Hanamaru Kunikida,Love Live!,common,1.03,0.26
15598,NS-02-M14,007,CR,Lize Helesta,VTuber,common,1.05,0.26
15599,NS-02-M14,008,CR,Amamiya Kokoro,VTuber,common,1.04,0.26
15600,NS-02-M14,009,CR,Suzuhara Lulu,VTuber,common,1.05,0.26
15601,NS-02-M14,010,CR,Murano Sayaka,Love Live!,common,1.00,0.25
15602,NS-02-M14,011,CR,Otomune Kozue,Love Live!,common,1.01,0.25
15603,NS-02-M14,012,CR,Elaina,The Journey of Elaina,common,1.04,0.26
15604,NS-02-M14,013,CR,Amana Osaki,The Idolm@ster,common,1.05,0.26
15605,NS-02-M14,014,CR,Yurika Toudou,Aikatsu!,common,1.02,0.26
15606,NS-02-M14,015,CR,Hokko Tarumae,Uma Musume Pretty Derby,common,1.01,0.25
15607,NS-02-M14,016,CR,Vivlos,Uma Musume Pretty Derby,common,1.00,0.25
15608,NS-02-M14,017,CR,Otori Emu,Project SEKAI,common,1.01,0.25
15609,NS-02-M14,018,CR,Saki Tenma,Project SEKAI,common,1.01,0.25
15610,NS-02-M14,001,R,Kizuna AI,VTuber,common,1.02,0.01
15611,NS-02-M14,002,R,Kanon Matsubara,BanG Dream!,common,1.01,0.01
15612,NS-02-M14,003,R,Kasumi Toyama,BanG Dream!,common,1.00,0.01
15613,NS-02-M14,004,R,Fuwa Kokone,Pretty Cure,common,1.04,0.01
15614,NS-02-M14,005,R,Hakui Koyori,Hololive,common,1.03,0.01
15615,NS-02-M14,006,R,Ryuuko Matoi,Kill la Kill,epic,4.13,0.04
15616,NS-02-M14,007,R,Himari Arisugawa,Pretty Cure,common,1.05,0.01
15617,NS-02-M14,008,R,Hyakumantenbara Salome,VTuber,common,1.04,0.01
15618,NS-02-M14,009,R,Mito Tsukino,VTuber,common,1.03,0.01
15619,NS-02-M14,010,R,Gloria,Pokemon,common,1.01,0.01
15620,NS-02-M14,011,R,Nijigaoka Mashiro,Pretty Cure,common,1.04,0.01
15621,NS-02-M14,012,R,Shampoo,Ranma 1/2,common,1.01,0.01
15622,NS-02-M14,013,R,Laala Manaka,PriPara,common,1.00,0.01
15623,NS-02-M14,014,R,Kasai Amane,Pretty Cure,common,1.01,0.01
15624,NS-02-M14,015,R,Hiori Kazano,The Idolm@ster,common,1.03,0.01
15625,NS-02-M14,016,R,Mitsumine Yuika,The Idolm@ster,common,1.03,0.01
15626,NS-02-M14,017,R,Kotoko Iwanaga,In/Spectre,common,1.05,0.01
15627,NS-02-M14,018,R,Agnes Claudel,The Legend of Heroes: Kuro no Kiseki,common,1.04,0.01
15628,NS-02-M14,001,PR,Nursery Rhyme,Fate Series,common,1.00,12.00
15629,NS-02-M14,002,PR,Megumin,God's Blessing on this Wonderful World! (KonoSuba),epic,4.34,52.08
15630,NS-02-M14,003,PR,Pneuma,Xenoblade,common,1.03,12.36
15631,NS-02-M14,004,PR,Vladilena Milize,86 (Eighty Six),common,1.01,12.12
15632,NS-02-M14,005,PR,Lexington,Clover Theater,common,1.03,12.36
15633,NS-02-M14,006,PR,Alice,Shadowverse,common,1.01,12.12
15634,NS-02-M14,007,PR,Elizabeth Bathory,Fate Series,common,1.05,12.60
15635,NS-02-M14,008,PR,Artoria Pendragon (Saber),Fate Series,common,1.01,12.12
15636,NS-02-M14,009,PR,Noel Shirogane,Hololive,common,1.04,12.48
15637,NS-02-M14,010,PR,Uruha Rushia,Hololive,common,1.02,12.24
15638,NS-02-M14,011,PR,Rei Ayanami,Evangelion,common,1.03,12.36
15639,NS-02-M14,012,PR,Surtr,Arknights,common,1.03,12.36
15640,NS-02-M14,013,PR,Asuka Shikinami Langley,Evangelion,common,1.02,12.24
15641,NS-02-M14,014,PR,Misa Amane,Death Note,epic,4.34,52.08
15642,NS-02-M14,015,PR,Marie Antoinette,Fate Series,common,1.02,12.24
15643,NS-02-M14,016,PR,Mori Calliope,Hololive,common,1.02,12.24
15644,NS-02-M14,017,PR,Flare Shiranui,Hololive,common,1.05,12.60
15645,NS-02-M14,018,PR,Melusine,Fate Series,common,1.02,12.24
15646,NS-02-M14,019,PR,Dusk,Arknights,common,1.00,12.00
15647,NS-02-M14,020,PR,Nian,Arknights,common,1.00,12.00
15648,NS-02-M14,021,PR,Yor Forger,Spy X Family,epic,3.13,37.56
15649,NS-02-M14,022,PR,Hatsune Miku,Vocaloid,common,1.05,12.60
17016,NS-16,001,GR,Varesa,Genshin Impact,common,1.03,8.24
17017,NS-16,002,GR,Castorice,Honkai: Star Rail,common,1.05,8.40
17018,NS-16,003,GR,Escoffier,Genshin Impact,common,1.02,8.16
17019,NS-16,004,GR,Skirk,Genshin Impact,common,1.05,8.40
17020,NS-16,005,GR,Cipher,Honkai: Star Rail,common,1.04,8.32
17021,NS-16,006,GR,Mavuika,Genshin Impact,common,1.04,8.32
17022,NS-16,001,SER,Tachibana Hinano,Hololive,common,1.04,5.20
17023,NS-16,002,SER,Yakumo Beni,VTuber,common,1.03,5.15
17024,NS-16,003,SER,Eris Boreas Greyrat,Mushoku Tensei: Jobless Reincarnation,rare,1.93,9.65
17025,NS-16,001,SSR,Tomoe Gozen,Fate Series,common,1.03,2.58
17026,NS-16,002,SSR,Anastasia Nikolaevna Romanova,Fate Series,common,1.05,2.63
17027,NS-16,003,SSR,Amor (Caren),Fate Series,common,1.01,2.53
17028,NS-16,004,SSR,Nero Claudius,Fate Series,common,1.04,2.60
17029,NS-16,005,SSR,Merlin,Fate Series,common,1.02,2.55
17030,NS-16,006,SSR,Ouro Kronii,Hololive,common,1.01,2.53
17031,NS-16,007,SSR,Yukihana Lamy,Hololive,common,1.03,2.58
17032,NS-16,008,SSR,Tsukumo Benben,Touhou Project,common,1.00,2.50
17033,NS-16,009,SSR,Yukari Yakumo,Touhou Project,common,1.02,2.55
17034,NS-16,010,SSR,Uta,One Piece,epic,3.60,9.00
17035,NS-16,011,SSR,Miko Iino,Kaguya-sama: Love is War,epic,3.16,7.90
17036,NS-16,012,SSR,Surtr,Arknights,common,1.03,2.58
17037,NS-16,013,SSR,Takane Shijou,The Idolm@ster,common,1.03,2.58
17038,NS-16,014,SSR,Rice Shower,Uma Musume Pretty Derby,common,1.01,2.53
17039,NS-16,015,SSR,Meisho Doto,Uma Musume Pretty Derby,common,1.05,2.63
17040,NS-16,016,SSR,Manhattan Cafe,Uma Musume Pretty Derby,common,1.00,2.50
17041,NS-16,017,SSR,Winning Ticket,Uma Musume Pretty Derby,common,1.04,2.60
17042,NS-16,018,SSR,Mayano Top Gun,Uma Musume Pretty Derby,common,1.00,2.50
17043,NS-16,001,SCR,Kutaka Niwatari,Touhou Project,common,1.03,1.29
17044,NS-16,002,SCR,Yume Minami,SSSS.DYNAZENON,common,1.00,1.25
17045,NS-16,003,SCR,Kiruya Momochi (Kyaru),Princess Connect Re:Dive,common,1.04,1.30
17046,NS-16,004,SCR,Serizawa Asahi,The Idolm@ster,common,1.00,1.25
17047,NS-16,005,SCR,Hanamaru Kunikida,Love Live!,common,1.02,1.27
17048,NS-16,006,SCR,Suzuhara Lulu,VTuber,common,1.00,1.25
17049,NS-16,007,SCR,Remi Ayasaki,Horimiya,common,1.02,1.27
17050,NS-16,008,SCR,Haruhi Suzumiya,The Melancholy of Haruhi Suzumiya,common,1.03,1.29
17051,NS-16,009,SCR,Tendou Alice,Blue Archive,common,1.02,1.27
17052,NS-16,010,SCR,Mika Misono,Blue Archive,common,1.02,1.27
17053,NS-16,011,SCR,Reed,Arknights,common,1.03,1.29
17054,NS-16,012,SCR,Momoko Suou,The Idolm@ster,common,1.00,1.25
17055,NS-16,013,SCR,Kyouko Sakura,Puella Magi Madoka Magica,common,1.00,1.25
17056,NS-16,014,SCR,Kotone Fujita,The Idolm@ster,common,1.00,1.25
17057,NS-16,015,SCR,Toru Asakura,The Idolm@ster,common,1.01,1.26
17058,NS-16,016,SCR,Luca Ikaruga,The Idolm@ster,common,1.03,1.29
17059,NS-16,017,SCR,Madoka Higuchi,The Idolm@ster,common,1.03,1.29
17060,NS-16,018,SCR,Eunie,Xenoblade,common,1.00,1.25
17061,NS-16,001,SR,Ran Mitake,BanG Dream!,common,1.04,0.10
17062,NS-16,002,SR,Tenochtitlan,Fate Series,common,1.02,0.10
17063,NS-16,003,SR,Marie Antoinette,Fate Series,common,1.00,0.10
17064,NS-16,004,SR,Merlin,Fate Series,common,1.01,0.10
17065,NS-16,005,SR,Rinne Ohara,Island,common,1.04,0.10
17066,NS-16,006,SR,Honoka Kousaka,Love Live!,common,1.03,0.10
17067,NS-16,007,SR,Rikka Takarada,SSSS.GRIDMAN,common,1.00,0.10
17068,NS-16,008,SR,Hatsune Miku,Vocaloid,common,1.04,0.10
17069,NS-16,009,SR,Sakuya Izayoi,Touhou Project,common,1.04,0.10
17070,NS-16,010,SR,Yui Kusano,Princess Connect Re:Dive,common,1.05,0.11
17071,NS-16,011,SR,Lachesis,Fire Emblem,common,1.00,0.10
17072,NS-16,012,SR,Vignette April Tsukinose,Gabriel DropOut,common,1.03,0.10
17073,NS-16,013,SR,Mirai Kuriyama,Beyond the Boundary,common,1.00,0.10
17074,NS-16,014,SR,Megumi Kato,Saekano: How to Raise a Boring Girlfriend,common,1.00,0.10
17075,NS-16,015,SR,Texas,Arknights,common,1.04,0.10
17076,NS-16,016,SR,Ann Takamaki,Persona,epic,4.43,0.44
17077,NS-16,017,SR,Kotoha Tanaka,The Idolm@ster,common,1.00,0.10
17078,NS-16,018,SR,Chiyo Shirayuki,The Idolm@ster,common,1.05,0.11
17079,NS-16,019,SR,Manticore,Arknights,common,1.05,0.11
17080,NS-16,020,SR,Tomimi,Arknights,common,1.02,0.10
17081,NS-16,021,SR,Frostleaf,Arknights,common,1.01,0.10
17082,NS-16,022,SR,Anastasia,The Idolm@ster,common,1.01,0.10
17083,NS-16,023,SR,Riamu Yumemi,The Idolm@ster,common,1.02,0.10
17084,NS-16,024,SR,Rin Shibuya,The Idolm@ster,common,1.05,0.11
17085,NS-16,025,SR,Rinze Morino,The Idolm@ster,common,1.01,0.10
17086,NS-16,026,SR,Fuyuko Mayuzumi,The Idolm@ster,common,1.01,0.10
17087,NS-16,027,SR,Natsuha Arisugawa,The Idolm@ster,common,1.03,0.10
17088,NS-16,028,SR,Makoto Kikuchi,The Idolm@ster,common,1.03,0.10
17089,NS-16,029,SR,Kiruya Momochi (Kyaru),Princess Connect Re:Dive,common,1.00,0.10
17090,NS-16,030,SR,Kokoro Natsume (Kokkoro),Princess Connect Re:Dive,common,1.04,0.10
17091,NS-16,031,SR,Suzuna Minami,Princess Connect Re:Dive,common,1.04,0.10
17092,NS-16,032,SR,Saren Sasaki,Princess Connect Re:Dive,common,1.05,0.11
17093,NS-16,033,SR,Yori Kazemiya,Princess Connect Re:Dive,common,1.04,0.10
17094,NS-16,034,SR,Makoto Aki,Princess Connect Re:Dive,common,1.00,0.10
17095,NS-16,035,SR,Yui Kusano,Princess Connect Re:Dive,common,1.05,0.11
17096,NS-16,036,SR,Maho Himemiya,Princess Connect Re:Dive,common,1.04,0.10
17097,NS-16,001,CR,Fuwa Kokone,Pretty Cure,common,1.04,0.26
17098,NS-16,002,CR,Elena Narahashi,"Alya, Who Sits Next to Me, Sometimes Whispers Sweet Nothings in Russian",common,1.01,0.25
17099,NS-16,003,CR,Ayano Kimishima,"Alya, Who Sits Next to Me, Sometimes Whispers Sweet Nothings in Russian",common,1.01,0.25
17100,NS-16,004,CR,Mitsuri Kanroji,Demon Slayer (Kimetsu no Yaiba),epic,4.39,1.10
17101,NS-16,005,CR,Tsubasa Nanase,Classroom of the Elite,rare,1.95,0.49
17102,NS-16,006,CR,Taiga Aisaka,Toradora,common,1.04,0.26
17103,NS-16,007,CR,Momoko Suou,The Idolm@ster,common,1.00,0.25
17104,NS-16,008,CR,Uzuki Shimamura,The Idolm@ster,common,1.05,0.26
17105,NS-16,009,CR,Rin Shibuya,The Idolm@ster,common,1.01,0.25
17106,NS-16,010,CR,Kaede Takagaki,The Idolm@ster,common,1.00,0.25
17107,NS-16,011,CR,Rinze Morino,The Idolm@ster,common,1.02,0.26
17108,NS-16,012,CR,Fukumaru Koito,The Idolm@ster,common,1.00,0.25
17109,NS-16,013,CR,Serizawa Asahi,The Idolm@ster,common,1.00,0.25
17110,NS-16,014,CR,Tsubasa Kisaragi,Aikatsu!,common,1.02,0.26
17111,NS-16,015,CR,Nice Nature,Uma Musume Pretty Derby,common,1.01,0.25
17112,NS-16,016,CR,Matikanefukukitaru,Uma Musume Pretty Derby,common,1.03,0.26
17113,NS-16,017,CR,Rhein Kraft,Uma Musume Pretty Derby,common,1.02,0.26
17114,NS-16,018,CR,Hikari Kagura,Revue Starlight,common,1.01,0.25
17115,NS-16,001,R,Katsushika Hokusai,Fate Series,common,1.03,0.01
17116,NS-16,002,R,Wu Zetian,Fate Series,common,1.05,0.01
17117,NS-16,003,R,Ruby Kurosawa,Love Live!,common,1.03,0.01
17118,NS-16,004,R,Rina Tennouji,Love Live!,common,1.05,0.01
17119,NS-16,005,R,Echidna,Re:Zero,epic,3.82,0.04
17120,NS-16,006,R,Beatrice,Re:Zero,epic,4.71,0.05
17121,NS-16,007,R,Hibiki,Kantai Collection,common,1.04,0.01
17122,NS-16,008,R,Shigure,Kantai Collection,common,1.05,0.01
17123,NS-16,009,R,Ruiko Saten,A Certain Magical Index (Toaru Kagaku no Railgun),common,1.01,0.01
17124,NS-16,010,R,Sophie Twilight,Ms. vampire who lives in my neighborhood,common,1.03,0.01
17125,NS-16,011,R,Louise,The Familiar of Zero,common,1.04,0.01
17126,NS-16,012,R,W,Arknights,common,1.04,0.01
17127,NS-16,013,R,Gummy,Arknights,common,1.05,0.01
17128,NS-16,014,R,Muelsyse,Arknights,common,1.05,0.01
17129,NS-16,015,R,Kyouko Sakura,Puella Magi Madoka Magica,common,1.05,0.01
17130,NS-16,016,R,Serika Hakozaki,The Idolm@ster,common,1.04,0.01
17131,NS-16,017,R,Riamu Yumemi,The Idolm@ster,common,1.04,0.01
17132,NS-16,018,R,Morikubo Nono,The Idolm@ster,common,1.03,0.01
17133,NS-02-M16,001,MSR,Hu Tao,Genshin Impact,common,1.04,6.24
17134,NS-02-M16,002,MSR,Satori Komeiji,Touhou Project,common,1.05,6.30
17135,NS-02-M16,003,MSR,Nina Iseri,Girls Band Cry,common,1.04,6.24
17136,NS-02-M16,004,MSR,Hitori Gotou,Bocchi the Rock!,common,1.00,6.00
17137,NS-02-M16,005,MSR,Stella,Honkai: Star Rail,common,1.02,6.12
17138,NS-02-M16,006,MSR,Ikuyo Kita,Bocchi the Rock!,common,1.03,6.18
17139,NS-02-M16,001,UR,Haruhi Suzumiya,The Melancholy of Haruhi Suzumiya,common,1.03,6.18
17140,NS-02-M16,002,UR,Lumine,Genshin Impact,common,1.02,6.12
17141,NS-02-M16,003,UR,Hu Tao,Genshin Impact,common,1.01,6.06
17142,NS-02-M16,004,UR,Chiyo Sakura,Monthly Girl's Nozaki-kun,common,1.02,6.12
17143,NS-02-M16,005,UR,Angelina,Arknights,common,1.01,6.06
17144,NS-02-M16,006,UR,Misato Kurihara,Didn't I Say to Make My Abilities Average in the Next Life?!,common,1.02,6.12
17145,NS-02-M16,001,PTR,Rio Futaba,Rascal Does Not Dream Of Bunny Girl Senpai,common,1.03,6.18
17146,NS-02-M16,002,PTR,Soyo Nagasaki,BanG Dream!,common,1.05,6.30
17147,NS-02-M16,003,PTR,Hong Meiling,Touhou Project,common,1.05,6.30
17148,NS-02-M16,004,PTR,Eru Chitanda,Hyouka,common,1.02,6.12
17149,NS-02-M16,005,PTR,Kugisaki Nobara,Jujutsu Kaisen,epic,4.46,26.76
17150,NS-02-M16,006,PTR,Kanade Tachibana,Angel Beats!,common,1.03,6.18
17151,NS-02-M16,007,PTR,Yuri Nakamura,Angel Beats!,common,1.05,6.30
17152,NS-02-M16,008,PTR,Mio Akiyama,K-On!,common,1.02,6.12
17153,NS-02-M16,009,PTR,Alisa Mikhailovna Kujou,"Alya, Who Sits Next to Me, Sometimes Whispers Sweet Nothings in Russian",common,1.02,6.12
17154,NS-02-M16,001,SER,Kurumi Tokisaki,Date A Live,common,1.04,5.20
17155,NS-02-M16,002,SER,Mayuri,Date A Live,common,1.00,5.00
17156,NS-02-M16,003,SER,Mukuro Hoshimiya,Date A Live,common,1.00,5.00
17157,NS-02-M16,004,SER,Tohka Yatogami,Date A Live,common,1.05,5.25
17158,NS-02-M16,005,SER,Miku Izayoi,Date A Live,common,1.01,5.05
17159,NS-02-M16,006,SER,Maria Arusu,Date A Live,common,1.04,5.20
17160,NS-02-M16,001,SSR,Baltimore,Azur Lane,common,1.01,2.53
17161,NS-02-M16,002,SSR,Biloxi,Azur Lane,common,1.04,2.60
17162,NS-02-M16,003,SSR,Bolzano,Azur Lane,common,1.00,2.50
17163,NS-02-M16,004,SSR,Dido,Azur Lane,common,1.00,2.50
17164,NS-02-M16,005,SSR,Neptune,Hyperdimension Neptunia,common,1.00,2.50
17165,NS-02-M16,006,SSR,Charybdis,Azur Lane,common,1.00,2.50
17166,NS-02-M16,007,SSR,Ikazuchi,Azur Lane,common,1.02,2.55
17167,NS-02-M16,008,SSR,Ayanami,Azur Lane,common,1.01,2.53
17168,NS-02-M16,009,SSR,Roma,Azur Lane,common,1.03,2.58
17169,NS-02-M16,010,SSR,Fortune,Azur Lane,common,1.01,2.53
17170,NS-02-M16,011,SSR,Chapayev,Azur Lane,common,1.04,2.60
17171,NS-02-M16,012,SSR,Jean Bart,Azur Lane,common,1.00,2.50
17172,NS-02-M16,013,SSR,Seydlitz,Azur Lane,common,1.03,2.58
17173,NS-02-M16,014,SSR,Sirius,Azur Lane,common,1.01,2.53
17174,NS-02-M16,015,SSR,Aquila,Azur Lane,common,1.01,2.53
17175,NS-02-M16,016,SSR,Eagle,Azur Lane,common,1.00,2.50
17176,NS-02-M16,017,SSR,Haruna,Azur Lane,common,1.01,2.53
17177,NS-02-M16,018,SSR,Monarch,Azur Lane,common,1.02,2.55
17178,NS-02-M16,019,SSR,Yukina Minato,BanG Dream!,common,1.02,2.55
17179,NS-02-M16,020,SSR,Aegir,Azur Lane,common,1.02,2.55
17180,NS-02-M16,021,SSR,Altina Orion,The Legend of Heroes: Trails of Cold Steel,common,1.00,2.50
17181,NS-02-M16,022,SSR,Jibril,No Game No Life,epic,3.55,8.88
17182,NS-02-M16,023,SSR,Ayla,,common,1.02,2.55
17183,NS-02-M16,024,SSR,Lucia,Punishing: Gray Raven,common,1.00,2.50
17184,NS-02-M16,025,SSR,Springfield,Girls' Frontline,common,1.02,2.55
17185,NS-02-M16,026,SSR,Haxxor Bunny Bronie,Honkai Impact,common,1.03,2.58
17186,NS-02-M16,027,SSR,Merlin,Fate Series,common,1.04,2.60
17187,NS-02-M16,001,SCR,UMP45,Girls' Frontline,common,1.03,1.29
17188,NS-02-M16,002,SCR,M4A1,Girls' Frontline,common,1.00,1.25
17189,NS-02-M16,003,SCR,Kaga,Azur Lane,common,1.02,1.27
17190,NS-02-M16,004,SCR,Dunkerque,Azur Lane,common,1.00,1.25
17191,NS-02-M16,005,SCR,Elbe,Azur Lane,common,1.03,1.29
17192,NS-02-M16,006,SCR,Honolulu,Azur Lane,common,1.05,1.31
17193,NS-02-M16,007,SCR,W,Arknights,common,1.01,1.26
17194,NS-02-M16,008,SCR,Amiya,Arknights,common,1.00,1.25
17195,NS-02-M16,009,SCR,Eula,Genshin Impact,common,1.02,1.27
17196,NS-02-M16,010,SCR,Rachel Gardner,Angels of Death,common,1.00,1.25
17197,NS-02-M16,011,SCR,Kiana Kaslana,Honkai Impact,common,1.03,1.29
17198,NS-02-M16,012,SCR,Beatrice,Re:Zero,epic,3.23,4.04
17199,NS-02-M16,013,SCR,Echidna,Re:Zero,epic,3.58,4.47
17200,NS-02-M16,014,SCR,Emilia,Re:Zero,epic,3.09,3.86
17201,NS-02-M16,015,SCR,Kanae Kochou,Demon Slayer (Kimetsu no Yaiba),epic,3.77,4.71
17202,NS-02-M16,016,SCR,Vigna,Arknights,common,1.05,1.31
17203,NS-02-M16,017,SCR,Tomoyo Daidouji,Cardcaptor Sakura,common,1.01,1.26
17204,NS-02-M16,018,SCR,Cirno,Touhou Project,common,1.01,1.26
17205,NS-02-M16,001,SR,Mostima,Arknights,common,1.03,0.10
17206,NS-02-M16,002,SR,Surtr,Arknights,common,1.02,0.10
17207,NS-02-M16,003,SR,Haruka Amami,The Idolm@ster,common,1.01,0.10
17208,NS-02-M16,004,SR,Vignette April Tsukinose,Gabriel DropOut,common,1.01,0.10
17209,NS-02-M16,005,SR,Gabriel Tenma White,Gabriel DropOut,common,1.05,0.11
17210,NS-02-M16,006,SR,Zero Two,Darling in the Franxx,epic,4.45,0.45
17211,NS-02-M16,007,SR,Inori Yuzuriha,Guilty Crown,common,1.02,0.10
17212,NS-02-M16,008,SR,Ruri Gokou,OreImo,common,1.04,0.10
17213,NS-02-M16,009,SR,Yukiho Hagiwara,The Idolm@ster,common,1.00,0.10
17214,NS-02-M16,010,SR,Hiyoribou,Onmyoji,common,1.02,0.10
17215,NS-02-M16,011,SR,Suzuka Gozen,Fate Series,common,1.01,0.10
17216,NS-02-M16,012,SR,Kagura,Onmyoji,common,1.00,0.10
17217,NS-02-M16,013,SR,Shiranui,Onmyoji,common,1.05,0.11
17218,NS-02-M16,014,SR,Theresa Apocalypse,Honkai Impact,common,1.00,0.10
17219,NS-02-M16,015,SR,Yae Sakura,Honkai Impact,common,1.05,0.11
17220,NS-02-M16,016,SR,Herrscher of Sentience,Honkai Impact,common,1.00,0.10
17221,NS-02-M16,017,SR,Herrscher of Reason,Honkai Impact,common,1.00,0.10
17222,NS-02-M16,018,SR,Raiden Mei,Honkai Impact,common,1.02,0.10
17223,NS-02-M16,001,CR,Yayoi Takatsuki,The Idolm@ster,common,1.03,0.26
17224,NS-02-M16,002,CR,Tsumugi Kotobuki,K-On!,common,1.01,0.25
17225,NS-02-M16,003,CR,Ritsu Tainaka,K-On!,common,1.00,0.25
17226,NS-02-M16,004,CR,Azusa Nakano,K-On!,common,1.05,0.26
17227,NS-02-M16,005,CR,Noa Himesaka,WATATEN!: An Angel Flow Down to Me,common,1.03,0.26
17228,NS-02-M16,006,CR,Hana Shirosaki,WATATEN!: An Angel Flow Down to Me,common,1.05,0.26
17229,NS-02-M16,007,CR,Ginko Sora,The Ryuo's Work is Never Done,common,1.05,0.26
17230,NS-02-M16,008,CR,Ai Hinatsuru,The Ryuo's Work is Never Done,common,1.05,0.26
17231,NS-02-M16,009,CR,Utaha Kasumigaoka,Saekano: How to Raise a Boring Girlfriend,common,1.04,0.26
17232,NS-02-M16,010,CR,Ristarte,The Hero is Overpowered but Overly Cautious,epic,4.95,1.24
17233,NS-02-M16,011,CR,Kikyou Kushida,Classroom of the Elite,rare,1.91,0.48
17234,NS-02-M16,012,CR,Kei Karuizawa,Classroom of the Elite,rare,1.58,0.40
17235,NS-02-M16,013,CR,Anko Kitashirakawa,Tamako Market,common,1.04,0.26
17236,NS-02-M16,014,CR,Shokuhou Misaki,A Certain Magical Index (Toaru Kagaku no Railgun),common,1.01,0.25
17237,NS-02-M16,015,CR,Mitsuha Miyamizu,Your Name,common,1.03,0.26
17238,NS-02-M16,016,CR,Shinka Nibutani,"Love, Chunibyo & Other Delusions!",common,1.05,0.26
17239,NS-02-M16,017,CR,Satone Shichimiya,"Love, Chunibyo & Other Delusions!",common,1.02,0.26
17240,NS-02-M16,018,CR,Aoandon,Onmyoji,common,1.01,0.25
17241,NS-02-M16,001,R,Amiya,Arknights,common,1.00,0.01
17242,NS-02-M16,002,R,Blaze,Arknights,common,1.04,0.01
17243,NS-02-M16,003,R,Magallan,Arknights,common,1.01,0.01
17244,NS-02-M16,004,R,Ceobe,Arknights,common,1.04,0.01
17245,NS-02-M16,005,R,Chiyo Shirayuki,The Idolm@ster,common,1.03,0.01
17246,NS-02-M16,006,R,Madoka Higuchi,The Idolm@ster,common,1.01,0.01
17247,NS-02-M16,007,R,Amber,Genshin Impact,common,1.00,0.01
17248,NS-02-M16,008,R,Fischl,Genshin Impact,common,1.02,0.01
17249,NS-02-M16,009,R,Rosaria,Genshin Impact,common,1.03,0.01
17250,NS-02-M16,010,R,Noelle,Genshin Impact,common,1.04,0.01
17251,NS-02-M16,011,R,Eula,Genshin Impact,common,1.04,0.01
17252,NS-02-M16,012,R,Mona,Genshin Impact,common,1.00,0.01
17253,NS-02-M16,013,R,Yanfei,Genshin Impact,common,1.00,0.01
17254,NS-02-M16,014,R,Kamisato Ayaka,Genshin Impact,common,1.03,0.01
17255,NS-02-M16,015,R,Sayu,Genshin Impact,common,1.02,0.01
17256,NS-02-M16,016,R,Shiori Kashiwazaki,Princess Connect Re:Dive,common,1.05,0.01
17257,NS-02-M16,017,R,Ran Mitake,BanG Dream!,common,1.02,0.01
17258,NS-02-M16,018,R,Aya Maruyama,BanG Dream!,common,1.01,0.01
17259,NS-02-M16,001,PR,Ai Hayasaka,Kaguya-sama: Love is War,epic,3.94,47.28
17260,NS-02-M16,002,PR,Kokoro Natsume (Kokkoro),Princess Connect Re:Dive,common,1.03,12.36
17261,NS-02-M16,003,PR,Kiruya Momochi (Kyaru),Princess Connect Re:Dive,common,1.04,12.48
17262,NS-02-M16,004,PR,Artoria Pendragon (Saber) Alter,Fate Series,common,1.02,12.24
17263,NS-02-M16,005,PR,Rin Tohsaka,Fate Series,common,1.01,12.12
17264,NS-02-M16,006,PR,Sakura Matou,Fate Series,common,1.04,12.48
17265,NS-02-M16,007,PR,Sakuya Izayoi,Touhou Project,common,1.00,12.00
17266,NS-02-M16,008,PR,Maika Sakuranomiya,Blend S,common,1.03,12.36
17267,NS-02-M16,009,PR,Minato Aqua,Hololive,common,1.00,12.00
17268,NS-02-M16,010,PR,Kokoro Natsume (Kokkoro),Princess Connect Re:Dive,common,1.01,12.12
17269,NS-02-M16,011,PR,Kei Shirogane,Kaguya-sama: Love is War,epic,3.77,45.24
17270,NS-02-M16,012,PR,Yukina Minato,BanG Dream!,common,1.05,12.60
17271,NS-02-M16,013,PR,Yukino Yukinoshita,My Youth Romantic Comedy Is Wrong As I Expected,common,1.05,12.60
17272,NS-02-M16,014,PR,Gold Ship,Uma Musume Pretty Derby,common,1.01,12.12
17273,NS-02-M16,015,PR,Amiya,Arknights,common,1.02,12.24
17274,NS-02-M16,016,PR,Laffey,Azur Lane,common,1.02,12.24
17275,NS-02-M16,017,PR,Satono Diamond,Uma Musume Pretty Derby,common,1.05,12.60
17276,NS-02-M16,018,PR,Chocola,Nekopara,common,1.03,12.36
17277,NS-02-M01,001,PR,Akane Shinjo,SSSS.GRIDMAN,common,1.04,12.48
17278,NS-02-M01,002,PR,Shiki Ichinose,The Idolm@ster,common,1.05,12.60
17279,NS-02-M01,003,PR,Kurumi Tokisaki,Date A Live,common,1.05,12.60
17280,NS-02-M01,004,PR,Hatsune Miku,Vocaloid,common,1.01,12.12
17281,NS-02-M01,005,PR,Tsumiki Mikan,Danganronpa,common,1.05,12.60
17282,NS-02-M01,006,PR,Erina Nakiri,Food Wars! Shokugeki no Soma,common,1.04,12.48
17283,NS-02-M01,007,PR,Yoshiko Tsushima,Love Live!,common,1.04,12.48
17284,NS-02-M01,008,PR,Mumei,Kabaneri of the Iron Fortress,epic,4.06,48.72
17285,NS-02-M01,009,PR,Emilia,Re:Zero,epic,3.74,44.88
17286,NS-02-M01,010,PR,Theresia,Rage of Bahamut,common,1.01,12.12
17287,NS-02-M01,011,PR,Chino Kafuu,Is the Order a Rabbit?,common,1.03,12.36
17288,NS-02-M01,012,PR,Inori Yuzuriha,Guilty Crown,common,1.04,12.48
17289,NS-02-M01,013,PR,Miku Nakano,The Quintessential Quintuplets,common,1.02,12.24
17290,NS-02-M01,014,PR,Minato Aqua,Hololive,common,1.00,12.00
17291,NS-02-M01,015,PR,Mashu Kyrielight,Fate Series,common,1.05,12.60
17292,NS-02-M01,016,PR,Noshiro,Azur Lane,common,1.00,12.00
17293,NS-02-M01,017,PR,Sakura Matou,Fate Series,common,1.01,12.12
17294,NS-02-M01,018,PR,Ch'en,Arknights,common,1.01,12.12
17310,NS-05-M01,001,PR,Aki Toyosaki,Voice Actor (Seiyu),common,1.03,12.36
17311,NS-05-M01,002,PR,Sakura Miyawaki,Voice Actor (Seiyu),common,1.04,12.48
17312,NS-05-M01,003,PR,Keiko Kitagawa,Voice Actor (Seiyu),common,1.04,12.48
17313,NS-05-M01,004,PR,Rie Kugimiya,Voice Actor (Seiyu),common,1.03,12.36
17314,NS-05-M01,005,PR,Mayu Watanabe,Voice Actor (Seiyu),common,1.05,12.60
17315,NS-05-M01,006,PR,Minami Takahashi,Voice Actor (Seiyu),common,1.04,12.48
17316,NS-05-M01,007,PR,Akari Kitou,Voice Actor (Seiyu),common,1.02,12.24
17317,NS-05-M01,008,PR,Haruka Tomatsu,Voice Actor (Seiyu),common,1.04,12.48
17318,NS-05-M01,009,PR,Kana Hanazawa,Voice Actor (Seiyu),common,1.00,12.00
17319,NS-05-M01,010,PR,Mamiko Noto,Voice Actor (Seiyu),common,1.00,12.00
17320,NS-05-M01,011,PR,Maki Horikita,Voice Actor (Seiyu),common,1.03,12.36
17321,NS-05-M01,012,PR,Haruka Ayase,Voice Actor (Seiyu),common,1.03,12.36
17322,NS-05-M01,013,PR,Ai Kayano,Voice Actor (Seiyu),common,1.03,12.36
17323,NS-05-M01,014,PR,Aya Hirano,Voice Actor (Seiyu),common,1.03,12.36
17324,NS-05-M01,015,PR,Nanjo Yoshino,Voice Actor (Seiyu),common,1.04,12.48
17325,NS-05-M01,016,PR,Maaya Uchida,Voice Actor (Seiyu),common,1.04,12.48
17326,NS-05-M01,017,PR,Kanna Hashimoto,Voice Actor (Seiyu),common,1.01,12.12
17327,NS-05-M01,018,PR,Eri Kitamura,Voice Actor (Seiyu),common,1.04,12.48
17328,NS-05-M01,019,PR,Satomi Ishihara,Voice Actor (Seiyu),common,1.03,12.36
17329,NS-05-M01,020,PR,Inori Minase,Voice Actor (Seiyu),common,1.04,12.48
17330,NS-05-M01,021,PR,Nana Mizuki,Voice Actor (Seiyu),common,1.05,12.60
17331,NS-05-M01,022,PR,Mirei Kiritani,Voice Actor (Seiyu),common,1.03,12.36
17332,NS-05-M01,023,PR,Yui Ogura,Voice Actor (Seiyu),common,1.04,12.48
17333,NS-05-M01,024,PR,Nana Komatsu,Voice Actor (Seiyu),common,1.05,12.60
17334,NS-05-M01,025,PR,Yuko Araki,Voice Actor (Seiyu),common,1.02,12.24
17335,NS-05-M01,026,PR,Yui Aragaki,Voice Actor (Seiyu),common,1.03,12.36
17336,NS-05-M01,027,PR,Mei Nagano,Voice Actor (Seiyu),common,1.02,12.24
17337,NS-05-M01,028,PR,Kasumi Arimura,Voice Actor (Seiyu),common,1.02,12.24
17338,NS-05-M01,029,PR,Hikaru Utada,Voice Actor (Seiyu),common,1.01,12.12
17339,NS-05-M01,030,PR,Nami Tamaki,Voice Actor (Seiyu),common,1.04,12.48
17340,NS-05-M01,031,PR,Asuka Saito,Voice Actor (Seiyu),common,1.05,12.60
17341,NS-05-M01,032,PR,Rino Sashihara,Voice Actor (Seiyu),common,1.00,12.00
17342,NS-05-M01,033,PR,Shoko Nakagawa,Voice Actor (Seiyu),common,1.05,12.60
17343,NS-05-M01,034,PR,Aoi Yuki,Voice Actor (Seiyu),common,1.02,12.24
17344,NS-05-M01,035,PR,Sora Amamiya,Voice Actor (Seiyu),common,1.03,12.36
17345,NS-05-M01,036,PR,Ayane Sakura,Voice Actor (Seiyu),common,1.00,12.00
26488,NNS-01,001,SGR,Nezuko Kamado,Demon Slayer (Kimetsu no Yaiba),epic,3.51,263.25
26489,NNS-01,002,SGR,Shinobu Kochou,Demon Slayer (Kimetsu no Yaiba),epic,3.14,235.50
26490,NNS-01,003,SGR,Hatsune Miku,Vocaloid,common,1.02,76.50
26492,NNS-01,005,GR,Sakura Kinomoto,Cardcaptor Sakura,common,1.00,8.00
26493,NNS-01,006,GR,Asuna Yuuki,Sword Art Online,legendary,14.07,112.56
26494,NNS-01,007,GR,Ram,Re:Zero,epic,3.17,25.36
26496,NNS-01,001,SFR+,Anya Forger,Spy X Family,rare,1.50,112.50
26497,NNS-01,002,SFR+,Anya Forger,Spy X Family,rare,1.54,115.50
26498,NNS-01,003,SFR+,Anya Forger,Spy X Family,rare,1.74,130.50
26499,NNS-01,004,SFR+,Anya Forger,Spy X Family,rare,1.94,145.50
26500,NNS-01,005,SFR+,Anya Forger,Spy X Family,rare,1.67,125.25
26501,NNS-01,006,SFR+,Anya Forger,Spy X Family,rare,1.66,124.50
26502,NNS-01,001,SFR-,Anya Forger,Spy X Family,rare,1.76,88.00
26503,NNS-01,002,SFR-,Anya Forger,Spy X Family,rare,1.69,84.50
26504,NNS-01,003,SFR-,Anya Forger,Spy X Family,rare,1.78,89.00
26505,NNS-01,004,SFR-,Anya Forger,Spy X Family,rare,1.73,86.50
26506,NNS-01,005,SFR-,Anya Forger,Spy X Family,rare,1.56,78.00
26507,NNS-01,006,SFR-,Anya Forger,Spy X Family,rare,1.87,93.50
26508,NNS-01,001,SSP,Zero Two,Darling in the Franxx,epic,4.00,140.00
26509,NNS-01,002,SSP,Ichigo,Darling in the Franxx,epic,4.29,150.15
26510,NNS-01,003,SSP,Miku,Darling in the Franxx,epic,4.53,158.55
26511,NNS-01,004,SSP,Kokoro,Darling in the Franxx,epic,3.66,128.10
26512,NNS-01,005,SSP,Ikuno,Darling in the Franxx,epic,3.47,121.45
26513,NNS-01,006,SSP,Reimu Hakurei,Touhou Project,common,1.02,35.70
26514,NNS-01,007,SSP,Marisa Kirisame,Touhou Project,common,1.04,36.40
26515,NNS-01,008,SSP,Sanae Kochiya,Touhou Project,common,1.05,36.75
26516,NNS-01,009,SSP,Cirno,Touhou Project,common,1.03,36.05
26517,NNS-01,001,UTR/149,Ichika Nakano,The Quintessential Quintuplets,common,1.05,78.75
26518,NNS-01,002,UTR/149,Nino Nakano,The Quintessential Quintuplets,common,1.01,75.75
26519,NNS-01,003,UTR/149,Miku Nakano,The Quintessential Quintuplets,common,1.00,75.00
26520,NNS-01,004,UTR/149,Yotsuba Nakano,The Quintessential Quintuplets,common,1.00,75.00
26521,NNS-01,005,UTR/149,Itsuki Nakano,The Quintessential Quintuplets,common,1.00,75.00
26522,NNS-01,006,UTR/149,Kanae Kochou,Demon Slayer (Kimetsu no Yaiba),epic,4.84,363.00
26523,NNS-01,007,UTR/149,Shinobu Kochou,Demon Slayer (Kimetsu no Yaiba),epic,3.95,296.25
26524,NNS-01,008,UTR/149,Kanao Tsuyuri,Demon Slayer (Kimetsu no Yaiba),epic,3.60,270.00
26525,NNS-01,009,UTR/149,Kanzaki Aoi,Demon Slayer (Kimetsu no Yaiba),epic,4.39,329.25
26526,NNS-01,001,MR/199,Makima,Chainsaw Man,epic,3.42,256.50
26527,NNS-01,002,MR/199,Marin Kitagawa,My Dress-Up Darling,epic,4.02,301.50
26528,NNS-01,003,MR/199,Anya Forger,Spy X Family,rare,1.94,145.50
26529,NNS-01,004,MR/199,Nezuko Kamado,Demon Slayer (Kimetsu no Yaiba),epic,4.22,316.50
26530,NNS-01,005,MR/199,Kugisaki Nobara,Jujutsu Kaisen,epic,3.24,243.00
26531,NNS-01,006,MR/199,Tatsumaki,One Punch Man,epic,4.74,355.50
26532,NNS-01,007,MR/199,Tohru,Miss Kobayashi's Dragon Maid,epic,3.63,272.25
26533,NNS-01,008,MR/199,Mikasa Ackerman,Attack on Titan,epic,3.16,237.00
26534,NNS-01,009,MR/199,Boa Hancock,One Piece,epic,4.26,319.50
